NODE	SCORE
P45985	0.00115
Q14315	0.00135
P35609	0.00165
Q86TC9	0.00121
P49354	0.00085
Q04771	0.00111
P23769	0.00137
P29590	0.00103
P15927	0.00122
P40763	0.00265
P84077	0.00128
Q9NZ52	0.00105
P53365	0.00207
P61204	0.00115
P53367	0.01660
P04075	0.00105
Q8IZH2	0.00741
P05067	0.00345
Q92624	0.00101
O75553	0.00159
P51693	0.00084
P05549	0.00104
Q99967	0.00105
Q09472	0.00109
P04114	0.00077
P55157	0.00106
P32121	0.00106
Q12967	0.00090
P07333	0.00081
P62993	0.00118
P48634	0.00153
O15116	0.00246
O43776	0.00063
P02730	0.00066
Q9BWU0	0.00145
P20749	0.00143
Q99728	0.00131
O14908	0.00128
P08588	0.00125
P18846	0.00102
P38398	0.00248
P43246	0.00107
P52701	0.00112
O00192	0.00106
P55291	0.00056
P61457	0.00128
Q13936	0.00815
P07384	0.00142
P49810	0.00168
P20807	0.00175
Q8WZ42	0.00153
P35219	0.00104
Q14643	0.00091
P35222	0.00329
Q96QZ7	0.00206
P06400	0.00113
Q13948	0.00103
P38936	0.00145
Q99816	0.00203
P49736	0.00125
Q13415	0.00107
O43929	0.00091
P33992	0.00112
O00311	0.00131
Q13416	0.00102
Q9UBU7	0.00097
O43823	0.00153
P27694	0.00116
P35244	0.00118
O43913	0.00118
P25205	0.00115
P30304	0.00139
P63104	0.00242
P60953	0.00217
Q8NF50	0.00112
Q15642	0.00153
P24941	0.00127
Q16667	0.00085
P28749	0.00112
Q99708	0.00104
P07199	0.00100
P61296	0.00179
O14964	0.00491
Q00610	0.00127
P02452	0.00767
P17936	0.00085
P10599	0.00135
P15336	0.00096
P84022	0.00111
Q13485	0.00100
P30281	0.00149
Q9UBQ5	0.01330
P14635	0.00574
Q15311	0.00542
P23284	0.00112
P49069	0.00071
P06213	0.00373
P41240	0.00110
P08069	0.00099
P00533	0.00100
P07585	0.00075
P27540	0.00076
Q14190	0.00200
P81133	0.00148
Q8IUM7	0.00274
Q05516	0.00169
Q99075	0.00114
P12004	0.00098
P24522	0.00120
Q02880	0.00096
Q92547	0.00128
P21333	0.00126
P35462	0.00051
P62304	0.00207
P62310	0.00159
Q9Y4Z0	0.00182
Q9Y4Y9	0.00195
P18146	0.00095
Q92793	0.00225
P11171	0.00159
Q14980	0.01038
P68104	0.00115
Q9NPD3	0.00160
P19174	0.00101
P29692	0.00468
Q86UP2	0.00164
P08758	0.00126
P35968	0.00085
P03372	0.00156
Q86YN6	0.00120
P51532	0.00100
Q8TDD1	0.00087
Q5QJE6	0.00111
P11362	0.00290
P14324	0.00147
P01137	0.00095
P25445	0.00682
P63165	0.00098
P02792	0.00430
Q9NZW5	0.00091
P02671	0.00161
P05556	0.00841
O43559	0.00143
O95166	0.00507
P18507	0.00094
P04150	0.00322
P31947	0.00338
O43294	0.00101
O95905	0.00208
O60825	0.00294
P35557	0.00242
P11021	0.00192
Q9BZG8	0.00155
P11168	0.00080
P52292	0.00143
P14672	0.00115
Q9UER7	0.00369
O00560	0.00433
Q13002	0.00110
Q9NRD5	0.00381
P39086	0.00133
O60563	0.00131
P28799	0.00112
P19086	0.00144
P49795	0.00091
P09471	0.00092
P04899	0.00085
P08754	0.00120
P63279	0.00115
Q03933	0.00186
P53667	0.01132
Q02297	0.00113
P21781	0.00082
P98160	0.00091
Q9UI95	0.00365
O15460	0.00254
P46092	0.00063
Q07021	0.00102
P60228	0.00128
Q14697	0.00087
P09651	0.00426
P25788	0.00130
P52272	0.00141
Q9NTJ4	0.00097
Q9UNL2	0.00149
Q9UHI6	0.00110
Q14157	0.00137
Q16891	0.00427
Q10570	0.00159
P55345	0.00153
P47897	0.00569
Q13099	0.02226
P46379	0.00103
P42858	0.00213
Q9BYW2	0.00136
P54257	0.00770
Q8IUH5	0.00554
Q9NX55	0.00148
P27348	0.00298
Q14814	0.00101
P15923	0.00101
Q02535	0.00195
P35568	0.00111
P62258	0.00289
O15524	0.00083
Q05397	0.00499
P45983	0.00100
P01583	0.00083
Q99608	0.00202
O14744	0.00682
O60674	0.00079
P05787	0.00218
Q13895	0.00427
P05783	0.01396
P22681	0.00106
O75190	0.00816
P02545	0.00116
P20700	0.00545
P36956	0.00087
Q9UHQ1	0.00092
P11274	0.00493
P55196	0.00768
P10415	0.00081
Q7Z465	0.00082
Q12982	0.00066
Q16637	0.00141
Q13625	0.01503
Q9NQC3	0.00073
Q14457	0.00414
P12980	0.00130
P19838	0.00116
P08575	0.00056
Q86WV1	0.00195
P09917	0.00133
Q14019	0.00073
P12956	0.00097
P15498	0.00101
Q15080	0.00077
P13010	0.00081
P49959	0.00115
Q8N2W9	0.00114
Q9UJU2	0.00090
O75030	0.00102
P28300	0.00096
Q86SQ9	0.00074
P67809	0.00119
Q13242	0.01070
P32245	0.00057
Q5VV63	0.00117
Q6VMQ6	0.00823
Q9UIS9	0.00094
Q13111	0.00105
Q9Y6X2	0.00124
Q9HBE1	0.00157
P39687	0.00124
P46821	0.00140
P33993	0.00560
Q9UBD5	0.00125
Q14192	0.00510
P48745	0.00166
P62875	0.00110
Q03164	0.00598
Q9UNP9	0.01081
O75807	0.00100
P47736	0.01878
Q15223	0.00116
P07737	0.00089
P20929	0.00127
P08138	0.00089
P22694	0.00165
P25929	0.00060
Q9UK45	0.00123
P37840	0.00136
Q9Y6H5	0.00134
Q9H4G0	0.00115
P41279	0.00121
P01100	0.00125
Q04206	0.00122
Q96BH1	0.00093
Q8WUF5	0.00143
P39748	0.00103
P46087	0.00098
Q96EZ8	0.00232
P14921	0.00092
P31751	0.00168
Q9UKG1	0.00391
P15036	0.00073
Q15131	0.00120
Q14247	0.00110
Q9UPX8	0.01199
O43516	0.00126
P12755	0.00204
Q13573	0.00347
P01111	0.00236
P52306	0.00930
P08581	0.00086
Q92990	0.00101
P55316	0.00086
Q9UGL1	0.00204
Q15910	0.00133
P60510	0.00106
Q04864	0.00456
P17948	0.00096
P29353	0.00098
P41143	0.00096
Q5JY77	0.01701
O00159	0.00120
O43924	0.00184
P62745	0.00286
P61586	0.00256
Q02548	0.00155
Q04727	0.00174
P55771	0.00109
O60229	0.00208
P19021	0.00117
Q07869	0.00117
Q96F24	0.00161
P42336	0.00154
Q92569	0.00148
P02647	0.00086
P54750	0.00090
O95777	0.00129
P52209	0.00085
P16109	0.00047
Q15036	0.00087
P98161	1.00089
Q13563	0.01373
P48995	0.00202
P22459	0.00109
Q12959	0.00189
P35080	0.01075
Q9Y613	0.00194
O60921	0.00075
P23467	0.00085
Q5TCQ9	0.00216
P10644	0.01047
P31321	0.00690
Q92667	0.00800
P16591	0.00169
P82094	0.00169
P28482	0.00122
P51955	0.02251
P63244	0.00107
Q5JVS0	0.00106
Q92636	0.00090
P10275	0.00240
P05107	0.00100
O15530	0.00121
Q05513	0.00149
Q8IX03	0.00148
O75444	0.00082
P84095	0.00099
Q99819	0.00152
P20338	0.00116
Q9Y5K6	0.00173
P20339	0.00114
Q15276	0.00223
P61020	0.00136
Q8TB24	0.00140
P62834	0.00143
O00522	0.00091
O15211	0.00101
P61224	0.00161
P61225	0.00097
P11233	0.00111
Q8IYI6	0.00253
P51587	0.00181
Q06609	0.00082
Q96B01	0.00167
Q14565	0.00110
O60381	0.00118
Q12931	0.00107
Q9NY61	0.00118
Q96FV9	0.01609
Q08999	0.00146
P19793	0.00104
Q9H0E9	0.00169
P16157	0.00105
Q02094	0.00040
P25791	0.00608
P29375	0.00110
P17542	0.00120
P62851	0.00109
Q9HAU5	0.00118
P05386	0.00093
P05387	0.00080
Q13795	0.00199
Q15438	0.01966
O95985	0.00220
P14678	0.00180
P48764	0.00111
Q5T2W1	0.00188
Q14916	0.00111
Q5VST9	0.00132
P48436	0.00095
Q13285	0.00118
P48552	0.00582
P10909	0.00423
P37173	0.00108
O14795	0.03180
Q16623	0.00115
O15304	0.00090
P26842	0.00073
P36897	0.00105
P62942	0.00090
P25490	0.00116
P26885	0.00074
Q9Y6D6	0.00148
Q86XI2	0.00148
Q13402	0.00178
O43572	0.00129
O15273	0.00134
O00213	0.00130
Q12800	0.00123
P25208	0.00070
Q03701	0.00097
P37275	0.01274
Q14919	0.00134
Q92993	0.00434
Q01094	0.00094
P00519	0.00264
Q13315	0.00111
P04629	0.00130
P01112	0.00348
P07332	0.00116
Q96JZ2	0.00101
P01116	0.00239
P12931	0.00211
P29323	0.00131
P13805	0.00210
P63316	0.00100
P21580	0.00405
Q86VP1	0.00155
P04637	0.00169
Q9NZC7	0.00184
Q9UNH5	0.00304
P19438	0.00105
Q13200	0.00380
P98077	0.00083
Q16832	0.00094
O60716	0.00100
P12830	0.00122
Q75N03	0.00130
O00499	0.00110
P56199	0.00105
O75530	0.00108
P13612	0.00106
P15976	0.00138
Q01543	0.00171
P40337	0.00129
P61758	0.00149
Q6IE81	0.02139
P18887	0.00094
P49916	0.00096
Q96T60	0.00800
P17028	0.00106
Q15697	0.00081
P21506	0.00183
Q13263	0.00101
O15164	0.00114
O15553	0.00145
Q9UP83	0.00285
Q9HBM0	0.00070
P23025	0.00177
Q13156	0.00068
P54725	0.00135
Q01831	0.00087
Q8IY22	0.00331
O75962	0.00228
P41180	0.00052
P51610	0.00114
Q06546	0.00103
P50052	0.00060
Q9ULD2	0.00300
P51784	0.00525
Q96S59	0.00119
P23246	0.00135
Q15233	0.00133
P41743	0.00175
P51813	0.00173
Q16825	0.00182
Q12816	0.00121
Q99966	0.00083
Q08043	0.00199
O14936	0.00208
Q16650	0.00113
P41134	0.00181
P98164	0.00077
Q92796	0.00200
Q15303	0.00098
P62166	0.00134
Q9NZN1	0.00062
O15085	0.00234
Q9ULL4	0.00067
Q6ZN44	0.00056
Q9Y5V3	0.00405
P42704	0.00101
Q9UBK9	0.00172
O43463	0.00136
P45973	0.00107
Q05086	0.00156
Q9UHD9	0.00104
P51151	0.00102
Q7Z6M1	0.00337
O95600	0.00083
P56545	0.00132
Q6DKK2	0.00151
Q9BZI7	0.00191
O14980	0.00108
Q9H4D5	0.00170
Q99741	0.00112
Q9Y5P8	0.00143
O60220	0.00127
Q92783	0.00129
Q96B97	0.00139
Q99963	0.00180
P11532	0.00178
Q9Y4J8	0.00227
P42768	0.00097
O43307	0.00221
Q9NQX3	0.00190
O60828	0.00215
P83876	0.00187
Q9Y2W2	0.00104
Q8WW38	0.00100
O14832	0.00197
P00451	0.00097
O60880	0.00090
Q13291	0.00083
Q06787	0.00313
P51114	0.00479
Q9UHK0	0.00121
P26038	0.00101
Q92574	0.00229
P00966	0.00143
P10398	0.00119
P36507	0.00294
Q9UNS2	0.00086
P09884	0.00091
P29558	0.00164
Q92834	0.02254
Q96KN7	0.01706
O75970	0.00208
P28335	0.00100
O43747	0.00124
P08247	0.00098
P17480	0.00104
P21675	0.00778
P62826	0.00391
P49116	0.00116
Q9Y6Q9	0.00080
P78317	0.00113
Q13772	0.00129
Q9NQU5	0.00143
Q96PM5	0.00098
O75928	0.00144
O14599	0.00065
Q01101	0.00336
Q9BX66	0.01279
Q8IY57	0.00783
Q13185	0.00111
Q14739	0.00119
Q07866	0.01083
Q9UPT6	0.00133
Q13425	0.00897
Q07817	0.00107
Q9NQS1	0.00069
Q12983	0.00051
Q16799	0.00099
Q07812	0.00076
Q16548	0.00158
O95477	0.00114
Q13158	0.00153
Q9H9E1	0.00124
Q9P2M1	0.00233
P98082	0.00104
Q15700	0.00210
P20226	0.00103
Q15543	0.00163
O43586	0.00175
Q05209	0.00079
P49023	0.00102
Q9NNX1	0.00264
Q9UBB9	0.00748
Q08499	0.00158
Q5VU43	0.00599
P41235	0.00084
Q16236	0.00115
Q13569	0.00076
O43918	0.00382
Q10567	0.00231
Q8N726	0.00367
Q96SB3	0.00866
O95411	0.00084
P52333	0.00075
P42229	0.00089
P46777	0.00092
P63241	0.00113
Q08117	0.00435
Q9Y3E5	0.00118
Q04724	0.00087
Q96HZ4	0.00132
Q9Y261	0.00044
P40189	0.00061
O14640	0.00859
Q12929	0.00899
P49454	0.00218
P54198	0.00093
Q92900	0.00748
Q9UMS0	0.00175
Q12923	0.00223
Q16513	0.00123
Q14574	0.00081
Q99569	0.00126
P38432	0.00152
P54253	0.00138
P40855	0.00106
Q9Y5Y5	0.00055
P53384	0.00066
Q15649	0.00110
P41250	0.00101
P41252	0.00089
O43464	0.00204
Q16539	0.00131
Q9Y6W6	0.00125
Q15154	0.03126
Q96RK4	0.01611
P56945	0.00421
Q13905	0.00099
P28074	0.00173
P31151	0.00249
Q13045	0.00185
Q9BWF2	0.00142
P33240	0.00128
P53999	0.00128
Q05048	0.00082
O43543	0.00060
O75771	0.00171
O60682	0.00116
Q02363	0.00168
Q99081	0.00727
P15884	0.00156
O00623	0.00044
P50542	0.00126
Q92968	0.00096
P62330	0.00122
P52298	0.00773
Q09161	0.00657
Q6P1K2	0.00198
Q9NZJ5	0.00056
P38935	0.00111
P48050	0.00113
P78352	0.00203
P16333	0.00114
P54762	0.00103
Q8N4C8	0.00160
O00629	0.00113
P46063	0.00106
P46937	0.00120
O75925	0.00094
P42224	0.00106
P49137	0.01086
P63252	0.00104
Q96CW1	0.00153
Q9HBG7	0.00053
Q13009	0.00636
P14866	0.00112
P26599	0.00108
P80217	0.00135
Q13287	0.00162
Q9Y2W7	0.00101
Q15361	0.00098
Q6NZI2	0.00150
P46527	0.00123
Q9UKX7	0.00823
Q13873	0.00106
Q96F07	0.00197
O15357	0.00104
Q96T58	0.00142
Q9Y618	0.00101
P49918	0.00106
Q16739	0.00068
P50454	0.00106
Q9NRR5	0.00142
Q13562	0.00182
Q14203	0.00874
P53618	0.00148
Q9Y678	0.00091
Q9UBF2	0.00094
Q9UM54	0.00110
Q9NPI6	0.00137
P56270	0.00125
Q12830	0.00122
Q07157	0.00451
Q9Y624	0.00104
P78536	0.00106
P61916	0.00106
O43157	0.00110
Q9UMX3	0.00067
Q92934	0.00123
P62312	0.00156
P62316	0.00162
P62318	0.00127
P62314	0.00134
Q92887	0.00096
Q13368	0.01792
Q9BY67	0.00213
P52888	0.00111
Q6UVK1	0.00119
Q9C0E4	0.00210
P43487	0.00106
O75419	0.00115
Q14289	0.00116
P42345	0.00136
Q9UMX0	0.00151
P26006	0.00087
O95219	0.00118
P36894	0.00106
Q15427	0.00476
P49802	0.03948
Q14103	0.00124
Q76N89	0.00093
Q8NEZ2	0.00168
P41212	0.00115
P10244	0.00114
Q969S3	0.00233
P63208	0.00402
Q9HB71	0.00391
Q13257	0.00703
Q92731	0.00130
P37231	0.00128
P11142	0.00193
Q99933	0.00173
Q13322	0.00124
Q6Y7W6	0.00208
Q92786	0.00067
Q93009	0.00323
Q07666	0.00119
Q13702	0.00135
Q92754	0.00121
Q92963	0.00104
O14807	0.00105
P06401	0.00116
P55036	0.00496
P54727	0.00159
P78347	0.00125
P10828	0.00103
P62195	0.00656
Q13077	0.00343
Q5T1R4	0.00143
Q92925	0.00097
Q93034	0.00116
Q9UBF6	0.00083
Q15047	0.00105
O00628	0.00101
O60683	0.00047
P49842	0.00106
Q02447	0.00096
O00287	0.00423
P48382	0.00111
Q12933	0.00252
O43521	0.00126
Q92843	0.00086
Q13882	0.00129
Q9UGK3	0.00109
P20618	0.00160
Q5RKV6	0.00109
Q8IU60	0.00113
O14974	0.00141
Q14005	0.00217
O00257	0.00100
Q06587	0.00101
P63000	0.00265
P15153	0.00104
Q13616	0.00110
P37837	0.00121
Q86SS6	0.00063
Q8NER1	0.00113
O75410	0.00188
O95619	0.00181
P54105	0.00105
Q14807	0.00171
Q8IUQ4	0.00961
Q86TG7	0.01291
O43255	0.00121
O15265	0.00195
O43186	0.00608
P46934	0.00123
P62837	0.00106
Q9UNY4	0.00198
Q13418	0.00095
Q9H0C8	0.00088
P48059	0.00131
P50570	0.00628
Q9Y566	0.00223
Q13867	0.00103
Q14738	0.01184
Q92905	0.00281
P13569	0.00248
Q9HD26	0.00205
Q14493	0.00175
Q8IV48	0.00175
O15126	0.00115
Q15811	0.00474
Q8WWN9	0.00317
Q99418	0.01545
P51843	0.00204
O94992	0.00125
P35606	0.00103
P49798	0.00067
Q13163	0.00111
Q99759	0.00129
O00161	0.00083
O95295	0.00276
O00327	0.01434
Q9H6Z4	0.00129
Q08379	0.00530
Q9H8Y8	0.00307
P61326	0.00194
Q9Y5S9	0.01520
Q9UHC3	0.00364
Q9H0E2	0.00128
Q9NPH3	0.00087
Q12972	0.00139
P60842	0.00128
Q92730	0.00252
P61587	0.00144
Q13017	0.00106
Q99729	0.00097
Q9H3D4	0.00092
Q15788	0.00074
Q96RI1	0.00081
O94985	0.00083
Q99767	0.00202
O15117	0.00114
P54619	0.00174
Q9Y478	0.00121
Q9UGJ0	0.00331
O43741	0.00171
Q92973	0.00156
Q99666	0.00247
Q9Y6K1	0.00100
Q99459	0.00556
O60437	0.00193
Q674X7	0.00217
Q14151	0.00163
Q15424	0.00920
P53779	0.01216
O15379	0.00123
Q15759	0.00109
O15105	0.00123
Q15654	0.00319
Q9HBW0	0.00086
P50458	0.00137
O75461	0.00140
Q8N488	0.00144
O00422	0.00535
P56282	0.00205
P62324	0.00095
Q99873	0.00158
O15455	0.00133
Q9NWF9	0.00097
O00206	0.00171
O60602	0.00141
Q8IZP0	0.00180
Q8N8S7	0.00095
O75319	0.00178
Q16629	0.00194
Q14511	0.00122
Q9H307	0.00623
Q9UQ35	0.00564
Q07820	0.00085
O14981	0.01553
P53602	0.00180
O15360	0.00109
Q14839	0.00126
Q14155	0.00158
O95271	0.00142
Q96RU3	0.00135
O15392	0.00101
Q96GD4	0.00492
Q15628	0.00158
Q93038	0.00060
Q13310	0.01137
P47224	0.00108
Q13546	0.00122
Q9Y572	0.00108
Q9UKX3	0.00102
O95999	0.00143
Q9UDY8	0.00136
Q96LW7	0.00086
O75843	0.00093
P61966	0.00123
P56377	0.00113
O75379	0.00049
Q9BXS5	0.00203
Q9HCN4	0.00105
Q9UBB5	0.00092
O95983	0.00173
Q8WWY6	0.00149
Q9HCK8	0.00736
P57058	0.00251
O94941	0.00066
P68036	0.00102
Q9H015	0.00059
Q13113	0.00049
Q96S37	0.00114
O00429	0.00114
P49841	0.00455
O60583	0.00104
Q13619	0.00411
Q13617	0.00104
P51159	0.00077
Q96C24	0.00180
Q12815	0.00253
P49758	0.00221
Q9NPF5	0.00766
O75821	0.00691
Q99996	0.00758
Q9Y6A5	0.00265
Q13105	0.00104
Q9Y2L1	0.00100
Q00722	0.00113
Q96QT4	0.00106
Q96RT1	0.00219
O15031	0.00069
Q9UBQ7	0.00062
A5D8V6	0.00648
O75969	1.05694
Q14344	0.01230
O75791	0.00160
Q13480	0.00090
O95273	0.00838
P11940	0.00154
Q9UJX4	0.00194
P38570	0.00119
O60784	0.00182
Q15025	0.01029
Q8WUM4	0.00122
Q13162	0.00083
Q9H078	0.00105
O75716	0.00127
Q9UJ70	0.00220
Q9Y2A7	0.00138
O95257	0.00820
Q8TAE8	0.00461
Q9UKS6	0.00121
Q9UNF0	0.00095
O15020	0.00193
O14745	0.00422
P48048	0.00117
Q9H1J1	0.00158
P41271	0.00082
P07237	0.00122
Q15075	0.00132
Q9UL26	0.00076
O94763	0.00883
Q969H4	0.01054
Q9NS23	0.00738
Q14764	0.00175
Q9UKK3	0.00157
Q92769	0.00299
Q99689	0.00846
Q9NRI5	0.01112
Q13444	0.00116
Q9Y5X1	0.00131
Q9NR96	0.00073
P62491	0.00114
Q86YS3	0.00131
Q01629	0.00064
P17081	0.00190
Q9UPT5	0.00239
P30039	0.00116
Q9Y3F4	0.00105
Q9H0D6	0.00112
Q7Z7G0	0.00109
Q9P2A4	0.00235
Q96BK5	0.00125
Q9BY11	0.00084
Q9H3M7	0.00114
Q9Y2Y4	0.01171
O95196	0.00142
Q9ULU4	0.00101
Q07912	0.00119
O94829	0.00168
P26367	0.00507
Q9NQ66	0.00117
Q86WC4	0.00158
Q9UGC6	0.00075
O76081	0.00106
Q9Y5N6	0.00127
Q9UPM8	0.00214
Q9Y6B7	0.00179
P35712	0.00074
Q9BS16	0.00245
Q9H270	0.00100
Q96B26	0.00158
O75113	0.00151
Q9Y333	0.00175
Q969L4	0.00101
P49005	0.00108
O14966	0.00140
Q86Y22	0.00100
Q9Y597	0.00115
Q9BV44	0.00103
Q9H8V3	0.00187
Q9NPB6	0.01178
Q66K74	0.00120
Q9BXF3	0.00067
Q9Y5Z4	0.00081
P04792	0.00362
Q9UJY1	0.00150
P48643	0.00127
Q9P2T0	0.00172
Q13136	0.00514
Q9Y2X7	0.00853
O60506	0.00142
Q06124	0.00101
P10276	0.00126
Q9BV79	0.00155
Q8TAT6	0.00112
Q92890	0.00126
P18848	0.00128
Q96RU7	0.00163
Q9HBZ2	0.00213
O95453	0.00140
Q9H0A9	0.00185
Q9NQT4	0.00168
Q15596	0.00092
Q99684	0.00099
Q96J02	0.00374
Q96RS0	0.00102
P03886	0.00079
Q8TBZ2	0.00245
Q99417	0.01682
Q08397	0.00061
Q9UBX5	0.00109
P02795	0.01510
Q15139	0.00192
P16066	0.00128
Q13976	0.00140
P03891	0.00057
P42566	0.00108
Q9Y3C5	0.00134
Q15599	0.00205
Q14721	0.00101
Q9UJ96	0.00051
Q8TEY7	0.00214
Q92813	0.00057
Q12873	0.00125
Q9NS56	0.00101
O15534	0.00185
Q16526	0.00140
O15055	0.00129
Q96IZ0	0.01700
Q9NVV9	0.00663
Q8NC51	0.00140
Q00613	0.00120
Q92797	0.00180
O60941	0.00302
Q12840	0.00214
P33991	0.00106
P61968	0.00567
P24864	0.00107
Q13618	0.00122
O43491	0.00154
P42261	0.00138
O15018	0.00229
Q9UQB3	0.00128
O14775	0.00150
P63218	0.00158
P50150	0.00122
P63215	0.00087
O60262	0.00168
O75915	0.00079
Q9H0F7	0.00275
Q9Y2I7	0.00180
Q9UJY4	0.00091
Q99523	0.00075
Q15024	0.00153
Q96IT1	0.00071
Q96L73	0.00119
Q8N392	0.00111
Q9Y448	0.01519
Q01780	0.00094
P42285	0.00116
Q8TB72	0.00308
Q8WY41	0.00088
Q66PJ3	0.00164
Q15041	0.00636
O15160	0.00447
P0DPB6	0.00119
Q969K3	0.00107
Q96EY1	0.00152
Q9UNL4	0.00191
P61923	0.00113
Q9P299	0.00051
Q8WXI2	0.00700
Q96NW7	0.00224
Q96KP1	0.00176
Q9HAP6	0.00261
Q14582	0.00117
Q8TDR4	0.00245
Q5T124	0.01349
Q96LL9	0.00063
O77932	0.01844
Q9H4I2	0.00094
Q9UKY1	0.00121
Q8IXK0	0.00151
O15511	0.00091
P59998	0.00094
O76041	0.00201
Q6I9Y2	0.03859
Q9GZT8	0.00171
P62136	0.00437
Q96KR7	0.00185
Q8NHH9	0.00069
Q8N6S5	0.00073
Q8NFD5	0.00113
O94906	0.00536
Q9NX01	0.00199
O15083	0.00343
O75335	0.00140
Q6XZF7	0.00117
Q9UI08	0.00118
Q9UK41	0.00963
P19429	0.00146
Q9P0L9	0.00061
Q59H18	0.00099
Q9Y2M5	0.00143
Q12962	0.00135
Q9Y3B2	0.00118
O94921	0.00111
Q92599	0.00186
Q9UKI8	0.00470
Q9Y294	0.00103
Q9NVP2	0.00081
Q86SG2	0.00293
Q08378	0.00165
Q7Z5G4	0.00088
Q6P0Q8	0.00340
Q9BYE9	0.00100
Q99942	0.00063
Q07864	0.00107
P62487	0.00112
Q99808	0.00114
P78395	0.00175
P18615	0.00148
Q8WX92	0.00112
O75376	0.00126
Q8WUQ7	0.02266
O00299	0.00093
O95870	0.00062
P13164	0.00074
Q8TCT9	0.00118
Q9BVK8	0.00035
Q9H0R3	0.00054
Q96KC8	0.00091
Q9NQ84	0.00087
O75391	0.00121
P48201	0.00044
P19784	0.00349
P67870	0.00129
P07948	0.00121
O95243	0.00185
O95873	0.00122
P22607	0.00384
O95670	0.00104
P36543	0.00095
Q9Y3Q8	0.01185
Q6ZU52	0.00274
Q9P209	0.06134
Q99618	0.00088
O94868	0.00200
Q5M9N0	0.00115
Q96PV6	0.00172
Q9BQY4	0.00122
P43364	0.00562
Q9BQP7	0.00269
P19012	0.00569
Q7L590	0.00267
Q13137	0.00169
Q96S44	0.00163
O60238	0.00083
Q9P104	0.00121
Q8NHQ1	0.00369
Q14533	0.00291
Q9BQD3	0.00751
P23528	0.00119
P60709	0.00127
P15622	0.01115
Q15834	0.00538
Q15555	0.00181
Q01844	0.00123
Q9NRG1	0.00279
Q14134	0.00158
Q9BSW2	0.00218
Q96AJ1	0.01049
Q9BW66	0.02184
O75909	0.00174
Q92997	0.00301
Q96BY2	0.01723
Q9H213	0.00209
Q8TBB1	0.00139
Q15274	0.00125
Q9BQ66	0.00092
P32321	0.00189
P08670	0.00444
Q53TS8	0.00324
Q96EK7	0.00132
Q8WV24	0.00087
Q8N6Y0	0.01375
Q9P2K6	0.00206
P24278	0.00189
Q969R5	0.00748
Q9HAF1	0.00170
P98175	0.00155
Q9UKA9	0.00081
P57060	0.00126
P49888	0.00071
Q8TC92	0.00153
Q96HA1	0.00891
Q9Y5P4	0.00166
O15162	0.00092
Q16630	0.00844
O96006	0.00145
Q9Y4P9	0.00143
O00214	0.00501
Q15038	0.00129
Q96GG9	0.00128
P36406	0.00395
Q9H4K1	0.00205
Q8TES7	0.01212
P35520	0.00140
Q9NP79	0.00140
Q9BUL8	0.00113
Q9Y6E0	0.00125
Q15645	0.00142
Q9H0W9	0.00313
P53567	0.00081
P55198	0.00171
Q9H4T2	0.00143
Q9NWS9	0.00116
Q7Z3B3	0.00244
Q9GZQ8	0.00542
Q9NYG2	0.00055
Q13227	0.00168
P21673	0.00128
Q96I25	0.00880
Q9NVF7	0.00212
O43809	0.00330
P60660	0.00094
Q969Y2	0.00152
Q99750	0.00371
Q9NUU7	0.00151
Q93062	0.00142
Q96SI9	0.00124
Q9HC98	0.00189
P61981	0.00403
Q86UW9	0.00137
O60269	0.00131
Q96A04	0.00174
O15156	0.00106
Q9NQX7	0.00079
P32242	0.00080
O95197	0.00118
P51116	0.00572
Q6ZVK8	0.00179
Q8N4F4	0.00061
P13807	0.00985
P46976	0.00125
Q93100	0.00143
Q9GZN8	0.00108
Q9UMX1	0.00922
Q96BS2	0.00140
Q9NP66	0.00213
Q6PJT7	0.00233
P56597	0.00160
Q8WWB3	0.00322
Q5TAQ9	0.00114
O94989	0.00287
Q9Y3A3	0.00133
P50995	0.00179
Q96CG3	0.00165
O43298	0.00198
Q8TAU3	0.00273
O95751	0.00236
O95471	0.00072
Q53FD0	0.00242
P61978	0.00114
Q96IZ5	0.00315
O95251	0.00175
Q9BT92	0.03334
P49639	0.00246
Q8N715	0.00281
Q9Y272	0.00116
O95073	0.00117
Q8N5R6	0.00554
Q96GM5	0.00897
Q96AQ6	0.00129
O14641	0.00980
O75541	0.00193
Q9NRN7	0.00281
Q13490	0.00138
Q13561	0.00391
Q9NX65	0.00103
P04259	0.00248
Q9NXP7	0.00183
O95994	0.00117
Q53G59	0.00724
Q9NZ81	0.00109
Q8WUB8	0.00112
O43299	0.00100
P62760	0.00080
Q9NRX4	0.00074
Q9UJW3	0.00112
P43355	0.00152
Q9NQG6	0.00063
O00144	0.00184
Q9NTM9	0.00171
Q8NE01	0.00129
O75864	0.00078
Q96E35	0.00213
Q9BRK4	0.01210
P37198	0.00603
Q7Z3B4	0.00304
Q969U6	0.00181
Q13643	0.00133
P60520	0.00633
Q9UH92	0.00157
O43663	0.00273
P15531	0.00170
Q96HA8	0.00201
P40426	0.00182
Q6RW13	0.00091
Q8IVL1	0.03493
Q0VDD7	0.00181
Q9UFG5	0.00199
Q15019	0.00138
O60504	0.00915
Q8NEU8	0.00119
P45974	0.00843
P17509	0.00170
Q9H773	0.00186
P57052	0.00157
O43638	0.00121
Q96LR2	0.01433
Q9BT49	0.00190
P12236	0.00109
O00167	0.00175
Q96MA1	0.00157
P08651	0.00130
Q9BRT6	0.00071
Q7Z7J5	0.00228
O60232	0.00890
P51946	0.00131
Q9UL45	0.00281
Q9Y3C0	0.00873
Q8N720	0.00223
Q9NVM9	0.00065
Q9UEU0	0.00120
Q9UNK0	0.00069
Q86YR5	0.00230
Q8WVF5	0.00144
P52789	0.00101
Q9Y281	0.00125
Q9Y3M9	0.00260
Q8IXB1	0.00102
O95336	0.00085
Q86SE5	0.00208
Q9UKJ5	0.00126
Q9UIF8	0.00184
Q9BW11	0.00120
Q8NDC0	0.00158
O60568	0.00169
O75340	0.00128
O94972	0.00687
Q9H5Z6	0.00269
Q6P1W5	0.00656
Q13526	0.00138
Q9BWD3	0.00189
Q92530	0.00132
O43739	0.00248
P49910	0.00172
Q8IYF1	0.00163
Q8NA61	0.00476
Q9Y2I6	0.02465
Q8NHQ8	0.00306
Q96NE9	0.00265
Q00994	0.00216
Q7Z6G3	0.00734
Q96PV7	0.00129
Q9UNA4	0.00374
Q9NR12	0.00565
Q5VWP2	0.00163
O00160	0.00173
Q96G97	0.00056
Q96HH6	0.00061
Q96M61	0.00161
O43402	0.00092
Q15006	0.00082
O14639	0.01835
Q9BZL3	0.00059
Q96BD8	0.00306
Q9UGP5	0.00188
Q9Y375	0.00071
Q96LK0	0.00339
Q9P286	0.00202
Q9UGJ1	0.00251
O43765	0.00109
P10451	0.00134
Q9NP50	0.00168
Q96AQ9	0.00246
P49366	0.00086
Q9BRG1	0.00179
Q8N8B7	0.00251
Q96MT8	0.01654
Q9NS73	0.00787
Q6UY11	0.00065
Q6UY14	0.00353
Q3YEC7	0.00089
Q96EV8	0.01029
Q70EK8	0.00140
O75525	0.00145
Q9H9D4	0.00172
P62308	0.00194
Q96D03	0.00150
Q8TAI1	0.00114
Q03154	0.00183
Q99614	0.00124
P49902	0.00194
P35900	0.00287
O43889	0.00279
Q96B23	0.00101
Q96J77	0.00174
Q8N612	0.00085
O95810	0.00096
O00505	0.00125
P07910	0.00335
Q14966	0.00126
Q9H0M0	0.00620
O00273	0.00158
Q8TAP4	0.00197
O75478	0.00170
Q9UFF9	0.00143
P31269	0.00098
P25786	0.00403
P26368	0.00157
P78362	0.00267
Q14241	0.00212
Q9UJ04	0.02287
Q9UQ90	0.00116
O96015	0.00182
Q96FJ2	0.00629
O14508	0.00085
Q92609	0.00186
Q9H8W4	0.00440
Q8IYF3	0.00226
O95199	0.00161
Q9BT78	0.00117
Q96M91	0.02086
P63010	0.00450
Q9BU76	0.00964
Q9H190	0.00741
O43597	0.00108
Q9BSJ1	0.00200
Q9NVZ3	0.00088
Q96K80	0.00109
P48380	0.00104
Q13501	0.00425
Q9UBZ4	0.00183
Q9Y6D9	0.01592
Q99598	0.00966
Q02040	0.00209
P35638	0.00110
Q9BPX1	0.00146
Q96RN5	0.00081
P53992	0.00108
Q15437	0.00154
Q9NZD8	0.00795
Q8N1L9	0.00071
Q14596	0.01010
P68402	0.00130
Q15102	0.00128
Q9BUH8	0.00255
Q9NTK1	0.00328
Q8TBE0	0.00166
P08727	0.00692
P63261	0.00125
O76083	0.00145
Q13049	0.00159
Q9Y247	0.01241
Q5VWX1	0.00126
Q7L4P6	0.00122
Q8NFF5	0.00117
Q14847	0.00501
Q9NZ43	0.00075
O94907	0.00175
O76071	0.00533
Q96M83	0.00125
P22234	0.00124
Q8TAP6	0.01497
Q0D2I5	0.00208
Q13426	0.00193
P43378	0.00056
Q8WZ19	0.00104
Q9H6L4	0.00245
Q53H80	0.00148
Q8WU10	0.00102
Q96BW1	0.00132
Q5JR59	0.00343
Q9BY27	0.00196
Q14213	0.00180
O94993	0.02879
Q13145	0.00190
P51808	0.00341
Q13409	0.01155
O75175	0.00143
Q9NZN8	0.00182
P50402	0.00102
Q969F0	0.00051
Q5JVL4	0.00288
O75528	0.00176
Q96ES7	0.00238
P14927	0.00121
P43358	0.00155
Q9UBE0	0.00100
Q9UBT2	0.00121
P46952	0.00054
Q99259	0.00106
Q9BVI4	0.00123
Q6ZN18	0.00139
Q9BUY5	0.00174
O75604	0.00177
Q96ED9	0.00518
P21964	0.00064
P49407	0.00133
Q24JQ0	0.00171
Q06455	0.00228
A8K8P3	0.00173
Q9NX63	0.00201
Q8N7W2	0.00191
O95967	0.00106
O95990	0.00325
Q07955	0.00470
Q9P2K3	0.00318
Q8IV36	0.00226
Q9HB63	0.00074
P98170	0.00130
O95671	0.03093
P48775	0.00210
Q8WWV3	0.00130
P38159	0.00154
P51668	0.00097
Q9HCM9	0.00130
O43791	0.00099
Q8WWF6	0.00092
O43617	0.00101
O75865	0.00164
O14548	0.00091
Q8WW14	0.00193
Q14061	0.00080
Q9BW62	0.00177
P18206	0.00158
Q9NYB9	0.00468
P49327	0.00098
P19634	0.00105
Q9H204	0.00122
Q15475	0.00146
P23297	0.00310
P25815	0.01018
P67775	0.00407
Q5VSY0	0.00281
O95376	0.00099
Q16851	0.00130
O75886	0.00121
Q01826	0.00088
P26992	0.00072
Q9GZM5	0.00072
Q8WYQ9	0.00108
Q8TBN0	0.01527
Q9NVX2	0.00079
Q8NEH6	0.02089
Q7Z5J4	0.00124
Q9P0L1	0.00073
P61289	0.00139
P04155	0.00090
Q8WUY3	0.00236
Q9Y577	0.00143
Q9NRQ2	0.00086
O00308	0.00359
Q96D59	0.00094
O95544	0.00131
Q6NW29	0.00162
Q8N5Z5	0.00702
Q96LM6	0.00130
Q12906	0.00122
O75558	0.00219
Q9Y6J9	0.00130
P43686	0.00583
O94818	0.00378
Q9BTL3	0.00136
Q01105	0.00132
Q13191	0.00130
Q9Y3D0	0.00112
Q5T681	0.00104
Q8ND30	0.00197
Q9UM82	0.03180
Q02080	0.00149
Q9NZQ3	0.00163
Q96EQ0	0.00097
Q8IY81	0.00093
Q9H0I2	0.00237
P55040	0.00571
O76064	0.00179
Q9C0F1	0.01669
Q969V5	0.00131
Q00587	0.00125
P12814	0.00135
Q96EK5	0.00171
Q9UI36	0.00148
Q8WXK3	0.00150
O75427	0.00084
Q16206	0.00221
Q96C10	0.00161
Q8IY31	0.01109
O60496	0.00107
O75438	0.00056
P14373	0.00543
O60711	0.00169
P36575	0.00181
Q14749	0.00112
P40692	0.00127
Q96IQ9	0.00700
Q15013	0.00146
Q96JH8	0.00096
Q9BSF0	0.00182
O00151	0.00087
P14136	0.00698
Q8IYX3	0.01874
Q9NTG7	0.00171
O43395	0.00204
Q8IVD9	0.01027
P54652	0.00156
Q9NZL4	0.00224
O14764	0.00052
P84243	0.00121
Q96KQ7	0.00526
P50479	0.01780
Q9NP98	0.00144
O75150	0.00835
Q96ME1	0.00132
Q99877	0.00163
Q9P287	0.00134
Q96CB9	0.00148
P14923	0.00360
Q8NEA6	0.00222
P42330	0.00111
O43167	0.00151
Q9UI14	0.00123
Q8WYH8	0.01515
Q8N140	0.00079
Q9H875	0.00200
O14978	0.00174
P33316	0.00199
Q9BU64	0.00249
Q86V42	0.00267
O76003	0.00097
P15407	0.00115
Q13601	0.00106
Q8NEC5	0.00095
Q9P1W9	0.00111
Q96C03	0.00078
P09012	0.00147
Q64LD2	0.00168
Q96QG7	0.00253
Q9Y6C2	0.00363
Q15637	0.00161
Q9H3Q1	0.00098
Q9NNW5	0.00107
O75177	0.00119
Q14088	0.00132
Q8N9N5	0.00406
Q8NEM2	0.00178
Q96AP4	0.00173
Q8TBK6	0.00625
Q86U70	0.00135
Q9BWG4	0.00131
Q6UWE0	0.00118
Q8NEK8	0.00095
Q6BCY4	0.00171
O75344	0.00202
Q9Y5B8	0.01920
Q8NCR3	0.00156
Q9BZW7	0.00308
O43734	0.00167
Q14566	0.00130
Q9UBH0	0.00110
Q9UM19	0.02563
O14777	0.00960
P49247	0.00130
Q9UBL6	0.00163
P62333	0.01106
Q5VYK3	0.00677
P14174	0.00091
O00746	0.00682
Q9BQ61	0.00141
O95379	0.00211
Q9NPJ6	0.02357
Q5JSZ5	0.00764
Q7Z614	0.00149
Q9NRF9	0.00081
P10124	0.00073
Q16626	0.00156
Q96QU8	0.00122
Q9BVV2	0.00242
Q9Y262	0.00146
Q12846	0.00097
Q9C005	0.00958
Q9UBL3	0.00150
O15287	0.00202
Q06547	0.00140
Q9HB75	0.00109
Q9H7M9	0.00035
Q96FJ0	0.00208
Q8NEF3	1.00579
Q8WUT4	0.00183
Q96HB5	0.00587
Q96G75	0.00073
Q9BXY8	0.00289
Q9UQB8	0.00157
Q96BD5	0.00264
O14879	0.00117
P09914	0.00165
O60936	0.00128
P78324	0.00132
Q9BQ70	0.00260
P60981	0.00094
Q9BSH5	0.00141
P02538	0.00291
P29972	0.00156
Q07352	0.00246
Q9BVJ6	0.00162
Q13155	0.00177
Q15046	0.00140
Q13247	0.00448
Q15287	0.00393
P45984	0.00546
Q9BS34	0.00220
P17482	0.00124
Q13422	0.00162
Q96ES6	0.00065
Q9C0A6	0.00209
P55055	0.00097
Q9H4E7	0.00194
P43005	0.00118
Q9BSW7	0.00309
Q9P2Z0	0.00230
Q9BPW5	0.00115
Q06830	0.00110
Q14653	0.00123
Q8N4T4	0.00224
Q9UHB7	0.00125
P0CG48	0.00292
Q7Z6B0	0.00225
Q7L190	0.00217
O60224	0.00148
Q16665	0.00100
Q9P0T4	0.00171
Q9Y2X8	0.00112
Q8NI60	0.00832
Q8N187	0.00219
O43189	0.00194
Q9BXL6	0.01814
Q8IYX0	0.00085
P49761	0.00191
Q9BUV0	0.00145
O15015	0.00222
O60763	0.00110
Q96DX5	0.00101
Q9NWT6	0.00212
P43243	0.00144
P78381	0.00074
Q96MF2	0.01296
Q7L5A3	0.00937
Q9Y2I8	0.00115
P13994	0.00274
Q9NWV8	0.00092
Q9NXR7	0.00082
Q9NTW7	0.00129
O43353	0.00104
Q8N5I3	0.00083
Q96S99	0.00221
Q96H86	0.00128
Q8NF64	0.00092
Q96EN9	0.02621
Q13432	0.00118
Q96GX8	0.00059
P47804	0.00134
P17040	0.00137
P57086	0.00075
Q8NA54	0.00908
P11802	0.00119
P55273	0.00195
Q9HAC8	0.00181
Q9H0B3	0.00216
Q14141	0.00152
Q8WYJ6	0.02539
Q14781	0.00095
Q5VWN6	0.00890
Q8N5F7	0.00203
P84101	0.00087
Q13057	0.00172
O43281	0.00159
Q8N5H7	0.00108
P10074	0.00112
Q96L11	0.00090
Q92841	0.00506
Q8TC90	0.00112
P62244	0.00086
Q96JN0	0.00124
Q9NXE8	0.00142
O43251	0.00147
P55064	0.00137
P49321	0.00132
P68431	0.00191
Q9NQ32	0.00131
Q8HWS3	0.00118
Q8IZC7	0.00092
Q9P218	0.00080
Q96DC7	0.00227
Q9Y467	0.00128
Q9GZM8	0.01196
Q15078	0.00129
O00444	0.02786
P09913	0.00097
P60002	0.00109
Q49AR2	0.00066
Q9Y5P3	0.00140
Q9H869	0.00130
Q07002	0.00519
Q96CN9	0.01029
Q96DC9	0.00166
Q9UK33	0.00193
Q96D15	0.04036
Q9UHX1	0.00137
P14868	0.00087
Q96LJ7	0.00071
Q9NRF8	0.00122
Q92917	0.00906
P53816	0.00128
Q8TCX5	0.00367
P50552	0.00143
Q9UHL3	0.00261
Q8N6V9	0.09260
Q9NP64	0.00136
Q8N490	0.00800
P56278	0.00107
O60573	0.00235
Q9NRA8	0.00776
Q16718	0.00104
Q96S15	0.00100
O00295	0.03778
Q9UNT1	0.00730
P60896	0.00164
Q5JVF3	0.00096
P05161	0.00104
Q9UMW8	0.00123
P60880	0.00099
Q6P9B6	0.00089
Q9UBY9	0.00182
Q8N336	0.00065
Q9NWX6	0.00101
P09493	0.00830
Q8TAI7	0.00109
Q9H5V7	0.01312
Q9UJ83	0.00289
Q14687	0.01089
Q9BR84	0.00123
P15104	0.00164
P23276	0.00087
Q9HC44	0.00112
Q15345	0.00169
Q96GX9	0.01697
Q9NVN8	0.00186
P19237	0.00214
O60293	0.00202
Q9UJC3	0.00222
Q9NPC6	0.00121
P27448	0.00164
Q9BQ50	0.00111
Q99594	0.00057
P48378	0.00103
O94817	0.00127
Q00013	0.00808
Q9Y2J4	0.00244
Q96GA7	0.00125
P12277	0.00109
P09467	0.00088
Q63HM2	0.00370
Q96A72	0.00189
P20340	0.00169
Q92871	0.00119
Q86YM7	0.00362
P17096	0.00126
Q9BTD8	0.00125
Q15906	0.00139
Q16828	0.00127
Q5T5P2	0.00307
Q9Y580	0.00159
Q8N684	0.01556
O75084	0.00292
P0CG47	0.00531
Q9H668	0.00209
Q14296	0.00191
Q9UJX2	0.00228
Q9Y6M9	0.00083
O60516	0.00105
Q96S82	0.00123
P09327	0.00067
Q8WWR8	0.00104
Q9H0R8	0.00147
P62854	0.00084
Q969E8	0.00139
O95198	0.00247
Q9H0L4	0.00152
Q14872	0.00192
Q99961	0.00154
Q9H788	0.00888
Q96M95	1.00298
P16860	0.00104
O75800	0.00378
Q9NSA3	0.00178
Q9BW83	0.04022
Q9Y547	0.03831
P61964	0.00137
P27658	0.00111
Q15011	0.00091
Q8WVZ9	0.00145
Q8N6Q3	0.00056
Q96SK3	0.00240
O95817	0.00355
Q15884	0.00105
Q86TN4	0.00179
Q9UKT9	0.00462
Q02218	0.00239
Q59EK9	0.00184
P62899	0.00100
Q9Y4E5	0.00134
Q03518	0.00113
Q9BTE1	0.00320
O95721	0.00188
Q8WW01	0.01431
Q9H094	0.00253
P17858	0.00083
O94875	0.00190
O96019	0.00095
O95201	0.00138
Q9NSU2	0.00071
Q7L8J4	0.00222
P78364	0.00139
Q9UHJ3	0.00223
A9UHW6	0.01859
Q52LW3	0.00212
Q03014	0.00088
Q9BXK5	0.00070
Q9BQY9	0.00160
Q9NV31	0.00154
Q9BV68	0.00092
Q9BRT9	0.00128
Q9Y248	0.00262
Q8TAB5	0.00386
Q9UHH9	0.00095
Q9Y4K3	0.00123
P27482	0.00150
P48443	0.00149
Q9BZY9	0.00075
Q7L8L6	0.00116
Q8NDP4	0.00160
P08134	0.00123
Q07960	0.00100
Q9UL33	0.00112
Q8N6T7	0.00095
Q9UKW6	0.00057
Q96QU6	0.00213
Q9UIC8	0.00159
Q9NVD7	0.00089
P41227	0.00771
Q969J3	0.00247
P58340	0.00233
Q68CQ4	0.00215
Q96H20	0.00241
P62263	0.00094
Q16594	0.00190
Q15561	0.00253
Q9GZV5	0.00138
Q53EZ4	0.02042
Q5D1E8	0.02609
Q92844	0.00782
Q9BSH4	0.00133
P02794	0.00182
P13798	0.00121
Q9GZZ9	0.00099
Q5SW96	0.00089
O43639	0.00398
Q8WV99	0.00134
P38919	0.00200
Q6PII3	0.00189
Q04695	0.00197
Q9UEE9	0.00173
Q96G04	0.02925
P06753	0.00697
P26651	0.00199
Q96QF0	0.02175
Q8N302	0.00152
Q9NQG5	0.00131
P78310	0.00083
O14576	0.00305
Q9BY43	0.00199
Q9UPY8	0.00184
Q9H8T0	0.00156
Q9NQZ6	0.00181
O15372	0.00141
O43916	0.00064
Q9GZV4	0.00084
Q13228	0.00120
P17275	0.00110
P81877	0.00104
O60260	0.00197
Q68CL5	0.00708
Q96C28	0.00143
Q96AX2	0.00055
Q8WYA6	0.00162
A4D1E9	0.00105
Q9NWS0	0.00767
Q9BWN1	0.00254
Q8TC57	0.00172
Q16512	0.00753
Q96FE5	0.00082
P00492	0.00154
P32969	0.00135
Q15911	0.00265
Q9H8S9	0.00119
Q99612	0.02261
Q8WTU0	0.01668
Q5TA45	0.00128
P78337	0.00136
P11597	0.00073
Q93045	0.00228
Q15398	0.00137
Q13232	0.00235
Q9BXC9	0.01630
P46108	0.00442
P49821	0.00084
P30048	0.00083
Q9UHP6	0.00311
O43707	0.00110
Q9ULA0	0.00130
Q9Y3B6	0.00040
Q6PEW1	0.00102
P78368	0.00148
Q9BWG6	0.00791
P19474	0.00133
P50222	0.00366
Q9Y512	0.00110
Q9NSC5	0.00695
Q9H1Q7	0.00068
O75152	0.01394
Q9UQN3	0.00108
Q15056	0.00119
Q9H3H3	0.00210
Q8IVS8	0.01038
Q96BY6	0.00208
P49368	0.00122
P14209	0.00196
Q9H1J7	0.00034
P28702	0.00134
Q05D60	0.00280
P0DP23	0.00440
Q9UHV2	0.00155
Q6IA69	0.00158
Q9UJW9	0.00192
O43439	0.00149
Q6FIF0	0.00277
O75506	0.00204
P35398	0.00154
Q56P03	0.00282
Q9Y312	0.00130
Q8N6K7	0.06410
Q96F10	0.00233
Q9UI26	0.01121
O15198	0.00600
P26641	0.00137
P30279	0.00082
Q9BRC7	0.00263
O94855	0.00107
O00148	0.00723
P82979	0.00285
P57077	0.00237
Q8N5C8	0.00233
P23434	0.00303
O43488	0.00168
O95154	0.00087
Q08170	0.00244
Q96GY3	0.00204
Q96FC7	0.00106
Q9GZM7	0.00122
Q96HT8	0.01695
Q9UBU8	0.00193
Q9NXH9	0.00096
Q9P126	0.00450
Q9NR21	0.00215
Q9NQX5	0.00067
O43683	0.00131
Q9H446	0.00059
Q9Y295	0.00115
Q9HCZ1	0.00301
Q96CV9	0.00372
Q9Y221	0.00183
Q9UNY5	0.00086
Q8IYR0	1.00188
Q8WVD3	0.01082
P56279	0.00265
Q7L7L0	0.00175
Q9UNI6	0.00088
Q9BQA5	0.00172
Q9H267	0.00275
Q9H9C1	0.00134
Q12788	0.00122
Q13435	0.00153
Q8WV44	0.00794
Q9BTA9	0.00190
Q96HL8	0.00159
P52737	0.00160
O95865	0.00095
Q9BT40	0.00108
Q15050	0.00086
P60891	0.00184
O15155	0.00067
Q9NYH9	0.00129
Q9H0I9	0.00093
P06731	0.00058
Q5T013	0.00244
Q9UKF7	0.00053
Q8N131	0.00101
Q8WUX9	0.02430
Q8N6L0	0.00094
Q9NVE4	0.00278
Q8N6R1	0.00054
Q96IM9	0.00128
Q2VPB7	0.00094
P37235	0.00082
Q9UHA3	0.00099
Q8N2X6	0.00228
P0CAP2	0.00148
Q8TAD8	0.00205
P49674	0.00660
Q9H7H0	0.00112
P24534	0.00108
Q12905	0.00433
P46926	0.00135
Q9BSL1	0.00190
Q9BTE3	0.00139
Q9Y2J2	0.00184
Q8N184	0.00073
Q9NYL2	0.00103
Q96SL4	0.00075
Q15836	0.00085
P52198	0.00160
O76038	0.00162
Q92630	0.00958
O00204	0.00068
P17152	0.00058
O75971	0.00208
Q16520	0.00082
P16444	0.00066
Q96CN4	0.01632
P43365	0.00111
Q96JB6	0.00143
Q12874	0.00779
Q15583	0.00113
Q96N46	0.00144
Q9NR46	0.00114
Q9H444	0.00186
P61601	0.00085
P54920	0.00079
Q8NFT6	0.00229
O75348	0.00145
Q14576	0.00144
Q14186	0.00159
Q8NDB6	0.00204
Q9UHY1	0.00128
P61952	0.00126
Q4U2R8	0.00049
P26378	0.00098
Q8N6C8	0.00045
Q9P0W2	0.00196
P62829	0.00096
Q6B8I1	0.00191
Q6PKC3	0.00215
O00506	0.00164
Q9C040	0.00137
Q8TDX5	0.00227
Q8IYD9	0.00245
P55735	0.00969
Q96JE7	0.00185
P33552	0.00190
Q9BSM1	0.00096
Q9H6J7	0.02067
O95486	0.00155
Q9P1Z2	0.00191
Q9NPQ8	0.00123
Q9BPZ7	0.00172
Q86WT6	0.00166
P42568	0.00105
O15062	0.00101
Q53HV7	0.00169
Q9BVM2	0.00180
Q9Y230	0.00349
Q8N4P3	0.00285
Q8WVY7	0.00268
P49760	0.00664
Q9HA65	0.00102
Q9UKK6	0.00127
Q9H1D0	0.00114
Q9C026	0.01119
Q92692	0.00087
Q13021	0.00035
Q9Y676	0.00059
Q9NPA3	0.00253
Q5T0L3	0.00192
Q9NYB0	0.00127
Q9P1U0	0.00123
Q9Y3C4	0.00149
P04424	0.00115
O75830	0.00121
O00221	0.00087
Q9H467	0.00107
Q96GT9	0.00227
Q99576	0.00201
Q9BXJ1	0.00089
Q9BRR9	0.00211
P41220	0.00193
Q9UJ41	0.00193
Q8WXS3	0.00195
Q01658	0.00157
Q13190	0.00096
Q8N371	0.00231
Q99447	0.00114
Q66K89	0.00112
Q9NZD4	0.00187
Q9BT04	0.00163
Q9BU20	0.00222
Q96HR9	0.00083
P46736	0.00102
Q8IYI8	0.00102
P14317	0.00101
O15389	0.00061
Q6PJW8	0.00163
Q9NRS6	0.00111
Q9NP97	0.02089
Q96EY7	0.00083
Q9UBX3	0.00108
P57081	0.00149
Q9UBP6	0.00089
P36382	0.00050
P53672	0.00198
Q96Q35	0.00177
Q9NZF1	0.00087
P30626	0.00133
Q9Y4C2	0.00161
Q8WW24	0.00645
P49901	0.00069
Q6FI81	0.00132
O95639	0.00218
Q6UN15	0.02309
O60637	0.00121
Q7LC44	0.00236
Q9XRX5	0.00110
O00165	0.00095
O00303	0.00591
Q9BQ04	0.00969
O95391	0.00270
P55039	0.00136
Q96EF0	0.00091
Q08209	0.00118
O43566	0.00073
Q9UBP5	0.00092
Q14011	0.00125
Q5TD97	0.00180
Q71DI3	0.00136
Q9HCS7	0.00903
Q96L94	0.00087
Q15699	0.00071
Q13352	0.01386
Q8N9N8	0.01404
P35613	0.00380
Q96BN8	0.00116
Q9NRY6	0.00083
Q8N9H8	0.00050
Q9Y4X4	0.01320
O95214	0.00047
Q96E93	0.00057
Q8TCT8	0.00108
Q96CW9	0.00045
P07902	0.00079
P61077	0.00115
Q92734	0.00165
Q9NX45	0.00081
O60706	0.00059
P48723	0.00140
Q9H832	0.00109
Q9H8E8	0.00142
Q96IJ6	0.02237
Q9Y5P6	0.00236
O43513	0.00094
P25963	0.00113
P07992	0.01636
O00233	0.00900
P42772	0.00108
P62495	0.00115
Q14145	0.00730
Q9C0D9	0.00048
Q13572	0.00231
Q49A88	0.06249
Q8NEG5	0.00311
Q9NTN9	0.00082
Q9H2H8	0.02934
Q8N2M8	0.01912
Q9NQ87	0.00152
Q15560	0.00607
Q8NHU6	0.00097
Q6ZMV9	0.00068
Q9BUX1	0.00061
Q9H2B2	0.05718
Q96I34	0.00175
P23497	0.00115
P0CG13	0.00110
Q13541	0.00119
Q12805	0.00108
Q5HYJ3	0.00125
O14604	0.00082
Q96EC8	0.00033
Q9BWQ6	0.00044
Q9ULZ3	0.00119
P62937	0.00112
Q8NE31	0.00232
Q9BSR8	0.00038
Q9BYR7	0.00074
Q96HC4	0.00914
Q9NQA5	0.00098
Q9BW04	0.00232
Q92824	0.00080
Q9NZZ3	0.00087
P62191	0.00556
Q03426	0.00062
Q9H257	0.00937
O00423	0.00159
Q9H9L3	0.00131
P09619	0.00106
Q15306	0.00108
Q8N456	0.00148
P27987	0.00201
Q8WTR7	0.00173
Q9H063	0.00092
Q9UNH6	0.00203
P16083	0.00129
P57739	0.00103
P01282	0.00075
Q96PU8	0.00158
O14976	0.00189
Q9Y283	0.00384
O15535	0.00142
O95872	0.00231
Q5T3J3	0.00420
Q9Y3T9	0.00096
P0C1Z6	0.00188
O00330	0.01953
Q14558	0.00092
Q9GZU7	0.00205
Q96LL4	0.00179
Q9HBM6	0.00128
Q9BRJ6	0.00114
Q9NVL1	0.00242
P48730	0.00759
Q99836	0.00100
Q9BYD3	0.00103
Q15007	0.00509
P42679	0.00112
Q9UHR5	0.00210
Q9NYK6	0.00348
P20809	0.00233
O95989	0.00128
O15209	0.03112
P24666	0.00097
Q96KB5	0.00318
Q86TA1	0.00167
P61244	0.00137
P49914	0.00191
P01019	0.00095
Q15027	0.00113
Q9Y297	0.00158
Q7L622	0.00148
Q9BT88	0.00163
Q9UJU6	0.01201
Q16558	0.00043
P62857	0.00087
Q96FQ6	0.00139
Q9HCY8	0.00377
O15481	0.00314
Q9NVF9	0.00119
Q9H4B4	0.00094
Q969Q4	0.00067
Q92551	0.00118
P41226	0.00054
O15294	0.00147
Q9H1M0	0.00187
Q9H5I1	0.00191
Q7Z7F0	0.00184
O15482	0.00190
O95125	0.00212
Q9UJV3	0.00610
P02766	0.00149
Q96AA8	0.00235
P51606	0.00315
Q96A09	0.00155
P61019	0.00725
Q8NEG0	0.00118
Q7Z412	0.00200
Q9H5X1	0.00116
P41219	0.00224
Q9BUW7	0.03393
O43379	0.00410
Q8WVP5	0.00212
P23511	0.00094
P0DPH7	0.00113
P53990	0.00112
Q9UMS4	0.00271
Q9NPJ8	0.00176
P35998	0.00596
Q16401	0.00202
P35249	0.00078
P40937	0.00120
P11234	0.00148
P56589	0.00103
Q06323	0.00170
Q9UL46	0.00150
O75832	0.00955
O15488	0.00101
P62820	0.00124
P50539	0.00127
Q13323	0.00041
Q9Y6Q5	0.00084
Q14188	0.00138
O95630	0.00110
P06730	0.00109
Q8WXD5	0.00088
Q9H840	0.00201
P55211	0.00056
P04271	0.00199
P36404	0.02480
Q01081	0.00154
Q16611	0.00092
Q15369	0.00081
Q15370	0.00086
Q7L523	0.00073
Q9HB90	0.00161
Q9UBU9	0.00221
Q96AP0	0.00130
Q9NUX5	0.00110
P26447	0.00248
Q13094	0.00077
Q99613	0.00139
Q99638	0.00102
P17980	0.00802
Q9NNW7	0.00105
P40616	0.00128
Q92805	0.00368
Q13439	0.00208
Q8N9B5	0.00137
P08514	0.00141
Q9BTC0	0.00110
Q96BR9	0.00188
Q6ZW49	0.00131
O94915	0.00172
Q8N554	0.00196
Q9UJY5	0.00176
O60296	0.00341
P10636	0.00137
P19387	0.00116
P35754	0.00082
Q04656	0.00126
P35670	0.00100
P14598	0.00507
Q9H9Q4	0.00059
P49917	0.00143
P00749	0.00077
P05121	0.00056
P07093	0.00102
P18827	0.00127
Q9GZZ8	0.00125
P09038	0.00084
P34741	0.00104
P31431	0.00102
Q71U36	0.00511
Q8N0X7	0.00133
Q9BXH1	0.00076
Q13794	0.00100
Q8NHW3	0.00121
P52945	0.00054
P17612	0.00145
Q9NQ31	0.00117
P01106	0.00194
Q15831	0.00128
Q9Y376	0.00138
Q7RTN6	0.00073
Q7Z2E3	0.00213
P09874	0.00213
P35240	0.00126
Q96HU1	0.00086
Q5TKA1	0.00110
P05412	0.00126
P49790	0.00144
P61970	0.01045
P06746	0.00161
Q9H5J8	0.00123
P06307	0.00199
P32239	0.00079
Q8NBT2	0.01915
Q9H081	0.00182
Q9HBM1	0.00355
Q8NG31	0.00257
O95229	0.00228
Q9H410	0.00186
Q9BZD4	0.00307
O75368	0.00094
P04626	0.00108
P21860	0.00104
O00459	0.00123
Q96IY1	0.00186
Q08752	0.00140
P08238	0.00270
P07949	0.00091
Q8TA86	0.00138
Q6WCQ1	0.00180
Q9BZL4	0.00200
Q70E73	0.00136
Q13547	0.00226
P56524	0.00539
Q9UQL6	0.00130
Q9UBN7	0.00148
Q96EP1	0.00115
Q6R327	0.00162
Q8N122	0.00146
P50281	0.00081
P51884	0.00213
O14776	0.00117
Q15459	0.00500
O75533	0.00170
Q16576	0.00116
Q09028	0.00121
Q13330	0.00134
O94776	0.00108
Q53ET0	0.00157
Q9H0K1	0.00196
O60840	0.00102
P57796	0.00173
Q15020	0.00102
O43172	0.00123
O75643	0.00137
O95400	0.00168
Q04637	0.00151
Q14240	0.00841
Q6P2Q9	0.00165
P33176	0.00162
A5YKK6	0.00154
Q8TEX9	0.00091
O95714	0.00533
Q96DI7	0.00557
Q8IWY9	0.00058
Q15029	0.00149
O75940	0.00185
Q15393	0.00144
Q9BRP4	0.00254
P78543	0.00086
Q9UNM6	0.00803
Q86UE8	0.00195
O75116	0.00131
Q14164	0.00118
P31946	0.00331
Q15170	0.01682
O00232	0.00729
Q9UKT5	0.00087
Q99460	0.00650
P46060	0.00128
P46459	0.00085
Q15008	0.00662
Q9Y2Q3	0.00101
O60739	0.00120
Q14152	0.00134
Q9UBF8	0.00110
Q9H2U1	0.00150
Q04726	0.00123
O43242	0.00544
Q15773	0.00116
Q96T76	0.00085
O75896	0.00093
O95757	0.00088
P37268	0.00099
O15479	0.00427
P23508	0.00769
P57678	0.00136
Q9NPH0	0.00079
O00231	0.00602
P21127	0.00118
Q92956	0.00102
Q9NYU2	0.00079
O00182	0.00705
Q9Y575	0.00248
P42773	0.00116
O75365	0.00088
Q92616	0.00101
O14730	0.00165
Q9NRB3	0.00070
P26640	0.00100
Q05639	0.00570
Q8IZ83	0.00195
P39023	0.00088
Q9UL63	0.00125
P10155	0.00130
Q6PKG0	0.01079
Q9NRG4	0.00149
Q9Y4H2	0.00126
Q9Y265	0.00384
P46940	0.00102
O43815	0.00169
O15067	0.00159
P01889	0.00104
Q9BUQ8	0.00166
Q6P1M0	0.00134
Q9HC24	0.00077
Q14204	0.00553
P31930	0.00103
Q8TD19	0.00181
O00115	0.00179
Q9Y315	0.00294
Q9P0K7	0.00166
O43660	0.02156
O75352	0.05080
Q15014	0.00232
Q5PRF9	0.00176
Q9P2S5	0.02771
Q6IN85	0.00132
P15056	0.00117
P55072	0.00130
Q13033	0.00135
P56537	0.00466
Q53EL6	0.00193
Q8WZA9	0.00095
Q9UBC1	0.00117
O15144	0.00083
Q9P1U1	0.00093
Q9Y383	0.00937
Q9H6R7	0.01440
Q9BQG0	0.00082
Q9NY93	0.00112
P16278	0.00074
Q13523	0.00789
Q9NTK5	0.00088
P04844	0.00083
P62140	0.00149
Q15435	0.01624
P31939	0.00081
P78386	0.00223
Q12834	0.00166
Q32P44	0.00167
P28288	0.00087
Q9BUV8	0.00123
P49792	0.01165
P05455	0.00110
Q6XUX3	0.00168
P61201	0.00107
Q5XPI4	0.00092
P26441	0.00176
Q92747	0.00095
P82650	0.00085
Q12974	0.00087
Q7L2H7	0.00165
P35579	0.00712
O75400	0.00447
Q9NVI7	0.00092
Q14978	0.00098
O75688	0.00122
O95267	0.00094
Q96F86	0.00289
Q00534	0.00115
Q9H4L5	0.00163
P22695	0.00099
P41214	0.00118
P30153	0.00210
P25942	0.00130
P31146	0.00293
Q2NL82	0.00094
Q7Z460	0.00267
P15121	0.00095
P19532	0.00108
O75663	0.00094
O14874	0.01583
Q96A33	0.00112
Q9HAV4	0.00091
P40818	0.00127
Q86Y56	0.00120
Q9UHQ7	0.00111
P07814	0.00111
Q86W92	0.00236
Q99623	0.00091
P50053	0.00066
P51948	0.00099
Q9H7Z3	0.00460
Q13428	0.00093
O96013	0.00121
Q38SD2	0.00866
Q5MIZ7	0.00144
Q9NRL3	0.00113
Q9Y5J5	0.00121
Q9NSK0	0.00228
O15371	0.00137
Q8WTW4	0.00084
P53396	0.00105
P62633	0.00104
Q9NZI8	0.00135
Q8TEW0	0.00230
P54577	0.00094
P49756	0.00142
P61160	0.00112
O95388	0.00067
P63167	0.00441
Q96GQ7	0.00091
P11217	0.00143
Q01804	0.00181
Q15714	0.00097
Q9UDY2	0.00459
P52565	0.00087
P62750	0.00379
Q9NX58	0.00101
P05452	0.00165
Q92882	0.00137
Q13554	0.00122
Q9UQM7	0.00146
P12268	0.00143
Q13557	0.00729
Q6P4Q7	0.00058
O00487	0.00832
Q05084	0.00187
P39656	0.00087
Q13177	0.00134
P61081	0.00089
Q13564	0.00076
Q6IBS0	0.00171
Q8IV63	0.00121
Q8IUD2	0.04011
P30305	0.00131
Q9NS64	0.00075
P51665	0.00834
Q16181	0.00181
Q15323	0.00551
Q9BQ52	0.00097
P58107	0.00141
O00203	0.00967
P78396	0.00122
Q8N163	0.00139
Q93008	0.00602
O14593	0.00191
O60282	0.01604
Q16543	0.00625
Q15126	0.00190
Q9H3R5	0.02013
Q02790	0.00499
Q00169	0.00098
Q6WKZ4	0.01862
Q14232	0.00151
Q9NR50	0.00138
Q9P0V3	0.01215
Q9H1Y0	0.00154
Q8IXJ6	0.00144
Q13112	0.00085
Q9BW60	0.00114
Q9NQ29	0.00200
O43427	0.00135
Q86YS7	0.00224
P61247	0.00120
O14519	0.00123
P0DUB6	0.00092
P11182	0.01041
Q9BV57	0.00186
O14977	0.00181
O95190	0.00142
P49356	0.00116
Q9UKB1	0.00154
P22415	0.00121
Q15853	0.00100
Q7KZI7	0.00804
O43795	0.00113
Q96SB4	0.00367
P82663	0.00082
O15143	0.00096
Q8N1F7	0.00120
Q13347	0.00123
Q9H0H5	0.00132
Q9Y5L4	0.00131
Q9NW61	0.00095
O75934	0.00621
Q13505	0.00111
O76070	0.00062
O00264	0.00070
Q9BUP0	0.00084
Q02241	0.00180
Q9H9A5	0.00134
P61158	0.00146
P35580	0.00156
Q96RG2	0.00097
Q13530	0.00065
O43432	0.00184
P23526	0.00101
P61006	0.01403
P61026	0.00117
P61106	0.00108
P09382	0.00072
Q9UGT4	0.00086
O43665	0.00143
O95232	0.00147
P15090	0.00084
Q5VSL9	0.00167
P41236	0.00210
Q9BPX3	0.00120
Q53GS9	0.00126
Q9Y5M8	0.00086
Q00577	0.00080
Q9UBN6	0.00134
P78545	0.00112
Q6P158	0.00111
Q9NVI1	0.00082
O00141	0.00096
P62714	0.00229
Q93096	0.00160
P01241	0.00145
P09960	0.00093
P39019	0.00118
Q6P3X3	0.00114
Q9UIA9	0.00114
Q7L1Q6	0.00140
Q9Y6E2	0.00075
O00571	0.00121
P29372	0.00106
Q96AG4	0.00405
P48556	0.00911
P62910	0.00094
P61960	0.00121
Q96JB5	0.00115
Q9Y4P1	0.00130
Q8TF05	0.00195
P02788	0.00133
Q8IXH7	0.00101
P05109	0.00114
Q12802	0.00173
P78344	0.00125
Q9UGP8	0.00084
P57088	0.00078
Q92621	0.00153
Q5TCY1	0.06392
Q6IQ55	1.00337
P49662	0.00130
Q9UQE7	0.00579
P62280	0.00102
O60927	0.00254
Q9C0J8	0.02374
Q96FV3	0.00044
Q9P035	0.00085
Q5T4S7	0.00136
O75385	0.00256
Q9BRX2	0.00140
P52655	0.00106
P62380	0.00119
Q16394	0.00050
Q14525	0.00198
P15311	0.00139
P49753	0.00170
Q9NRM2	0.00075
Q92764	0.00228
P99999	0.00903
P49411	0.00082
Q92945	0.00108
P57735	0.00128
Q9Y2B9	0.00120
Q14137	0.00107
Q9P0R6	0.00142
P46783	0.00113
Q96CS7	0.00132
P20823	0.00162
Q8TDN6	0.00099
P06702	0.00120
Q01995	0.00088
P12883	0.00144
P78549	0.00058
O15260	0.00060
P27797	0.00432
Q9NZT1	0.00124
O75363	0.00126
O76013	0.00204
Q9H583	0.00198
Q9BXP5	0.01026
Q9Y2H1	0.00200
P41091	0.00142
O95816	0.00356
O15269	0.00070
P11586	0.00113
Q9Y3C8	0.00100
Q9H3G5	0.00257
O00255	0.00128
P36639	0.00083
Q9C0E8	0.00089
Q9HD42	0.00135
P52657	0.00129
Q9H2M9	0.00104
Q9H0J4	1.00144
Q9Y5J9	0.00100
Q6UB35	0.00143
O95995	1.00633
Q86UR5	0.00778
Q08211	0.00135
P26639	0.00113
O15121	0.00107
Q9NSB4	0.00204
P62249	0.00102
Q8TDX7	0.00760
Q6P2I7	0.00225
P85037	0.00105
Q7Z401	0.00134
Q9UL42	0.01467
O75618	0.00098
Q8N9P6	0.00244
P24390	0.00075
O95071	0.00492
Q9H0N5	0.00142
Q8IUF1	0.00061
O95831	0.00100
P55854	0.00115
Q5JTH9	0.00087
P13797	0.00111
P49207	0.00121
O76075	0.00147
P31025	0.00058
P82930	0.00090
Q9Y6M7	0.00141
P46781	0.00089
P13667	0.00102
P08579	0.00717
P61626	0.00180
Q9Y6F1	0.00169
Q9Y664	0.00081
P61604	0.00075
Q9Y4E8	0.00467
Q96HY6	0.00102
O60427	0.00065
Q9H9J2	0.00093
P61254	0.00652
Q96FZ7	0.00093
Q9H0T7	0.00121
Q9H9S4	0.00157
P06396	0.00464
Q9NZC4	0.00193
P23142	0.00116
Q9BPX5	0.00107
O15519	0.00106
Q9NT62	0.00135
Q14657	0.00142
Q9NPF4	0.00143
P58546	0.00107
P45880	0.00093
Q8TBC4	0.00138
P00568	0.00116
Q8NEZ4	0.00107
Q14532	0.00273
P10619	0.00063
P53985	0.00137
Q96G23	0.00074
P51148	0.00069
Q9UH99	0.00112
Q13576	0.00106
P22087	0.00300
P62807	0.00388
P18077	0.00096
Q9UKX2	0.00122
Q3ZCQ8	0.00079
Q9BZE4	0.00091
Q9Y2V0	0.00054
O00469	0.00166
Q9UKA4	0.00207
Q99707	0.00146
Q9P031	0.00104
O75569	0.00688
P81605	0.00135
P16035	0.00094
Q562F6	0.00204
Q92611	0.00071
Q9H7B2	0.00213
Q12872	0.00359
Q9Y2W1	0.00958
O95863	0.00523
Q07283	0.00071
Q86YZ3	0.00097
Q96CX2	0.00112
Q14BN4	0.00125
P50851	0.00083
Q9H0Y0	0.00169
O00425	0.00123
O00541	0.00113
Q02543	0.00085
P04843	0.00076
P61619	0.00082
Q9BZE3	0.00097
P28222	0.00093
P13995	0.00165
P28340	0.00128
P60604	0.00090
Q9UKV5	0.00069
O95218	0.00124
Q6ZRQ5	0.00079
P52429	0.00102
Q9Y266	0.00915
O75746	0.00086
Q9Y3E2	0.00139
P29508	0.00118
Q6NXE6	0.01636
O60285	0.00170
Q6DKI1	0.00933
Q8IVV2	0.00265
Q6PIL6	0.00061
Q9NS61	0.00200
Q16778	0.00823
Q6P996	0.00093
P52907	0.00194
P47756	0.00177
Q9Y6M1	0.01170
Q9NP81	0.00093
O14965	0.00522
P27105	0.00052
O15145	0.00083
Q9UBM7	0.00077
P16615	0.00085
O95347	0.00106
P61086	0.00122
Q8IYB3	0.00692
P00505	0.00146
Q9Y3U8	0.00096
Q9Y4W2	0.00128
Q08AE8	0.00177
P62995	0.01631
Q15843	0.00101
Q92878	0.00150
P28566	0.04671
Q15758	0.00118
P07741	0.00109
P04049	0.00235
Q8N3K9	0.00100
P82675	0.00089
Q9UBS4	0.00093
Q9H6Y7	0.00063
Q96AV8	0.00149
Q96NG3	0.00383
Q7Z443	0.00056
Q9Y5S2	0.01626
Q2NKX8	0.00156
Q8TDY2	0.00672
Q29RF7	0.00130
P49720	0.00157
Q9P2I0	0.00181
P62306	0.00530
O76011	0.00582
Q9NXV2	0.00090
O75815	0.00756
Q53HC9	0.01340
Q9UHV9	0.00176
Q9Y6J8	0.00121
P05090	0.00060
Q13144	0.00862
Q8TED9	0.00152
Q16658	0.00109
O75964	0.00066
Q16678	0.00042
Q9NRH2	0.00086
Q9BWU1	0.00151
O75503	0.00047
P25787	0.00154
Q05519	0.00141
Q16795	0.00695
Q9BS26	0.00123
P63151	0.00118
Q00341	0.00125
P51571	0.00104
Q92625	0.00174
Q8N1I0	0.00313
P04406	0.00480
Q8NB16	0.00176
P33947	0.00071
P52434	0.00099
Q96LI5	0.00125
Q9P253	0.00106
Q5EB52	0.00151
Q9Y4R8	0.00146
P47755	0.00232
Q9UBB4	0.00156
Q9UMR2	0.00148
Q9Y2U9	0.00131
Q12769	0.00171
O95834	0.00173
O60684	0.00115
O94832	0.00110
Q9HCE1	0.00513
P22102	0.00118
O14979	0.00124
Q9Y5L0	0.00130
Q9Y6T7	0.00161
Q01813	0.00105
Q9Y679	0.00069
Q9H0U4	0.00104
Q8WXA9	0.00186
Q16627	0.00049
P04083	0.00090
Q92504	0.00051
P12694	0.01438
Q8TCU6	0.01498
Q9Y2Z4	0.01130
P42766	0.00434
Q8NEW0	0.00126
P62877	0.00097
O60925	0.00722
Q6ICG6	0.00236
Q13823	0.00086
Q15404	0.00138
P55786	0.00091
Q8IV61	0.00116
P62273	0.00101
Q5SRE5	0.00123
P37802	0.00096
Q96EL2	0.00094
O43768	0.00083
P47914	0.00755
O60271	0.00166
P08621	0.00357
Q14683	0.00128
P48594	0.01284
Q8N983	0.00077
Q9H936	0.00129
Q14161	0.00161
Q66GS9	1.02094
P49815	0.00128
Q96NT1	0.00269
Q9Y5E4	0.00099
Q9H0A0	0.00115
Q52LJ0	0.00157
O00442	0.00151
O60783	0.00085
Q9HBI1	0.00217
Q9NY27	0.00143
Q16875	0.02782
P04439	0.00118
P56192	0.00122
P07355	0.00090
Q92541	0.00089
Q15018	0.00119
P16152	0.00111
P52948	0.00944
P31689	0.00466
P24539	0.00087
Q6P597	0.00243
P19525	0.00126
O14656	0.00083
P21796	0.00111
O43719	0.01434
O95340	0.00152
P84103	0.00638
Q86X27	0.00152
Q9BS40	0.00224
Q9NRP7	1.00151
O43150	0.00109
Q969Z0	0.00102
Q3LI72	0.00175
O95239	0.00100
P34897	0.00087
Q8N1N4	0.00299
P26196	0.00189
P61927	0.00098
Q01130	0.01064
O43390	0.00119
P84090	0.00154
Q9Y3B9	0.00080
P06748	0.00188
O15527	0.00151
P35637	0.00135
Q9BUJ2	0.01100
Q9GZS1	0.00114
Q9H9B4	0.00083
A6ND36	0.00174
Q96HA7	0.00128
Q5TB80	0.05684
Q9H5V9	0.00307
O14818	0.00155
Q676U5	0.00243
Q9P003	0.00054
P61513	0.00091
Q4FZB7	0.00131
P82933	0.00097
Q9NQ55	0.00095
Q8N4S0	0.00063
P98187	0.00318
P08559	0.00327
O43264	0.00092
Q8N766	0.00100
Q04323	0.00098
P13073	0.00089
P46100	0.00170
Q9HC36	0.00073
P63173	0.00099
P13693	0.00073
P22061	0.00119
Q13098	0.00111
Q9NRW3	0.00102
O75592	0.00590
O14556	0.00119
O95433	0.00121
P30046	0.00071
Q08AM6	0.00616
Q969R8	0.00049
Q13761	0.00100
Q3MHD2	0.01808
P17844	0.00115
Q93084	0.00198
Q96Q40	0.00152
Q92839	0.00080
O75494	0.01012
Q8IUR6	0.00139
P04181	0.00113
P50748	0.00111
P46779	0.00090
Q9UJV9	0.01142
P04179	0.00098
P40222	0.03201
P31150	0.00092
P59826	0.00763
P54709	0.00057
O15169	0.00159
P67812	0.00068
P09923	0.00149
P21266	0.00086
Q16204	0.00883
Q02413	0.00105
Q9BYQ3	0.00073
Q9C0E2	0.00139
P60900	0.00137
Q9UN86	0.00154
P31942	0.00110
Q9P2M7	0.00131
O76031	0.00107
P53007	0.00094
P78330	0.00071
P54136	0.00086
Q76L83	0.00083
Q9H223	0.00092
Q13332	0.00129
Q9ULX6	0.00179
P04080	0.00144
Q12996	0.00139
P18583	0.02404
Q9BYQ4	0.00089
P30084	0.00125
Q99848	0.00101
Q92620	0.00148
Q13283	0.00138
Q9UI30	0.00111
Q15084	0.00650
O14787	0.00144
Q96TC7	0.00076
Q96CS3	0.00093
Q9H993	0.00091
Q9UQ80	0.00091
Q7KZF4	0.00101
P35813	0.00097
Q96QK1	0.00281
P09661	0.00586
Q99700	0.00742
P52294	0.00146
P37108	0.00087
Q9HC35	0.00147
Q08380	0.00185
Q5W0B1	0.00169
Q9Y2R9	0.00102
P08195	0.00074
Q14139	0.00080
Q8WVX9	0.00102
P05198	0.00094
Q8WXH2	0.00131
Q14CX7	0.00259
Q9Y4L1	0.01241
O15212	0.00158
Q9NXS2	0.00086
P01833	0.00092
P19105	0.00105
Q14444	0.00130
Q96AE4	0.00121
P17812	0.00150
Q8IY37	0.00113
Q5T160	0.00064
O14986	0.00078
Q8IUC4	0.01568
Q7L5D6	0.00181
P31948	0.00386
P82279	0.00363
Q9NWU2	0.00121
Q9H7B4	0.00120
P27037	0.00115
P57105	0.00213
Q60I27	0.00131
P27986	0.00098
Q08881	0.00104
O14746	0.00101
P19338	0.00277
Q00653	0.00100
P51003	0.00211
Q13114	0.00182
Q13233	0.00375
Q13451	0.00115
P61962	0.00114
P62888	0.00857
P36578	0.00095
P62277	0.00103
Q9NUG6	0.00148
P34932	0.00109
Q6Q0C0	0.00141
Q969H0	0.00198
O15027	0.00166
Q01201	0.00104
Q92896	0.00120
Q02878	0.00112
Q4VC05	0.00081
Q92785	0.00142
Q92922	0.00112
Q8TAQ2	0.00153
Q969G3	0.00573
O75390	0.00095
Q9NYJ8	0.00149
Q15750	0.00128
Q9UHD2	0.01073
A7MCY6	0.00148
Q9BXW9	0.00080
P01375	0.00485
P20333	0.00109
P51787	0.00117
P51991	0.01007
Q7Z4V5	0.00106
P68400	0.00251
Q96DG6	0.00193
Q9HAW0	0.00087
O60762	0.00100
Q9NXE4	0.00089
O94874	0.00100
Q9Y277	0.00096
O76009	0.00074
Q9BQ90	0.00241
P33764	0.00369
Q93063	0.00112
P69891	0.00138
P24752	0.00126
P51149	0.00093
P43360	0.00620
Q9NR30	0.00117
P83881	0.00097
Q8N6R0	0.00183
Q9GZR7	0.00118
Q92974	0.00201
Q96A65	0.00589
Q9Y5Q9	0.00154
P22392	0.00518
Q9BZ23	0.03691
O14827	0.00423
Q9P2D0	0.04445
O14893	0.00127
P49591	0.00281
P15924	0.00176
Q9NVU7	0.00078
Q9H0B6	0.00151
Q92538	0.00173
O76021	0.00523
P51398	0.00114
P0DMV8	0.00231
Q00597	0.00085
P54132	0.00106
Q13472	0.00080
Q9Y5Z7	0.00113
Q15291	0.00101
Q14686	0.00075
Q99929	0.00044
Q12888	0.00524
P25054	0.00390
P35221	0.00163
Q9HB96	0.00060
Q9BX63	0.00156
P23458	0.00118
P31749	0.00220
Q7Z589	0.01303
Q13363	0.00140
O43504	0.00155
P11831	0.00077
P10827	0.00105
P08631	0.00118
P51531	0.00158
Q13535	0.00129
P16104	0.00111
P29350	0.00084
P20936	0.00075
Q99704	0.00095
P49768	0.00080
P68366	0.00114
P24928	0.00158
Q13503	0.00116
P23258	0.00243
P28324	0.00152
P17535	0.00108
O60934	0.00091
Q00536	0.00113
O60566	0.00199
O43684	0.00134
Q9NPI8	0.00086
P42574	0.00111
P43403	0.00085
P06493	0.00136
P19447	0.00144
P50613	0.00083
O96017	0.00133
O14757	0.00100
O60341	0.00662
Q9UKL0	0.00808
O43541	0.00106
P55957	0.00091
P36896	0.00112
P15941	0.00045
Q9HAW4	0.00111
P08047	0.00093
Q14498	0.00175
P29320	0.00107
O14763	0.00102
Q92851	0.00088
Q14790	0.00102
P48023	0.00114
Q9UQC2	0.00099
P09211	0.00098
Q14676	0.00105
P83916	0.00610
Q16695	0.00939
Q9NVC6	0.00089
P07900	0.00490
Q03135	0.00094
P55060	0.00106
P78527	0.00104
P16220	0.00307
Q00987	0.00122
Q92831	0.00116
P49715	0.00133
P24385	0.00105
P46109	0.00102
Q12778	0.00105
Q9Y6N9	0.00601
P55317	0.00086
Q9UBS8	0.00068
Q15326	0.00206
P27361	0.00117
P50750	0.00106
P06241	0.00240
P06239	0.00088
P21926	0.00053
P27701	0.00071
P16234	0.00065
Q13972	0.00125
P53350	0.00829
P43351	0.00174
Q9NR28	0.00137
Q06481	0.00096
Q9GZU2	0.00170
Q93097	0.00232
Q13085	0.00972
P43146	0.00100
O00198	0.00046
Q8TEW8	0.00235
Q6P4F7	0.00142
Q5T5U3	0.00520
Q5VV41	0.00346
Q96PE2	0.00165
Q12774	0.00184
Q13627	0.00164
Q9UJM3	0.00786
Q9H2C0	0.00333
Q14451	0.00117
Q8WUI4	0.00410
Q00839	0.00287
Q96IF1	0.00126
O00515	0.00096
Q86X29	0.00090
Q8WWI1	0.03544
Q9Y2U5	0.00165
Q9P0L2	0.00166
Q96PU5	0.00118
Q9H1K1	0.00151
O00750	0.00126
Q99959	0.00200
Q9Y446	0.00137
O95685	0.00181
Q86YD1	0.00146
P17706	0.00153
P26045	0.00218
P78406	0.00162
A7KAX9	0.00183
O94885	0.00124
Q9H4B6	0.00169
Q9BRG2	0.00104
Q8TF72	0.00594
O43166	0.03750
O60292	0.02585
P78524	0.00160
O15056	0.00136
Q13470	0.00217
Q8IZW8	0.00135
P30291	0.00127
O15315	0.00090
O43502	0.00102
O43542	0.00079
P60484	0.00121
Q86UW6	0.00254
P12643	0.00111
P22223	0.00121
Q9UKV0	0.01575
Q9ULJ6	0.00073
Q15554	0.00109
Q14191	0.00120
Q03113	0.00141
P19022	0.00111
O00238	0.00103
P18075	0.00088
O75367	0.00162
P42684	0.00107
Q13813	0.00796
P06733	0.00383
Q92889	0.00127
Q92845	0.00246
P30260	0.00731
Q9H1A4	0.00172
Q9UM13	0.00149
Q9NYG5	0.00102
Q9UJX5	0.00196
Q13042	0.00398
Q9UJX3	0.00200
P13056	0.00100
Q8N9N2	0.00126
O75293	0.00093
Q99683	0.00139
P06576	0.00096
Q13838	0.00191
Q9H9A7	0.00080
P20248	0.00107
P10721	0.00095
Q9Y5B0	0.00095
P33151	0.00097
P10586	0.00116
P05181	0.00068
Q01082	0.00151
Q6PJP8	0.00119
O75398	0.00199
Q92835	0.00079
Q9Y5X9	0.00084
P02549	0.00142
P68106	0.00147
P62879	0.00125
Q9Y3R0	0.00189
P14625	0.00380
Q00403	0.00121
P29083	0.00091
P35269	0.00121
Q96ST3	0.00120
P25685	0.00128
P00846	0.00042
O15111	0.00119
P04264	0.00219
P11912	0.00278
O14733	0.00114
Q8IZL8	0.00109
Q9BUB5	0.00146
P20585	0.00101
P20591	0.00110
Q9H3P2	0.00136
O75298	0.00098
Q9Y5A7	0.00125
O15350	0.00102
P43490	0.00090
Q9NW38	0.00133
P48736	0.00090
O95620	0.00112
Q03181	0.00160
Q8WWY3	0.00199
P28066	0.00161
Q8IZJ4	0.00086
Q13123	0.00202
P35251	0.00091
Q07020	0.00078
Q92759	0.00129
P17987	0.00613
Q15544	0.00111
P54578	0.00148
Q9GZX5	0.00177
Q8NFZ5	0.00761
Q9Y6K9	0.00175
O15084	0.00175
Q13427	0.01197
Q15796	0.00136
O95405	0.00100
Q9H4P4	0.00176
Q9NR09	0.00201
Q969X5	0.00236
Q9Y282	0.00043
Q02750	0.00105
Q96S96	0.00088
Q13950	0.00086
P49450	0.00165
Q76KD6	0.00083
Q13075	0.00047
O14727	0.00166
Q5T0N5	0.00151
Q53HL2	0.00158
Q96FI4	0.00108
Q15506	0.04792
Q92542	0.00087
Q96BI3	0.00093
Q15155	0.00106
Q969V3	0.00117
Q05193	0.00107
Q9NQS7	0.00143
Q6EEV6	0.00084
Q6EMK4	0.00093
P61812	0.00062
P10600	0.00062
Q9H9H4	0.00230
P00441	0.00130
Q9BSI4	0.00130
P54274	0.00138
O15446	0.00083
O95602	0.00110
Q6ZYL4	0.00066
Q13888	0.00089
P18074	0.00081
P32780	0.00142
Q13889	0.00146
Q9BQE4	0.00098
Q9BUN8	0.00709
P05771	0.00177
Q05655	0.00111
Q02156	0.00113
Q06187	0.00132
Q99856	0.00089
P62913	0.00092
Q6DT37	0.00267
P10242	0.00094
Q86X55	0.00103
Q6UB99	0.00307
Q8N3L3	0.01714
Q9NZN4	0.00110
P22307	0.00104
Q96MU7	0.00721
Q71F56	0.00136
Q9BTT4	0.00097
Q9UHV7	0.00110
Q93074	0.00126
O60244	0.00106
Q9ULK4	0.00087
Q9Y2X0	0.00098
O95402	0.00090
P24863	0.00166
P49336	0.00126
Q6P2C8	0.00089
A0JLT2	0.00103
O75586	0.00083
Q96G25	0.00138
Q9BUE0	0.00105
Q9H944	0.00110
Q9NWA0	0.00090
Q9NX70	0.00148
Q96HR3	0.00157
Q9P086	0.00146
Q9Y3C7	0.00102
Q15648	0.00096
O75448	0.00097
Q71SY5	0.00129
Q15528	0.00134
P30876	0.00108
P19388	0.00477
P61218	0.00088
P36954	0.00106
P53803	0.00118
O15514	0.00107
P52435	0.00118
Q13868	0.00112
P54284	0.00152
P62328	0.00133
Q9BWF3	0.00122
Q0VD86	0.00375
Q8NEP7	0.00172
Q8NCQ7	0.00141
Q9UBC3	0.00089
O60264	0.00109
Q6ZUM4	0.00087
O14657	0.00042
Q05329	0.00081
P57740	0.00161
Q96EE3	0.00110
Q9BW27	0.00162
Q8WUM0	0.00166
Q8NFH3	0.00145
Q8NFH4	0.00125
O94979	0.00207
P23760	0.00109
Q9NZU7	0.00095
P28347	0.00076
Q14135	0.00115
Q02078	0.00117
P49862	0.00085
Q15517	0.00160
Q9GZV1	0.00111
P53675	0.00179
Q9Y5X3	0.00201
O75955	0.00146
Q13683	0.00071
Q8NCE0	0.00216
Q9BSV6	0.00437
Q7Z6J9	0.02345
Q92989	0.00286
O60603	0.00058
O14933	0.00088
Q9C0D0	0.00160
Q9HC29	0.00202
Q9NPP4	0.00156
P29466	0.00125
P29475	0.00274
Q8IYP9	0.00073
P78537	0.00260
Q6QNY1	0.01190
Q6QNY0	0.00239
Q8TDH9	0.00249
Q9NUP1	0.00224
O95707	0.00094
Q99575	0.00090
O75817	0.00160
Q9BUL9	0.00236
Q969H6	0.00145
P78345	0.00091
O75818	0.00089
O95059	0.00074
P78346	0.00072
Q9H633	0.00060
P08476	0.00065
Q6WN34	0.00095
Q9GZV3	0.00182
P13866	0.00450
P98177	0.00121
O43524	0.00101
P42575	0.00089
P78560	0.00270
P41145	0.00159
Q86VW2	0.00079
P05023	0.00123
P17252	0.00121
Q92804	0.00167
Q9H2G4	0.00098
Q8IUC6	0.00108
Q9BV36	0.00094
Q9Y4I1	0.00152
Q86V81	0.00217
Q8WTW3	0.00160
Q9H9E3	0.01145
Q14746	0.00157
P83436	0.00217
Q15768	0.00593
Q9NX52	0.00116
Q96PF2	0.00254
Q9UJT2	0.00231
Q13671	0.00186
Q5U651	0.00172
Q9P2W9	0.00108
Q6NUQ1	0.00997
Q8WVM8	0.00099
O75396	0.00074
P15172	0.00100
Q14500	0.00112
Q02410	0.00194
O14910	0.00220
Q9NUP9	0.00221
Q13424	0.00228
Q96PE1	0.00117
P12644	0.00077
Q6X4U4	0.00101
Q8IZQ8	0.00059
Q96PV0	0.00124
Q8IYT8	0.00178
Q15942	0.00200
P51170	0.00090
P01138	0.00106
P22736	0.00107
Q9UKV8	0.00168
Q13153	0.00115
Q969V6	0.00087
P35658	0.00160
P01042	0.00089
Q03405	0.00061
Q9Y210	0.00046
P17676	0.00111
O15205	0.00107
P20963	0.00049
P01730	0.00166
Q9HAU4	0.00103
Q16531	0.00482
Q7L5Y6	0.00163
Q8NHY2	0.00115
P00918	0.00079
Q2Y0W8	0.00080
P26358	0.00131
Q9UPA5	0.00194
Q92598	0.00121
P22314	0.00105
P00558	0.00120
O75840	0.00142
Q6PIJ6	0.00224
Q9UBK2	0.00097
Q96D21	0.00060
Q9HCE7	0.00402
O15432	0.00036
O60894	0.00065
O60895	0.00075
O60896	0.00079
Q16602	0.00050
Q96N16	0.00138
Q9UBS5	0.00059
O75081	0.01530
O15068	0.00145
Q9H334	0.00111
O15409	0.00097
Q8IVH2	0.00114
O15516	0.00152
Q8WYA1	0.00398
Q70J99	0.00048
Q9UHY8	0.00136
Q9Y3M8	0.00117
O60333	0.00174
P04035	0.00118
Q6STE5	0.00083
O60241	0.00067
P01023	0.00085
Q9UKR3	0.00039
Q8N668	0.00146
Q13164	0.00137
Q9H2X6	0.00113
Q16881	0.00087
Q9NS18	0.00101
Q8NDI1	0.00191
O14939	0.00133
Q92482	0.00096
P08246	0.00083
Q7Z3S9	0.00092
O43318	0.00119
P68133	0.00160
P01011	0.00095
P18847	0.00161
Q9UK53	0.00151
Q8NC96	0.00108
Q14832	0.00107
O00471	0.00187
Q8TEB7	0.00100
Q96FW1	0.00332
Q8WZA2	0.00206
Q9UQ26	0.01945
Q76FK4	0.00099
Q08945	0.00123
Q9Y6X8	0.00099
Q13464	0.01304
Q99726	0.00049
Q9C0H9	0.00149
Q6ZNA4	0.00106
P63096	0.00079
Q9Y4H4	0.00138
Q8WVJ9	0.00093
O95931	0.00090
O75694	0.00787
Q53GS7	0.00126
P13645	0.00101
Q99743	0.00123
P46531	0.00091
P10515	0.00137
P11177	0.00847
P21817	0.00169
Q13061	0.00059
Q8TDN4	0.00143
P35232	0.00133
P13501	0.00063
P51681	0.00060
O96004	0.00132
P50148	0.00178
O15492	0.00098
Q92888	0.00159
Q99471	0.00196
P52564	0.00123
O95171	0.00183
P55287	0.00184
Q09666	0.00203
Q96S94	0.00117
Q13243	0.00574
P31949	0.00286
Q2M1K9	0.02543
Q9Y4X5	0.00110
Q15109	0.00100
Q7Z3T8	0.00110
O00512	0.00102
Q9Y3Y4	0.00149
Q8N6I1	0.00062
Q13887	0.01112
O60671	0.00082
O75943	0.00114
Q8NHY5	0.00075
Q9BVW5	0.00140
Q9UNS1	0.00119
Q49AN0	0.00140
O95551	0.00135
P01308	0.00094
Q9BRA2	0.00091
P01178	0.00089
P01185	0.00093
P35250	0.00098
P40938	0.00102
Q15532	0.00076
P07437	0.00131
Q14008	0.00942
Q00537	0.00169
O00168	0.00082
O60749	0.00131
Q9HCJ2	0.00079
Q9Y2I2	0.00054
Q96L34	0.01612
P11137	0.00174
P27816	0.00114
P02686	0.00109
Q16082	0.00100
Q96MG7	0.00061
Q9Y463	0.00205
Q15042	0.00112
Q9UNE2	0.00219
Q13309	0.00419
P78357	0.00076
Q8TEL6	0.00224
O14920	0.00149
P63146	0.00109
Q8IWV8	0.00099
Q504Q3	0.00234
Q58A45	0.00304
P23921	0.00121
P31350	0.00129
Q7LG56	0.00077
Q15327	0.00143
Q03001	0.00182
Q8TF01	0.00192
Q9NZ42	0.00137
O00555	0.00110
Q16790	0.00089
Q8TE68	0.00083
Q9H6S3	0.00122
Q07889	0.00100
Q9ULH7	0.00119
P55011	0.00160
Q9UEW8	0.00139
Q6ZMQ8	0.00075
Q9HC10	0.00207
Q96J92	0.00158
O95429	0.00156
P41238	0.00060
Q99719	0.00161
P05231	0.00182
P08887	0.00118
Q765I0	0.00026
Q9UKP6	0.00030
P11161	0.00143
O94887	0.00174
Q9H2G2	0.00109
Q99490	0.00096
Q92870	0.00095
O75164	0.00124
Q92828	0.00107
Q9BZK7	0.00930
P52732	0.00165
Q86T24	0.00186
Q9UPN9	0.00111
O60645	0.00231
Q8N2Q7	0.00084
Q9ULB1	0.00129
Q8TDU9	0.00138
Q8WXF3	0.00058
P13688	0.00044
P05019	0.00086
Q16270	0.00041
P55884	0.00144
O75822	0.00108
Q14244	0.00354
Q9HBA0	0.00132
Q6XD76	0.00153
Q7RTU1	0.00117
Q7RTU3	0.00151
Q16625	0.00110
P22888	0.00058
Q96AX9	0.00129
Q9Y605	0.01000
O14813	0.00087
Q9UBN4	0.00077
Q7Z6J0	0.00231
Q16584	0.00123
P41208	0.00149
P01040	0.00184
P07858	0.00104
P01034	0.00252
Q13087	0.00125
Q7Z4N8	0.00203
Q96NY7	0.00059
P35241	0.00102
P14416	0.00074
P21917	0.00074
P27824	0.00236
P09341	0.00178
Q16570	0.00054
P13500	0.00038
Q6VAB6	0.00704
Q02246	0.00078
Q9UHC6	0.00111
P83369	0.00136
Q8IWJ2	0.00143
Q5MJ70	0.00106
P58062	0.00137
P80294	0.00055
P13640	0.00076
P16452	0.00134
O15235	0.00075
P22460	0.00572
P61764	0.00165
P04053	0.00115
P41217	0.00056
Q8TD46	0.00045
P29597	0.00207
P24394	0.00116
P14784	0.00066
P19235	0.00086
P17861	0.00097
O14490	0.00157
P57087	0.00110
Q9BX67	0.00114
P14780	0.00116
P42830	0.00056
P80162	0.00031
P02649	0.00105
Q14114	0.00070
Q9Y232	1.00068
P05120	0.00229
P54252	0.00410
Q9P1T7	0.00054
Q9UKS7	0.00157
O60765	0.00131
P06454	0.00122
O95782	0.00110
Q16555	0.00155
P49757	0.00146
P32004	0.00096
Q09428	0.00041
Q14654	0.00046
P24588	0.00261
O75629	0.00077
P11717	0.00088
Q01851	0.00060
Q99578	0.00085
P33076	0.00139
Q12879	0.00117
P01903	0.00044
P28068	0.00046
Q8WVB6	0.00078
Q9BVC3	0.00107
O60741	0.00300
Q9UL51	0.00113
Q9P1Z3	0.00097
Q9Y3Q4	0.00094
Q9UIB8	0.00043
Q8N4C6	0.02992
O15381	0.00092
Q6IA17	0.00069
P81274	0.00187
P35548	0.00104
O75334	0.00243
O75145	0.02349
O60237	0.00089
P48431	0.00115
Q01860	0.00094
P07711	0.00146
Q96CK0	0.00391
Q00688	0.00128
Q9UIA0	0.00435
Q01196	0.00469
P35869	0.00104
O43293	0.01599
O95278	0.00116
P23193	0.00104
P15151	0.00056
Q15762	0.00105
Q9BTW9	0.00223
P49675	0.00134
P80303	0.00098
Q8TD31	0.00697
O15551	0.00108
O95832	0.00104
O00501	0.00045
O75469	0.00106
Q969W9	0.00101
Q9UL18	0.00637
Q9UPY3	0.00107
Q9H9G7	0.00260
Q9HCK5	0.00265
Q7Z3Z4	0.00181
P06756	0.00069
P02751	0.00422
P10145	0.00078
P30533	0.00107
P98155	0.00067
P78509	0.00110
Q8NHL6	0.00040
Q00059	0.00091
Q8WVM0	0.00109
Q9H5Q4	0.00060
O00411	0.00172
Q9HBH9	0.00093
Q9NQ94	0.00125
P07203	0.00090
Q15116	0.00068
Q9BQ51	0.00033
O75689	0.00228
P13639	0.00567
Q9Y216	0.00081
Q9Y217	0.00096
Q13574	0.00314
O43525	0.00061
O43526	0.00080
Q9NR82	0.00167
O14646	0.00137
Q9NYF8	0.00731
P49759	0.00456
P14151	0.00044
Q9NZ53	0.00086
P10915	0.00052
P13611	0.00059
P00709	0.00062
Q07954	0.00134
Q92736	0.00133
P14859	0.00091
P09086	0.00092
Q14207	0.00114
P51572	0.00098
Q9UHQ4	0.00083
P40259	0.00084
P25098	0.00099
P30679	0.00147
P21854	0.00040
Q92854	0.00073
P61088	0.00103
Q02779	0.00114
Q8IZ81	0.00075
Q14185	0.00118
Q02575	0.00119
Q9NSN8	0.00236
P11473	0.00106
Q15797	0.00116
O15259	0.01738
Q04917	0.00530
Q9Y2J0	0.00135
Q9P0J0	0.00060
P15170	0.00148
Q13489	0.00087
O60500	0.00087
Q96J84	0.00109
Q9Y3D6	0.00071
Q9NPG2	0.00167
Q9NZ72	0.00250
Q9UL62	0.00112
Q13224	0.00110
Q13507	0.00053
P10321	0.00089
P17693	0.00048
O14617	0.00135
P51809	0.00091
Q8NEY8	0.01027
P51878	0.00131
Q5SQ64	0.00059
Q96A56	0.00103
Q96PL1	0.00026
Q9UEW3	0.00053
Q96QR1	0.00119
O60331	0.02357
P43694	0.00099
P52952	0.00086
Q99593	0.00129
O75460	0.00080
Q15382	0.00102
O15503	0.00065
Q12770	0.00109
Q12772	0.00104
Q9H211	0.00113
Q01469	0.00096
Q7Z417	0.01113
Q00535	0.00132
Q8IWU2	0.00096
P48681	0.00223
O15066	0.00130
Q15418	0.00138
Q15349	0.00106
Q5T5C0	0.00074
O00186	0.00078
P63027	0.00087
P35226	0.00148
O43426	0.00109
P32856	0.00062
Q9BV40	0.00146
Q13277	0.00085
Q8WY64	0.00147
Q9Y2B0	0.00134
Q9BZL1	0.00193
Q9HAZ1	0.00164
P30988	0.00248
Q15119	0.00136
Q9H2V7	0.00061
P16389	0.00062
O00253	0.00060
P61024	0.00831
Q9Y2D1	0.00128
P02462	0.00098
Q6ZP82	0.00382
Q02833	0.00498
Q9P2H0	0.00707
Q8TDR0	0.00446
P78559	0.00156
Q9H254	0.00188
Q8NF91	0.01569
P00374	0.00092
O95631	0.00042
Q9UNZ2	0.00082
Q92563	0.00099
Q9BQ16	0.00075
Q8WXF1	0.01014
Q15678	0.00184
P48165	0.00041
Q9Y6H8	0.00225
O60641	0.00212
P28676	0.00139
Q9H553	0.00117
P17302	0.00108
Q6P1J6	0.00160
P29274	0.00109
P12270	0.00114
P23443	0.00127
Q9BUZ4	0.00191
P20309	0.00123
Q9UM11	0.00151
P43034	0.00267
Q7Z6A9	0.00053
P51812	0.00108
Q15121	0.00326
Q9NV92	0.00069
Q04721	0.00084
O75446	0.00093
Q8TDZ2	0.00215
P08709	0.00060
P13726	0.00158
Q96A08	0.00567
P62805	0.00204
Q8TDJ6	0.00130
Q9Y4E6	0.00154
P02778	0.00024
P49682	0.00066
P02776	0.00028
Q07325	0.00034
O14625	0.00038
P04233	0.00048
P54851	0.00103
Q7L775	0.00207
P04040	0.00092
Q6W2J9	0.00108
Q9Y6I3	0.00122
Q9BX69	0.00059
O60610	0.00157
O14578	0.00126
O75420	0.01996
P18084	0.00107
Q8TAX7	0.00060
O95072	0.00121
Q9NQS3	0.00101
P06858	0.00154
O60870	0.00050
Q8N4A0	0.00048
Q9UH73	0.00293
Q9C010	0.00050
Q01892	0.00065
Q8IWI9	0.00193
Q14209	0.00112
O00716	0.00082
Q9H4A3	0.00244
Q16254	0.00152
P16070	0.00096
P06703	0.01006
Q9Y2Z0	0.00869
P48549	0.00081
P62873	0.00096
P10912	0.00065
Q6UWB1	0.00044
P50749	0.00172
O75061	0.00096
P35247	0.00041
Q9UQ49	0.00055
Q4LE39	0.01073
Q9H7L9	0.00140
Q9H0E3	0.00107
Q96D46	0.00209
Q9UPV9	0.00164
Q14896	0.00124
P68032	0.00141
P05413	0.00189
P55084	0.00099
Q02223	0.00053
Q9Y275	0.00097
Q96RJ3	0.00104
Q96AY2	0.00143
Q96NY9	0.00145
O14595	0.00133
O00267	0.00134
P63272	0.00122
O43933	0.00129
Q13608	0.00102
Q9C004	0.00125
P49257	0.00101
Q8NI22	0.00052
P15692	0.00075
Q9UHI8	0.00111
Q9Y3M2	0.00193
P11388	0.00116
P00734	0.00057
Q14126	0.00101
P32926	0.00098
Q08554	0.00151
Q02487	0.00091
P42702	0.00077
Q86Z02	0.00103
Q9Y6J0	0.00074
P23471	0.00129
Q12860	0.00136
Q86US8	0.00167
Q9UPR3	0.00217
Q13393	0.00182
O43236	0.00150
Q9UGI8	0.00088
P00750	0.00065
P14210	0.00072
P24530	0.00131
P52926	0.00109
O00631	0.00060
O14983	0.00139
P26678	0.00040
O95104	0.00079
Q15386	0.00120
O75155	0.00127
Q08722	0.00167
P06729	0.00073
Q16587	0.00155
P05937	0.00079
E9PAV3	0.00168
P20810	0.00167
P28223	0.00104
O14709	0.00180
P55789	0.00082
P0DI81	0.00104
O15247	0.00056
Q8WUP2	0.00134
Q96AC1	0.00115
Q9UIQ6	0.00112
P29474	0.00169
Q02153	0.00162
Q13886	0.00055
Q15653	0.00109
Q01959	0.00105
P31153	0.00120
Q9NZL9	0.00136
Q8IXQ6	0.00108
Q8TDB6	0.00101
O15047	0.00158
O75182	0.00141
P63267	0.00092
P16471	0.00059
O95248	0.00126
Q13614	0.00168
P56693	0.00099
P09429	0.00130
P29084	0.00129
O00268	0.00114
P49848	0.00133
Q15545	0.00106
Q5H9L4	0.00148
Q9Y4A5	0.00127
O75486	0.00147
P0C0S5	0.00866
P60903	0.00093
O43921	0.00039
P55199	0.00090
Q8TDM6	0.00473
Q8TBA6	0.00162
O00566	0.00112
Q96G21	0.00120
P15313	0.01514
O95292	0.00111
Q8IZE3	0.00121
Q53QZ3	0.00121
P08237	0.00109
Q9HBG4	0.00136
P20273	0.00055
P69905	0.00087
P38646	0.00112
Q06330	0.00107
P35368	0.00095
P19622	0.00040
P20719	0.00098
P48742	0.00172
P56915	0.00039
P32243	0.00080
P49459	0.00889
P07947	0.00458
Q5JR12	0.00140
Q86SJ2	0.00063
Q86WK6	0.00031
Q86WK7	0.00066
O60907	0.00167
Q6FI13	0.00159
Q9BYB0	0.00433
P22670	0.00123
Q14938	0.00133
O00712	0.00113
P18545	0.00154
Q5SXM2	0.00109
O95359	0.00365
O43615	0.00093
P10301	0.00120
O43482	0.00253
P46019	0.00152
P53611	0.00121
Q5HYK7	0.00128
Q86UT5	0.00208
Q5THR3	0.00147
Q99497	0.00113
Q13620	0.00567
Q86VP6	0.00114
Q658P3	0.01535
Q99640	0.00149
O43193	0.00040
Q9UBU3	0.00101
Q5JQC9	1.12719
Q8NA03	0.14160
O95622	0.00300
P15018	0.00082
P35659	0.00134
P28472	0.00059
P19419	0.00080
Q9BST9	0.00121
O15457	0.00097
O43196	0.00118
Q8IYJ3	0.00195
Q8TDW5	0.00114
Q8NFW9	0.00078
Q9HCH5	0.00111
Q4VX76	0.00073
P20336	0.00145
Q99567	0.00160
P17735	0.00185
Q96DB2	0.00081
Q6NWY9	0.00091
P43357	0.00132
Q9BVA6	0.00061
O94973	0.00088
O75409	0.00186
Q8WYB5	0.00198
Q14202	0.00128
Q9UBW7	0.00143
O75362	0.00149
O00625	0.00099
P47712	0.00121
P25101	0.00069
Q9BQA1	0.00624
Q8WUA4	0.00103
Q9Y5Q8	0.00096
Q9UKN8	0.00136
Q9BUI4	0.00205
Q06413	0.00116
Q15785	0.00114
Q86YP4	0.00110
Q8WXI9	0.00127
Q9UHL9	0.00122
Q969S8	0.00091
Q9H7Z6	0.00121
P10809	0.00267
P41182	0.00150
Q86X95	0.00195
Q15477	0.00110
Q9UQ88	0.00120
P61266	0.00160
A4D2P6	0.00213
O43424	0.00118
Q9UK58	0.00145
O00170	0.00117
Q9UIF9	0.00144
Q12789	0.00114
Q15542	0.00130
Q9H1D9	0.00105
Q9NRL2	0.00106
Q9NRG0	0.00088
Q9BW71	0.00205
Q9NPI1	0.00130
Q92830	0.00104
Q96L91	0.00149
Q12824	0.00153
O14497	0.00095
Q13351	0.00143
P29374	0.00084
P55197	0.00175
Q05195	0.00118
Q15185	0.00141
P52630	0.00144
Q8N108	0.02606
Q9UIG0	0.00087
Q03112	0.01002
O14901	0.00930
Q9BXK1	0.00060
Q9Y2Y9	0.00085
Q13118	0.00126
O75593	0.00106
Q9H422	0.00118
Q99592	0.00091
O94805	0.00127
Q6ZRS2	0.00154
Q96QT6	0.00119
Q99626	0.03235
Q15329	0.00103
Q15672	0.00074
Q14469	0.00145
Q96EB6	0.00108
Q86Y01	0.00116
O60216	0.00106
Q92585	0.00124
Q9Y6B2	0.00091
Q96PK6	0.00130
Q96RK1	0.00054
Q92481	0.00099
O15151	0.00112
Q92994	0.00119
P11387	0.00114
P16455	0.00092
Q53GL0	0.00103
P22626	0.00633
P14316	0.00092
P25789	0.00158
P17947	0.00080
P51811	0.00113
O14609	0.00126
O60814	0.00152
P05230	0.00111
P78371	0.00305
P09629	0.00094
Q32MZ4	0.02064
P28360	0.00099
P10071	0.02484
P42226	0.00140
Q9UBC0	0.00071
Q13469	0.00104
Q15650	0.00068
Q16621	0.00086
Q96PN7	0.00104
O43474	0.00128
Q92886	0.00142
Q14934	0.00146
Q9HC52	0.00222
Q9BYE7	0.00135
O75582	0.00102
O75676	0.00097
P10914	0.00096
Q9UM47	0.00081
Q13029	0.00083
P51965	0.00092
Q96LR5	0.00110
Q969T4	0.00116
P17181	0.00072
O43829	0.00183
Q86U42	0.00142
Q9UPQ9	0.01597
Q9P0K1	0.00116
O95970	0.00063
P42262	0.00116
P42263	0.00102
O75628	0.00170
P13861	0.02123
P36873	0.00184
Q9UIV1	0.00147
P50616	0.00121
P22612	0.00209
Q13023	0.00233
P54278	0.00073
P31314	0.00087
Q92643	0.00083
Q969N2	0.00162
P10114	0.00083
P09668	0.02702
P78348	0.00097
P52735	0.00109
Q9UKW4	0.00093
P08729	0.00173
Q15149	0.01012
O00212	0.00148
O60879	0.00090
P29966	0.00096
O43745	0.00101
Q9UBY0	0.00119
Q6AI14	0.00416
Q14940	0.00111
Q99653	0.00082
P24386	0.00074
Q8NDV7	0.00527
Q15118	0.00089
Q9Y6D5	0.00163
O14569	0.00086
Q14194	0.00110
Q9NUQ8	0.02304
Q9UKV3	0.00728
O14645	1.00134
Q6IAA8	0.00135
Q96GM8	0.00180
P05060	0.01418
Q9BYC9	0.00094
P13686	0.00084
Q8N357	0.00054
O75078	0.00159
O76061	0.00054
P11766	0.00071
Q96B02	0.00118
P05091	0.00087
Q9UH62	0.00113
P08133	0.00077
Q6P1J9	0.00154
Q9GZT6	0.00127
P21246	0.00133
Q9HC16	0.00076
Q8NC60	0.00154
P49703	0.00140
Q92597	0.00115
P18669	0.00174
P14314	0.01009
Q4V328	0.01495
Q9NXU5	0.00091
A4D1P6	0.00187
O43556	0.00104
Q96P48	0.00122
P04632	0.00196
Q93091	0.00091
P51690	0.00069
Q9Y2Z9	0.00173
Q9H1I8	0.00110
Q07065	0.00467
Q9UNN5	0.00103
Q9P2J2	0.00071
Q9BVP2	0.00107
O00329	0.00104
O43570	0.00080
P36542	0.00085
Q9NY33	0.00126
P19823	0.00092
O43676	0.00045
Q8N5V2	0.00109
Q9HCC8	0.00051
P56134	0.00092
Q9NVJ2	0.00087
Q93052	0.00103
O95159	0.00067
Q9UII2	0.00144
Q9UKR5	0.00070
Q14257	0.00102
P09104	0.00092
Q96MC5	0.00166
Q9BWV1	0.00188
O95696	0.00184
Q70Z53	0.00157
Q9NX46	0.00102
Q9BPX7	0.00113
Q7Z2D5	0.00078
Q9UBQ0	0.00251
Q9H5F2	0.00169
Q969H8	0.00110
Q92979	0.00104
Q96DW6	0.00052
Q16612	0.00086
Q96ID5	0.00084
Q96SN7	0.00133
Q96N11	0.00134
Q9Y6K8	0.00059
Q8IW50	0.00095
Q14181	0.00174
Q9H8G2	0.00144
O00305	0.00094
Q9Y2V2	0.00093
P55212	0.00535
Q13951	0.00106
P30050	0.00094
P80098	0.00093
P49770	0.00141
P19256	0.00150
P60033	0.00067
Q96FF9	0.00100
Q96SN8	0.01285
Q9P2P6	0.00214
P07602	0.00097
Q9NYQ6	0.00101
Q9NPF8	0.00082
P01215	0.00036
P15882	0.00071
O60543	0.00062
Q14055	0.00154
P02775	0.00047
Q9UBW8	0.00103
Q5RL73	0.00194
P16870	0.00084
Q9HCK4	0.00069
O75131	0.02490
O95741	0.00066
Q0P6H9	0.00051
P14091	0.00056
Q92879	0.00165
O94762	0.00121
O75674	0.01360
Q69YN2	0.00262
O43927	0.00035
O75534	0.00126
P46977	0.00063
P51397	0.00050
O60318	0.00118
Q9NPA8	0.00150
Q08345	0.00137
P27707	0.00058
Q9Y276	0.00074
O14717	0.00094
Q9NXB0	0.00262
P60174	0.00093
Q9Y6V7	0.00118
O60443	0.00144
Q16760	0.00156
Q14147	0.00102
Q9H095	0.00151
Q53FE4	0.00141
Q7L5N1	0.00099
Q9Y4P8	0.00118
O95563	0.01830
Q8NG27	0.00096
Q4VC44	0.00218
Q86YV5	0.00162
Q8NCD3	0.00144
Q969G6	0.00059
Q9UBS3	0.00085
O95907	0.00052
Q9Y237	0.00249
Q07507	0.00184
O14531	0.00100
Q96DN6	0.00078
P05305	0.00154
P09326	0.00083
P20827	0.00079
Q8IUX8	0.00093
Q99962	0.00137
P20042	0.00095
Q9Y4G2	0.00124
Q9UHF5	0.00100
O75251	0.00061
Q16842	0.00061
O00762	0.00098
Q08495	0.00205
Q9UNN8	0.00353
O95571	0.00111
P28072	0.00182
Q9GZS3	0.00144
Q9NYS7	0.00230
P00742	0.00054
P62861	0.00104
O00757	0.00101
Q14802	0.00035
Q9NXK8	0.00112
Q9NWN3	0.00112
O14526	0.00129
Q92540	0.01214
Q6PGQ7	0.00160
Q96LX7	0.00323
P02008	0.00107
O75380	0.00066
Q86XS8	0.00099
Q9UIM3	0.00137
Q3KQU3	0.00384
Q86YJ6	0.00058
O95807	0.00070
Q8WVR3	0.00077
Q6PD74	0.00066
Q6T4P5	0.00077
Q7Z478	0.00115
Q96BT3	0.00201
P49593	0.00114
Q3B820	0.00700
Q9NWR8	0.00102
Q53HC0	1.00185
Q9H079	0.00200
Q8WVB3	0.00109
Q969X0	0.00190
A5PKW4	0.00059
Q86YJ7	0.00077
Q96M11	0.01393
O95466	0.00181
Q12852	0.00097
Q96RR1	0.00094
Q9H0Q3	0.00069
Q9NVX0	0.04285
Q96K37	0.00236
Q96RP7	0.00118
P02774	0.00145
Q13724	0.00137
Q9NZM5	0.00124
P49448	0.00179
Q9BSF8	0.00144
Q14789	0.01113
Q9HCU9	0.00130
Q8NBJ4	0.00087
Q8IYL3	0.00097
P40429	0.00091
P21579	0.00075
O43292	0.00068
Q9P298	0.00066
Q96FK6	0.00177
Q8IWZ3	0.00124
Q8NEV4	0.00090
B2RTY4	0.00332
O14949	0.00101
Q96GD3	0.00154
Q86VK4	0.00209
P00390	0.00170
P62341	0.00188
P68871	0.00099
P30519	0.00548
Q9Y328	0.00121
Q17R89	0.00163
Q9UK76	0.00122
P62701	0.00099
Q12988	0.00112
Q9NRN5	0.00111
Q96DV4	0.00139
Q6X4W1	0.00184
Q96EW2	0.00073
Q9BWC9	0.00145
Q9GZP4	0.00094
P24593	0.00050
Q93033	0.00126
P50502	0.00118
A1L0T0	0.00127
Q9NPH2	0.00111
Q8NE71	0.01411
Q96B36	0.00196
Q9NWY4	0.00207
Q92665	0.00085
O75665	1.03490
Q9UH03	0.00144
O76024	0.00139
Q9Y6Y0	0.00146
Q12809	0.00080
Q5MNZ9	0.00140
Q96SI1	0.00132
Q92628	0.00085
Q9ULJ1	0.04931
O43240	0.02897
Q9H492	0.00129
Q9NS87	0.00150
P56470	0.00174
Q96Q04	0.00093
Q5VV52	0.00205
Q49AJ0	0.00247
Q8N2U0	0.06772
Q9BTY7	0.00387
Q9H3H1	0.00093
Q6YP21	0.00083
O76027	0.00116
Q9NRX3	0.00179
Q9BXR0	0.00079
Q9NPR9	0.00055
Q8IXR5	0.00070
P32456	0.00130
O60832	0.00096
O95372	0.00118
Q8NCC3	0.00078
Q9ULX9	0.00128
Q9Y5U8	0.00317
Q9Y3D7	0.00196
Q9NQW7	0.00138
P27449	0.00063
Q96ER3	0.00123
O75439	0.00139
Q96AD5	0.00114
Q9GZU1	0.00071
P23381	0.00092
P40926	0.00100
Q9P0N5	0.00098
Q9BUT9	0.00315
P0CW24	0.04856
Q8ND90	0.00508
Q15434	0.00143
Q5VUD6	0.00119
Q9BQD7	0.00199
P36957	0.00303
Q9H6F5	0.00107
Q9BTV4	0.00078
Q9UGY1	0.00098
Q8N5W9	0.00082
P62917	0.00086
Q8N2I9	0.00079
Q99685	0.00117
Q9NPJ1	0.00243
Q16478	0.00068
Q86YV9	0.00133
Q99547	0.00113
P40925	0.00161
Q6PK04	0.00100
Q9NYY3	0.00285
P15880	0.00098
Q9BYN8	0.00092
Q9GZW8	0.00035
P35914	0.00117
Q13459	0.00163
Q8TER5	0.00181
Q9P2K9	0.00178
P56556	0.00056
O95182	0.00054
O95169	0.00084
O60383	0.00122
P19404	0.00119
Q9HB58	0.00145
Q99519	0.00076
P55769	0.00092
Q9UGL9	0.00083
O75607	0.00073
Q05469	0.00082
P35268	0.00108
Q13148	0.00130
Q9H1E3	0.00096
Q9UKK9	0.00108
O95897	0.00168
Q8N138	0.00055
Q8N1G1	0.00157
O75381	0.00117
Q9Y4W6	0.00074
Q9NW68	0.00101
P18124	0.00102
Q92561	0.00105
Q96JG8	0.00085
Q6UXB0	0.00060
O95568	0.00063
P56181	0.00049
Q99584	0.00097
O43149	0.00111
Q92535	0.00075
Q9UG56	0.00140
Q8NCG7	0.00089
Q9P212	0.00158
O95163	0.00110
Q04941	0.00073
O43688	0.00051
Q86UP0	0.00095
Q9BTV5	0.01262
P14902	0.00161
Q9BVG4	0.00115
O43252	0.00202
Q96B86	0.00236
Q9UD71	0.00073
Q9Y2H0	0.00141
P30044	0.00108
P13727	0.00135
P04156	0.00114
P29074	0.01156
Q14761	0.00048
Q15269	0.00124
Q9NP72	0.00144
P15822	0.00155
O75828	0.00125
Q15286	0.00171
Q6ZN04	0.00167
Q7LDG7	0.00082
Q86XP3	0.00155
Q9UQF2	0.00091
O43312	0.00091
O15258	0.00092
Q08116	0.00098
Q6RFH5	0.00089
Q9P244	0.00084
Q9BPW8	0.00111
Q7L099	0.00121
Q9NTX7	0.00119
Q99496	0.00121
Q86U06	0.00125
O95149	0.00117
P45378	0.00198
P27635	0.00086
P61313	0.00087
P21741	0.00099
Q9NX95	0.00481
Q9UK32	0.00089
P62070	0.00161
Q8N2Y8	0.00118
O43147	0.00091
P02771	0.00058
Q9NYQ7	0.00117
Q14690	0.01115
Q9NUT2	0.00089
Q9H8M9	0.00089
Q9NPI5	0.00093
Q6PI98	0.00087
Q96BY9	0.00096
P49903	0.00113
Q96E40	0.00088
P05154	0.00077
P05408	0.00131
Q11203	0.00088
O15127	0.00095
P53621	0.00093
Q02978	0.00114
Q9Y2P4	0.00112
O14798	0.00049
Q99624	0.00047
P61956	0.00128
Q7Z6L0	0.00085
P11047	0.00158
Q9UKM9	0.00956
O95084	0.00155
P61769	0.00088
P52797	0.00066
Q8NB37	0.00257
P43250	0.00104
Q6KC79	0.00109
P42695	0.00158
Q13387	0.00115
Q9BUL5	0.00177
O94761	0.00122
P34896	0.00089
Q9Y296	0.00098
P28290	0.00163
O94864	0.00144
Q9NUL3	0.00877
Q9H169	0.00073
Q8WWQ0	0.00119
P08243	0.00072
P56749	0.00156
Q8NFP9	0.00093
Q9BQ95	0.00090
Q9BT17	0.00177
Q9UNE7	0.00126
Q96QD8	0.00078
Q9H7U1	0.04030
Q8NBJ7	0.00085
O95425	0.00858
Q86YL7	0.00215
Q9UHF0	0.00269
Q16635	0.00585
O94967	0.00114
O14907	0.00230
O43680	0.00185
P13385	0.00074
Q8NA92	0.00266
P30408	0.00160
O43657	0.00054
P50591	0.00079
Q969U7	0.00105
Q5SZQ8	0.00061
Q15388	0.00169
Q13107	0.00125
Q53FA7	0.00054
Q9BWH2	0.00109
Q16890	0.00105
Q8IZ08	0.00146
Q7Z4K8	0.00118
Q9UQ03	0.00092
Q9H0U9	0.00280
Q13509	0.00116
Q969W0	0.00051
Q68CR1	0.00037
Q15012	0.00147
Q13084	0.00103
Q9Y6N7	0.00095
Q5JTY5	0.00089
P09466	0.00067
Q92575	0.00097
O60701	0.00096
P11172	0.00105
Q9UKI2	0.00133
Q92995	0.00109
P06865	0.00135
Q9UPT9	0.00770
Q7Z7H8	0.00076
Q14508	0.00062
Q9Y508	0.00087
Q52M93	0.00054
Q96JF6	0.00211
O14678	0.00055
P02768	0.00135
P12429	0.00070
O14530	0.00229
O60512	0.00047
Q8IWV7	0.00118
Q15669	0.00208
P48664	0.00050
Q13510	0.00091
Q9BTM9	0.00072
Q9Y2S7	0.01028
P05026	0.00098
Q99832	0.00122
Q96HD1	0.00132
P03950	0.00101
Q15904	0.00063
Q16864	0.00166
Q9BX70	0.00115
Q9H8K7	0.00269
P49750	0.01444
Q9NRH1	0.00163
Q9HBL7	0.00077
P09936	0.00115
P55774	0.00052
Q9Y6N8	0.00112
Q9HC62	0.00099
O75312	0.00198
P52757	0.00100
P17540	0.00153
Q9UBI1	0.00162
O95445	0.00299
Q9NRX1	0.00138
P20674	0.00098
P09669	0.00052
P50238	0.00478
Q13011	0.00713
Q9NX09	0.00151
Q96FC9	0.00111
Q9BTE0	0.00127
P32249	0.00075
Q9HB65	0.00133
O43237	0.02094
Q9UKN7	0.00249
P43235	0.00261
Q6N063	0.00222
Q8NAV1	0.00195
Q96EA4	0.00235
Q9NX18	0.00083
Q9H7E9	0.00215
Q6IB77	0.00333
O75899	0.00074
P62424	0.00109
Q03013	0.00087
P01909	0.00059
Q9C086	0.00184
Q9H2D6	0.00191
Q15181	0.00085
O75936	0.00231
Q9H0I3	1.00313
O75874	0.00134
Q96P50	0.00183
Q9NZM3	0.00162
P00797	0.00167
P48357	0.00077
P23490	0.00104
O15525	0.00118
Q9NRC8	0.00139
P49641	0.00094
O43583	0.00123
Q9ULC4	0.00171
Q8IYB7	0.00286
Q96HS1	0.00977
Q9Y6G3	0.00057
P82932	0.00081
P24844	0.00331
P55209	0.00156
Q9UFN0	0.00085
Q86X76	0.00122
P00491	0.00116
P30086	0.00067
Q9UN74	0.00073
O14737	0.00129
Q8N8D1	0.00150
P16284	0.00146
O00291	0.00815
Q9H4M7	0.00200
P50336	0.00111
P53041	0.01121
Q9ULH0	0.00110
Q15819	0.00108
P11464	0.00088
P40306	0.00158
Q15262	0.00103
P01270	0.00107
P48304	0.00069
Q8N6T3	0.00087
Q8N5U6	0.00270
P23396	0.00121
Q9BV94	0.00158
Q9NQZ2	0.01201
Q96C92	0.04472
P50453	0.00119
P11309	0.00158
Q149N8	0.00111
P11166	0.00113
Q96R06	0.00321
Q9Y5U2	0.00257
P43307	0.00081
P17600	0.00093
P20366	0.00126
Q8NCB2	0.00106
P04183	0.00142
A7XYQ1	0.00054
Q13885	0.00127
O60315	0.00101
P17024	0.00198
P17097	0.00112
Q8TF21	0.00233
P63162	0.00211
P36405	0.02019
O14503	0.00116
Q8NC44	0.00103
O15182	0.00162
P54259	0.00154
P19367	0.01585
Q96CQ1	0.00048
Q9GZN7	0.00180
Q8TF65	0.00236
P21695	0.00217
P78417	0.00123
P31943	0.00131
Q16363	0.00109
Q9BTT6	0.00095
P05388	0.00089
Q00887	0.00089
P28328	0.00059
P52756	0.00220
P08865	0.00114
P63220	0.00076
O15197	0.00124
O14543	0.00088
P01033	0.00078
P57727	0.00093
P02787	0.00071
Q96K62	0.00063
Q96IZ7	0.00129
P68371	0.00120
O14579	0.00089
Q8IWT3	0.00140
P39905	0.00066
P56159	0.00062
Q99748	0.00023
O00451	0.00034
P32927	0.00101
P01266	0.00062
P16410	0.00086
P33681	0.00088
P10747	0.00051
P02786	0.00083
Q30201	0.00054
P31997	0.00048
Q9UM73	0.00137
Q05707	0.00258
O94925	0.00099
P51617	0.00095
P17655	0.00109
P31483	0.00111
P02511	0.00107
P49458	0.00084
P21802	0.00141
P43405	0.00085
O43896	0.00138
Q99665	0.00047
P08962	0.00094
P23468	0.00194
P09769	0.00116
Q01518	0.00130
P04085	0.00138
P01127	0.00093
O75197	0.00063
P10589	0.00068
Q9Y6F6	0.00051
Q9P107	0.00147
Q03060	0.00087
Q7Z628	0.00124
Q16656	0.01103
Q92918	0.00164
P28289	0.00198
Q9NZQ9	0.00169
Q8WU20	0.00121
Q13371	0.00090
P20941	0.00188
P25116	0.00094
Q13596	0.00150
P07996	0.00103
P15408	0.00138
O14713	0.00095
Q8TEQ6	0.00115
Q04759	0.00075
P36544	0.00081
O60675	0.00122
Q01650	0.00080
Q9UM63	0.00100
P25800	0.00593
Q8WV28	0.00064
O00401	0.00116
P52594	0.00122
P14778	0.00058
P01344	0.00126
P55286	0.00143
P19878	0.00081
Q8N1F8	0.00064
O14810	0.00052
O00116	0.00079
O15228	0.00128
P49763	0.00168
Q99627	0.00135
Q9H9Q2	0.00103
P49238	0.00045
P78423	0.00094
P23469	0.00068
O96018	0.00201
P01024	0.00109
P27918	0.01150
P11308	0.00102
O15061	0.02785
P17661	0.00207
P08100	0.00089
P50461	0.00078
Q86WU2	0.00039
P07204	0.00068
P04070	0.00057
P07196	0.00215
P12036	0.00216
Q9UPY6	0.00142
Q9Y6W5	0.00144
P48729	0.00643
P26583	0.00814
P18754	0.00140
Q96A00	0.00135
P50548	0.00093
Q969P0	0.00096
P49418	0.00110
P01031	0.00051
P13671	0.00067
P10643	0.00077
P10606	0.00999
P48058	0.00098
Q9Y698	0.00112
Q14831	0.00147
P51692	0.00093
P09683	0.00199
P47872	0.00121
P17677	0.00097
O75154	0.00064
Q7L804	0.00200
Q9BXF6	0.00157
Q8WXG8	0.00145
P43026	0.00129
Q6KF10	0.00052
O14607	0.00078
O15550	0.00092
Q04725	0.00220
P09603	0.00067
Q9NRA1	0.00077
P10070	0.00221
Q12884	0.00044
P59780	0.00099
P84085	0.00126
P52597	0.00153
Q16342	0.00114
P48444	0.00111
P04198	0.00112
P12524	0.00144
Q16787	0.00073
Q12913	0.00104
P03952	0.00124
P03951	0.00079
O14836	0.00106
Q9H2S9	0.00171
P12318	0.00057
O95249	0.00055
O14653	0.00068
Q15464	0.00097
P31785	0.00070
P05156	0.00157
Q9Y3B4	0.00150
Q9P2R6	0.00099
O95750	0.00073
P22455	0.00088
P27815	0.00196
Q14974	0.00155
P05155	0.00076
P09871	0.00089
Q99558	0.00110
P13591	0.00113
P11801	0.00125
O14492	0.00137
O15146	0.00152
Q8IWL2	0.00037
Q9UGM3	0.00053
Q02388	0.00102
P61073	0.00072
P05187	0.00091
O00220	0.00088
Q96IY4	0.00032
O75369	0.00118
Q8IVI9	0.00126
P02458	0.02077
Q07890	0.00100
Q9Y6Y9	0.00117
O75052	0.00124
Q9NY46	0.00142
P49683	0.00111
P01130	0.00058
P05106	0.00148
P01732	0.00073
P08253	0.00119
Q13217	0.00116
P06870	0.00045
P29622	0.00096
Q02539	0.00141
Q9UQ13	0.00163
P13647	0.00237
P50549	0.00080
P04275	0.00121
P07359	0.00057
P49711	0.00093
Q8TE12	0.00220
P25440	0.00129
P07358	0.00118
P51636	0.00067
P16885	0.00072
Q9H2K2	0.00132
Q96P71	0.00142
A8MTJ3	0.00060
Q9P2W3	0.00213
P46734	0.00094
Q9HAV0	0.00101
Q9H4M9	0.00107
Q9NZN3	0.00085
Q9P289	0.00172
P01563	0.00092
P48551	0.00150
P02708	0.00021
Q04844	0.00010
Q13641	0.00064
P09132	0.00117
O00410	0.00154
O95373	0.00185
O15397	0.01029
Q9NSE2	0.00061
Q9NYM9	0.00070
O15498	0.00068
Q9Y6H3	0.00225
Q15466	0.00116
Q9HAP2	0.00195
P35236	0.00094
P42680	0.00087
Q13705	0.00107
P35228	0.00111
Q9NY12	0.00113
P32519	0.00128
Q92904	0.00551
Q9NQZ3	0.05627
P21554	0.00046
Q14680	0.00128
Q9UKE5	0.00168
P16144	0.00098
P07550	0.00089
P13945	0.00068
Q9H2S1	0.00155
P01133	0.00050
Q13253	0.00054
P01303	0.00069
O95711	0.00078
Q99467	0.00039
O60239	0.00272
O14793	0.00078
O95633	0.00039
P30530	0.00097
Q63HR2	0.00446
Q15742	0.00840
O95996	0.00303
Q9Y2T1	0.00905
P51452	0.00089
Q9Y2D8	0.02416
Q92499	0.00119
P20337	0.00128
Q9UKA2	0.00185
Q9UKA1	0.00143
P21810	0.00133
P13984	0.00133
P21757	0.00137
Q02952	0.00133
P16671	0.00061
P28845	0.00047
P14543	0.00126
Q14112	0.00084
P32298	0.00087
P34947	0.00101
P15514	0.00116
O60664	0.00069
P10082	0.00052
Q16820	0.00151
P01350	0.00084
Q16819	0.00057
P30990	0.00026
P01148	0.00046
Q9H173	0.00092
P20645	0.00062
Q8TE85	0.00264
Q9NZI5	0.00130
Q6ISB3	0.00203
P11226	0.00113
P28070	0.00191
P30511	0.00044
P42166	0.00105
Q9UMF0	0.00241
Q9UIW2	0.00099
P10826	0.00190
Q00975	0.00131
Q13651	0.00032
Q9NZN5	0.00102
P53708	0.00140
P30101	0.00940
P15529	0.00109
P48509	0.00065
P55899	0.00088
Q15413	0.00084
O60885	0.00128
Q9UII4	0.00096
O60542	0.00000
Q9GZZ7	0.00000
P08922	0.00145
Q9Y6V0	0.00210
P30307	0.00135
Q9UHD4	0.00846
P50452	0.00132
P07477	0.00073
O95613	0.02077
Q13443	0.00069
O00463	0.02322
Q07001	0.00079
Q92558	0.00221
Q9P2E2	0.00113
Q9Y496	0.00218
P84074	0.00107
O94777	0.00040
Q9P2X0	0.00034
P09486	0.00171
P02461	0.00106
P20908	0.00084
P05362	0.00113
Q01344	0.00082
P09237	0.00090
P28908	0.02593
P32971	0.00089
P17813	0.00150
O14613	0.00198
Q9Y253	0.00130
P29279	0.00195
Q15835	0.00048
P12757	0.00639
Q13884	0.00228
O00470	0.00077
P08637	0.00118
P28907	0.00045
P02652	0.00066
P47813	0.00121
Q9NP84	0.00050
P00747	0.00086
P35916	0.00117
P49767	0.00050
Q9HCX4	0.00041
Q13239	0.00084
P18031	0.00109
Q9C0C2	0.00140
Q9H251	0.00189
P10147	0.00049
P33897	0.00132
Q9UBJ2	0.00059
O95049	0.00206
Q8NI35	0.00212
O14829	0.00192
O14830	0.00139
P00748	0.00065
P63172	0.00251
P78314	0.00088
O43561	0.00046
Q8IXK2	0.00058
P18564	0.00119
P30874	0.00073
P04004	0.00119
Q9UGU0	0.00137
P48544	0.00058
Q13555	0.00114
P36888	0.00100
P23634	1.00071
O14786	0.00842
O95835	0.01039
P18433	0.00106
Q9UQR1	0.01397
P50151	0.00192
P08603	0.00077
Q8TAE7	0.00029
O95259	0.00093
Q8TDN2	0.00053
P48547	0.00026
Q9H3M0	0.00057
P29317	0.00096
O43915	0.00060
P55010	0.00119
P00480	0.00061
Q9Y3E7	0.00088
P17931	0.00437
Q9UHC1	0.00102
P54277	0.03672
O60391	0.00384
Q05586	0.00088
Q15582	0.00182
P46013	0.00179
Q9NRR8	0.00167
Q9NRR3	0.00106
P26718	0.00031
P51888	0.00208
P98095	0.00084
Q14957	0.00194
P22301	0.00118
Q15562	0.00081
P14222	0.00115
O00482	0.00130
O60869	0.00076
Q13133	0.00160
Q14118	0.00104
P02741	0.00077
P02745	0.00069
Q9H4Z2	0.00114
Q9ULV8	0.00079
Q92608	0.00108
Q14677	0.00106
P04921	0.00112
Q9HD36	0.00065
P28069	0.00087
P13725	0.00097
P01374	0.00068
O00244	0.00212
Q9UMZ2	0.00082
P15559	0.00087
O95819	0.00215
Q9P021	0.00111
P37088	0.00122
P51168	0.00080
Q9NS91	0.00120
Q16595	0.00098
Q99990	0.00231
Q13635	0.00071
Q99835	0.00081
P35625	0.00073
Q04912	0.00087
Q15256	0.00095
P54829	0.00053
O95977	0.00048
Q9UK23	0.00044
Q8WWW0	0.00115
Q9NYA1	0.00139
Q02818	0.00079
P34998	0.00110
P55089	0.00064
P24387	0.00208
Q92466	0.00108
P43631	0.00037
Q03188	0.00137
P08833	0.00095
P02765	0.00090
Q15366	0.00136
P27695	0.00537
P07148	0.00101
P17301	0.00097
P11215	0.00058
P08648	0.00112
Q9NSV4	0.00204
Q15573	0.00142
Q53T94	0.00109
Q15572	0.00088
P37287	0.00089
P57054	0.01732
Q9BRB3	0.00136
Q9NP31	0.00136
P40424	0.00089
P48061	0.00045
P10243	0.00151
Q13901	0.00111
P51451	0.00111
P23763	0.00052
Q9P0L0	0.00122
P56645	0.00246
Q7Z6G8	0.00110
P08700	0.00271
P26951	0.00056
P43626	0.00048
P42685	0.00093
P10323	0.00077
Q86Y82	0.00109
P15391	0.00051
P20023	0.00034
Q12955	0.00146
P25874	0.00066
P08572	0.00109
P55327	0.00084
Q969L2	0.00076
P41159	0.00175
Q92556	0.00096
Q16633	0.00111
Q9NRY4	0.00137
Q16514	0.00216
Q7Z7C8	0.01892
P53805	0.00099
Q9H3P7	0.00155
O75509	0.00096
P08697	0.00032
Q0VDF9	0.00069
O15344	0.00909
Q96F44	0.00118
P13498	0.00094
P07954	0.00140
O43557	0.00117
P36941	0.04115
P55058	0.00063
P00488	0.00198
P05160	0.00050
Q16613	0.00085
P61925	0.00147
Q969Q1	0.00583
O14654	0.00134
Q9HD47	0.02913
P21728	0.00068
P30542	0.00054
Q13586	0.01326
Q9P246	0.00145
P12272	0.00066
Q03431	0.00108
Q16740	0.00125
Q99615	0.01509
P11277	0.01748
Q9NS28	0.00077
P02743	0.00094
P04003	0.00126
P09017	0.00107
P09016	0.00107
Q07687	0.00065
O43283	0.00085
P08473	0.00066
Q16649	0.00127
P60763	0.00148
Q99828	0.00247
P01160	0.00342
P17342	0.00080
P23582	0.00066
P20594	0.00200
Q99062	0.00091
O00300	0.00226
O14788	0.00091
Q9NQR1	0.00072
P50876	0.00061
P30203	0.00087
Q13740	0.00084
Q7RTX0	0.00000
Q8TE23	0.00000
P13747	0.00056
P00736	0.00101
Q14573	0.00111
Q9ULV0	0.00159
O95997	0.00145
P30041	0.00095
P06127	0.00061
Q8IVW6	0.00103
Q09013	0.00107
Q9P1A6	0.00148
O95886	0.00153
Q14449	0.00190
Q9UDT6	0.00200
O75122	0.00248
Q9BYG5	0.00915
O43187	0.00127
Q9Y616	0.00091
P23771	0.00117
P23327	0.00067
Q8WXE1	0.00161
Q9BWW4	0.00159
Q96LC9	0.00193
Q92817	0.00137
P35713	0.00127
P15173	0.00174
P13349	0.00212
P47874	0.00263
Q9HBH7	0.00119
P03956	0.00035
Q9UI10	0.00129
P55347	0.00197
P13051	0.00137
Q9Y2V3	0.00150
O95343	0.00192
P58304	0.01640
P14653	0.00149
Q05925	0.00098
P50579	0.00095
Q14106	0.00132
Q13362	0.01599
Q16589	0.00308
O75695	0.00142
Q92629	0.00063
Q13326	0.00097
P41970	0.00117
P40425	0.00120
Q99706	0.00079
P26715	0.00045
Q13241	0.00044
P26717	0.00030
P04553	0.00257
P09544	0.00061
Q8N474	0.00102
O60353	0.00040
Q9H765	0.00087
O43865	0.00181
Q99973	0.00146
P05108	0.00098
P10109	0.00073
P55042	0.00155
P78504	0.00139
O00548	0.00151
Q9NR81	0.00180
P48645	0.00128
Q9GZQ4	0.02473
Q9Y4G6	0.00162
Q96GW7	0.00062
P61163	0.00252
Q8TD16	0.01147
Q9Y6R4	0.00165
Q96JC9	0.00694
O00472	0.00118
P53801	0.00059
O15400	0.00076
P07306	0.00050
P07307	0.00048
O15245	0.00038
Q9Y6Q6	0.00226
P55210	0.00097
P02760	0.00084
P26010	0.00068
P15918	0.00153
Q13952	0.00126
P23945	0.00064
P28356	0.00126
P12271	0.00110
Q92781	0.00077
P30518	0.00113
P13236	0.00052
O43592	0.00121
Q96PB7	0.00108
Q99972	0.00088
P23229	0.00076
O95319	0.00085
P25774	0.00120
P20783	0.00062
Q16620	0.00098
Q16288	0.00089
P48039	0.00112
O43291	0.00166
P57682	0.00155
P20742	0.00056
P32942	0.00051
Q13349	0.00117
O95407	0.00187
Q02763	0.00071
Q15389	0.00053
O15123	0.00106
Q8TDR2	0.00091
Q99574	0.00048
P50395	0.00093
Q9H013	0.00128
P04180	0.00051
Q92673	0.00135
P35372	0.00089
P21730	0.00048
P35354	0.00114
P98172	0.00737
P25067	0.00137
Q12851	0.00147
Q16674	0.00134
Q12934	0.00299
Q9BY84	0.00136
P03973	0.00078
P22001	0.00167
Q09470	0.00104
Q13303	0.00112
Q06190	0.00208
Q9Y371	0.00125
Q96NA2	0.00077
Q9C000	0.00073
P30154	0.00206
O43184	0.00121
Q9Y219	0.00059
Q9BXP8	0.00140
Q15691	0.01847
P07766	0.00061
P25025	0.00050
P22413	0.00055
P05114	0.00174
P06734	0.00049
Q9BXS0	0.00357
O15230	0.00096
P25391	0.00117
P48051	0.00059
Q96Q15	0.00278
Q06828	0.00176
Q8NFZ4	0.00105
Q9NZ94	0.00070
Q9NS37	0.00093
Q14990	0.00157
Q9NPE6	0.00035
Q9UBD9	0.00167
P15382	0.00149
Q9Y6J6	0.00149
O95998	0.00093
Q14116	0.00149
Q9UBR4	0.01372
O14817	0.00075
Q99714	0.00110
Q9NSC2	0.00069
Q9Y2T3	0.00113
Q9NZV8	0.00089
Q96RN1	0.00095
Q15631	0.00127
Q15054	0.00140
Q14694	0.00129
Q9UBT7	0.00200
P13598	0.00084
P80108	0.00038
P54764	0.00103
P52803	0.00051
Q15375	0.00105
Q7L8C5	0.00101
O95398	0.00130
Q92565	0.00151
P31371	0.00086
O60725	0.00068
P06850	0.00071
Q13324	0.00068
Q86W56	0.00077
Q13237	0.00133
Q15746	0.00082
Q9UHA4	0.00191
Q9Y2Q5	0.00127
Q96S55	0.00094
P23588	0.00139
Q14012	0.00114
Q96RR4	0.00163
P00439	0.00058
P09417	0.00067
P20849	0.00191
Q15363	0.00112
Q9H2G9	0.00570
Q9BQQ3	0.00224
Q9Y3Q3	0.00090
P01135	0.00109
P49755	0.00085
Q15399	0.00060
Q8WTR2	0.00098
P24468	0.00103
P04141	0.00169
P15509	0.00084
P05113	0.00273
Q9HD15	0.00072
Q24JP5	0.00073
Q07011	0.00076
P49427	0.00111
Q9UJX6	0.00183
P02679	0.00085
P02675	0.00083
Q9H9T3	0.00090
Q6IA86	0.00091
Q96EB1	0.00069
Q9ULH1	0.00123
Q02086	0.00270
Q02446	0.00121
P13224	0.00155
O14649	0.00130
P04054	0.00051
P14555	0.00120
O14618	0.00076
Q06730	0.00086
Q14999	0.00137
Q9UK99	0.00149
Q8NEZ5	0.00126
P68363	0.00111
Q8N3Y1	0.01637
P48167	0.00061
Q9BZ71	0.00125
O00562	0.00120
Q9BZ72	0.00058
P40238	0.00262
Q8WWM7	0.02166
Q8WWW8	0.00112
P14651	0.00075
P09630	0.00122
P31249	0.00153
P13378	0.00116
P28358	0.00142
P31277	0.00065
Q16533	0.00106
Q92966	0.00128
P24821	0.00080
Q96QC0	0.00117
Q14684	0.00101
P08908	0.00098
P21453	0.00098
P13631	0.00171
Q96G01	0.00364
P51959	0.01685
O95238	0.00156
Q99801	0.00095
Q712K3	0.00105
P08574	0.00069
P29992	0.00088
P49796	0.00233
P30411	0.00096
P43489	0.00330
Q13637	0.00123
Q86UN6	0.00616
O75563	0.00131
P31645	0.00084
Q6GTX8	0.00369
P43699	0.00087
P09234	0.00174
P56539	0.00166
P40617	0.00198
Q96CJ1	0.00199
P15502	0.00070
P55001	0.00061
Q16143	0.00087
P52566	0.00072
Q16600	0.00157
Q8N196	0.00067
Q99504	0.00142
Q9UIU6	0.00064
Q13542	0.00070
Q9BYV6	0.00625
Q9BYV2	0.00664
Q9Y692	0.00116
P28715	0.00069
P32246	0.00077
P55773	0.00045
Q13474	0.00166
Q9BXM0	0.00117
P30622	0.00180
Q8TF40	0.00127
Q13131	0.00175
P62753	0.00096
Q9BY77	0.01136
Q9UBS0	0.00115
O00418	0.00093
Q9NYV6	0.00067
Q9BVC4	0.00113
Q8NFG4	0.00095
Q86VF7	0.00133
P30531	0.00114
O00626	0.00053
P51679	0.00052
Q9UG01	0.03003
Q969G2	0.00796
P17544	0.00081
Q9NRF2	0.00079
P19883	0.00077
P09529	0.00048
P35612	0.00181
P15374	0.00144
Q6ZSZ5	0.00448
Q9UBP9	0.00109
P20701	0.00074
P15813	0.00055
Q92572	0.00106
O75366	0.00120
O14594	0.00397
Q8WXE9	0.00120
Q9UBC2	0.00153
Q8N9I0	0.00068
Q969W1	0.00066
O00592	0.00121
P01579	0.00060
P15260	0.00072
Q6P1X5	0.00265
Q9BXR6	0.00052
Q9Y2H9	0.00236
O75161	0.01134
Q969J5	0.00108
Q9GZX6	0.00215
Q01954	0.00164
P31323	0.01274
Q92806	0.00112
Q12837	0.00079
P56178	0.00049
P31273	0.00125
O60609	0.00000
Q5T4W7	0.00000
Q9UNH7	0.00154
Q9H221	0.00096
Q9H222	0.00051
Q13487	0.00051
P14735	0.00132
Q9GZR2	0.00092
A1A4S6	0.00112
Q6P5Z2	0.00202
Q9UNA1	0.00234
Q5T230	0.00080
Q03468	0.00105
Q8WUH2	0.00057
Q9P2B2	0.00071
O43763	0.00096
Q9Y2Y0	1.00261
O60494	0.00049
P27352	0.00032
Q9H7C4	0.00253
P10645	0.00309
Q15744	0.00131
P53355	0.00129
Q9H0F6	0.00197
Q6VN20	0.00098
Q8IVF7	0.00116
P51608	0.00103
O43752	0.00090
O14662	0.00089
Q96AJ9	0.00080
Q9UMD9	0.00169
Q9NTJ3	0.00110
Q5JTD0	0.00151
Q92529	0.01066
O75027	0.00100
P22830	0.00069
P42701	0.00063
Q5VWK5	0.00036
Q9NPF7	0.00045
P16619	0.00052
Q15406	0.00057
Q96RL1	0.00116
Q15021	0.00104
Q9UI12	0.00137
P23470	0.00609
Q9C0C4	0.00136
Q03052	0.00063
P28827	0.00184
Q02224	0.01917
P07357	0.00046
P07360	0.00169
Q9Y2R2	0.00120
Q9UBE8	0.00165
Q03167	0.00056
P02748	0.00074
Q9NS69	0.00084
Q8IW41	0.00117
Q9Y264	0.00052
P35590	0.00111
Q02817	0.00056
Q96FL9	0.00121
Q9H3R2	0.00060
P04234	0.00072
P19957	0.00109
P07476	0.00120
Q68EM7	0.00136
Q7L576	0.00159
P22004	0.00047
O14514	0.00063
P12235	0.00061
O75146	0.00123
P41146	0.00112
Q13519	0.00143
P18085	0.00097
Q5VWQ8	0.00113
Q9NRW1	0.00151
O14682	0.00166
P42081	0.00049
P35555	0.00075
Q7Z3K3	0.00143
P20151	0.00061
O75787	0.00082
O95235	0.00199
O15539	0.00085
P50553	0.00066
P51810	0.00033
Q96I99	0.00086
P26374	0.00080
O15533	0.00107
Q9NR80	0.00194
P17481	0.00069
P40879	0.00113
P35243	0.00060
O76090	0.00069
P52799	0.00109
P61371	0.00177
Q96A47	0.00147
P19320	0.00119
Q8NFH8	0.00149
Q05066	0.00078
Q14571	0.00112
Q6UX01	0.00096
P46695	0.00196
P35680	0.00155
Q01968	0.00160
P43121	0.00088
Q9Y4A8	0.00121
P51153	0.00102
P28906	0.00038
Q15436	0.00115
O95487	0.02095
Q9Y490	0.00135
O43581	0.00176
Q8NBV8	0.00071
Q9BQG1	0.00061
P55017	0.00164
P08235	0.00095
Q9NRM6	0.00074
Q96S52	0.00068
O00194	0.00065
Q8NCM8	0.00256
Q8TCX1	0.00341
Q96BR1	0.00117
P01225	0.00024
O43593	0.01609
P11474	0.00077
O95718	0.00115
O14796	0.00081
A9YTQ3	0.00038
Q96D71	0.00156
Q5T1C6	0.00144
Q99502	0.00119
P30273	0.00045
Q01362	0.00098
O95153	0.00231
P30536	0.00059
Q9NWW0	0.00101
P21583	0.00223
Q8WTV0	0.00079
Q14512	0.00124
Q9NWQ8	0.00098
Q6PIZ9	0.00053
Q9H4Z3	0.00117
P12259	0.00086
Q9P2S2	0.00118
Q9HDB5	0.00107
O00468	0.00104
P08254	0.00137
P22894	0.00113
P09238	0.00043
P45452	0.00113
P25024	0.00106
P0C0L4	0.01514
O00189	0.00208
P23610	0.00058
Q9UP65	0.00128
P09455	0.00099
P12273	0.00262
P28562	0.00170
O43847	0.00121
P07498	0.00144
Q8NDB2	0.00073
Q13219	0.00184
O43148	0.00073
O60942	0.00091
Q969P5	0.00116
P62508	0.00129
Q02556	0.00075
P02749	0.00080
Q13797	0.00231
P35052	0.00247
Q9Y235	0.00030
Q8N257	0.00800
P08949	0.00118
P28336	0.00059
Q15172	0.01390
Q15428	0.00536
O96011	0.00084
O43808	0.00074
Q02930	0.00091
P30419	0.00106
Q9H4L4	0.00131
O95382	0.00145
Q9GZY0	0.01138
P46939	0.00167
Q9UK22	0.00068
Q9Y239	0.00136
Q06418	0.00115
Q8WWL7	0.00285
P54753	0.00120
P25103	0.00048
P29371	0.00061
Q6DJT9	0.00059
Q14994	0.00126
O75382	0.00117
P58753	0.00114
Q9BYK8	0.00197
P18089	0.00082
P18825	0.00165
P55061	0.00039
P14616	0.00123
Q15052	0.00202
Q9H074	0.01631
Q01113	0.00066
P48200	0.00117
Q15257	0.00172
Q9UBF9	0.00144
Q9Y5U5	0.00092
P08151	0.01272
P12314	0.00057
O75015	0.00063
Q96CA5	0.00140
P12109	0.00070
P11684	0.00092
Q9C0K7	0.00099
Q9NWT1	0.00132
P20138	0.00095
O00187	0.00129
P48740	0.00109
Q9UQP3	0.00084
P06681	0.00038
P0C0L5	0.00137
Q00978	0.00085
Q15776	0.00100
P23409	0.00151
Q16559	0.00185
P32248	0.00031
Q99731	0.00060
Q8TCU5	0.00065
O60729	0.00108
O15264	0.00087
P61328	0.00225
Q92913	0.00090
Q9BXI6	0.00111
P13987	0.00092
P31260	0.00073
Q02985	0.00047
Q92496	0.00069
Q14442	0.00181
P18054	0.00068
Q96RU8	0.00117
Q03111	0.00122
P55285	0.00105
Q13216	0.00120
P24592	0.01333
P22692	0.00122
Q14254	0.00119
Q92752	0.04313
P49765	0.00092
P43630	0.00161
Q14393	0.00037
P05129	0.00125
Q8WVM7	0.00164
Q8N3U4	0.00114
Q13478	0.00357
Q9NQB0	0.00111
P35556	0.00072
Q16666	0.00106
Q5JS13	0.00259
Q8N0W4	0.00112
Q8N3V7	0.00117
P40227	0.00124
P50991	0.00123
P78318	0.00137
Q6NUP7	0.00149
Q8WZ74	0.00216
Q9P2B4	0.01539
Q9ULQ0	0.00164
Q9BRV8	0.00208
Q9NVK5	0.00124
Q66LE6	0.00104
Q9Y570	0.00114
Q16537	0.01039
P50990	0.00119
O95684	0.06749
Q15173	0.03936
Q9Y228	0.00173
Q9Y2T4	0.00124
O00743	0.00103
Q96P09	0.00070
P51911	0.00186
Q9UBC5	0.00083
O00339	0.00152
P24071	0.00053
Q9BTV7	0.00316
P20702	0.00054
O43602	0.00189
Q9C0A0	0.00123
Q9BZ76	0.00045
Q16586	0.00083
P28325	0.00327
Q13129	0.00121
P09958	0.00092
Q13751	0.00112
Q13753	0.00200
Q5VVH5	0.00209
O75330	0.01362
O60890	0.00121
Q06643	0.00048
Q9GZY6	0.00065
Q01955	0.00048
P55895	0.00109
P05112	0.00092
P10523	0.00065
Q6UXI9	0.00065
P20916	0.00133
Q03692	0.00160
Q9ULV3	0.00159
Q9UKL3	0.00102
Q9BZW8	0.00058
Q9NZC3	0.00059
Q15569	0.00102
Q96S53	0.00177
P38484	0.00061
P22303	0.00096
Q99727	0.00282
Q9BYH8	0.00074
O75914	0.00113
Q13367	0.00155
P84996	0.00080
P32241	0.00055
Q15120	0.00114
Q99952	0.00114
Q9ULW0	0.00120
P00738	0.00091
Q8N3R9	0.00908
P22748	0.00151
Q9NP85	0.00057
O95988	0.00143
A8K7I4	0.00027
Q02962	0.00162
P51684	0.02454
P78556	0.00145
O15354	0.00107
P62253	0.00105
Q9Y385	0.00096
Q9GZX9	0.00086
Q9H2X0	0.00087
P13497	0.00098
Q01484	0.00177
P61018	0.00154
P37023	0.00126
Q01970	0.00182
P07951	0.01464
Q9Y250	0.00775
Q9NV58	0.00063
Q96C74	0.05156
Q9HAT0	0.01477
P23560	0.00116
Q99590	0.00149
O60759	0.00572
P01275	0.00129
P43220	0.00061
P54845	0.00124
Q96SL8	0.00061
P21980	0.00097
O14802	0.00122
O14672	0.00090
Q9Y2I1	0.00120
Q8TF74	0.00147
Q9H0R5	0.00096
P19544	0.00153
O95067	0.02111
Q9H082	0.00114
Q9HAV5	0.02551
O14924	0.00607
Q9BWT7	0.00665
P07288	0.00243
Q9UKJ1	0.00110
P0DJI8	0.00046
Q8TEM1	0.00100
P67936	0.00132
P58166	0.00106
Q9Y4K4	0.00125
Q9UM01	0.00038
Q8TBR7	0.00037
O00590	0.00056
P80075	0.00022
Q99616	0.00037
Q06945	0.00081
P51677	0.00031
P51671	0.00039
P08571	0.00089
P18428	0.00120
P60201	0.00061
P25189	0.00110
Q01453	0.00035
Q16527	0.00145
Q9H2K8	0.00252
Q15784	0.00151
Q9BWX5	0.00097
Q9Y5W3	0.00115
Q92908	0.00064
P10916	0.00079
P29459	0.00164
P29460	0.00057
P21359	0.00107
P21452	0.00067
P11908	0.00138
Q92777	0.00094
O14994	0.00074
P41161	0.00085
O14948	0.00069
P18850	0.00056
Q14524	0.00113
P53778	0.00118
Q16849	0.00065
P30989	0.00035
P34130	0.00100
Q14494	0.00118
O95644	0.00101
Q14183	0.01053
Q9UP38	0.00115
Q14332	0.00104
Q9ULV1	0.00111
O14493	0.00097
P56747	0.00051
P56748	0.00118
Q9H0C5	0.00143
O95475	0.00103
P49789	0.00132
Q8WY54	0.00190
O15226	0.00098
Q92750	0.00200
P23515	0.00063
Q9BZR6	0.00119
P10646	0.00070
P00740	0.00065
Q6NZY4	0.00121
Q9NWB7	0.01641
Q9H269	0.00112
Q96AX1	0.00111
Q9Y3L3	0.02547
Q96DY7	0.00084
Q99650	0.00116
O14958	0.00188
Q9NZA1	0.00080
P00540	0.00881
P28698	0.00055
P50914	0.00089
P59190	0.00131
Q96SZ6	0.00097
P56705	0.00099
P25063	0.00059
P11487	0.00079
Q99466	0.00104
Q9Y4G8	0.00116
O00458	0.00092
Q15915	0.00304
O95409	0.00269
O60481	0.00240
Q9H6Q3	0.00080
Q9BXL7	0.00210
P52824	0.00068
P10911	0.00149
P22059	0.00087
P15863	0.00260
P50221	0.00675
Q06710	0.00096
P51790	0.00226
P10588	0.00184
Q13588	0.00075
P00450	0.00114
P49190	0.00112
Q03519	0.00077
O75901	0.00291
P09564	0.00040
P42338	0.00097
P43627	0.00062
Q8WXF8	0.00079
P36871	0.00098
Q16821	0.00262
Q96Q89	0.00218
Q92985	0.00090
Q13492	0.00111
P35237	0.00080
Q13568	0.00147
Q9HCS4	0.00114
Q99941	0.00068
O43914	0.00049
Q5TFQ8	0.00181
O75888	0.00101
Q9BV73	0.01859
Q8WTT0	0.00182
O15318	0.00076
Q14642	0.00096
O75626	0.00107
Q99717	0.00122
P47870	0.00075
P61803	0.00067
Q16644	0.00109
P00813	0.00065
P06732	0.00114
Q13642	0.00122
P30405	0.00131
P05062	0.00163
P09972	0.00117
P08913	0.00090
Q13115	0.00231
P43004	0.00074
P55087	0.00315
O43399	0.00096
Q12866	0.00119
Q14242	0.00116
Q14722	0.00130
Q8WYL5	0.00149
Q76I76	0.00176
P02753	0.00129
O95704	0.00071
O43852	0.01052
P13489	0.00139
P30556	0.00726
P01189	0.00149
Q15633	0.00106
Q96DU3	0.00033
O95297	0.00116
P07225	0.00101
Q92823	0.00070
P51817	0.00224
Q9Y2D5	0.00153
Q7Z4T9	1.00156
O15520	0.00220
P11150	0.00062
P07197	0.00205
Q9UIF7	0.00083
Q9H165	0.00080
Q9C0K0	0.00071
Q6PI48	0.01488
Q12904	0.00109
Q86WQ0	0.00185
Q9UBV8	0.01100
P25092	0.00099
Q9C029	0.00107
Q8WYR1	0.00068
P02489	0.00150
P43320	0.00110
P07315	0.00056
Q9Y689	0.00112
Q8WX93	0.03410
Q96P31	0.00040
P60983	0.00052
Q9UGK8	0.00195
Q5VV67	0.00161
P78413	0.00173
Q9Y6X0	0.00133
Q9NQL2	0.00111
Q5VZM2	0.00212
Q92615	0.00190
Q96EP5	0.00213
Q9Y243	0.00149
O94813	0.00111
P06276	0.00169
Q9Y215	0.00138
O95628	0.00080
Q92738	0.00119
P48145	0.00055
Q8N729	0.00157
Q8NG41	0.00073
Q9BYG4	0.01391
Q9UKT4	0.00168
Q96JB2	0.00456
Q96MW5	0.00171
Q9Y2V7	0.01015
Q8WWZ3	0.00080
Q9UNE0	0.00046
Q96HE7	0.00115
Q86YB8	0.00077
O95352	0.00122
O14512	0.00131
P50607	0.00203
P20073	0.00086
P56817	0.00091
Q9UL54	0.00272
Q8TBC3	0.00127
Q01814	0.00810
P16473	0.00107
O15374	0.00097
Q9Y5Z0	0.00179
P15169	0.00207
P29803	0.00190
Q9H1K0	0.00112
Q9NRW7	0.00083
Q8WYP3	0.00123
Q8TEU7	0.00093
Q15049	0.00146
P53671	0.00209
Q9Y3I1	0.00393
Q9UKT8	0.00139
Q9UKT7	0.00133
Q9H4M3	0.00267
Q96T51	0.00136
Q12947	0.00074
P52798	0.00043
Q01850	0.01304
Q8NG08	0.00092
Q15643	0.00142
Q8WXH0	0.00164
O95365	0.00122
Q8N556	0.00097
O60673	0.00176
Q9Y6U3	0.00170
Q86SQ0	0.02311
P47900	0.00084
Q8NFZ0	0.00112
P11216	0.00136
Q13319	0.00184
Q8N144	0.00157
P18858	0.00117
Q9UHD8	0.00205
O75144	0.00047
Q9Y6W8	0.00164
O43422	0.00116
Q16777	0.00114
Q9HB19	0.00145
Q9HB21	0.00121
Q9Y5X4	0.00138
Q16762	0.00156
Q9NVW2	0.00107
P61221	0.00087
Q05823	0.00102
Q9NSB8	0.00297
P04279	0.00168
Q02383	0.00115
P50895	0.00083
Q96QH2	0.00179
P43681	0.00054
Q7RTV0	0.01354
Q9BWJ5	0.01455
O15042	0.00808
O43143	0.00149
Q8IWX8	0.00718
Q7L014	0.00210
O75937	0.00164
Q13477	0.00040
Q01638	0.00047
Q13445	0.00109
Q9UMX2	0.00164
Q9BPZ3	0.03336
Q9ULC0	0.00060
O00622	0.00069
P08240	0.00080
P43308	0.00234
P35611	0.01498
Q7Z569	0.01223
P01236	0.00209
P49589	0.00155
Q08334	0.00100
Q8N6P7	0.00069
O75923	0.00124
P16150	0.00082
Q9NZH6	0.03092
P10144	0.00065
Q9H2X3	0.00099
Q9NNX6	0.00129
Q99661	0.00230
Q9H293	0.00171
Q9HB89	0.00125
Q9NQT8	0.00138
Q9UBK5	0.00028
P56962	0.00089
O95147	0.00093
P09693	0.00036
Q8WVN6	0.00057
Q96KJ9	0.00440
P00167	0.00065
Q9UHB4	0.01753
P16435	0.00073
P33261	0.00035
P11712	0.00067
P05177	0.00045
Q9ULB4	0.00174
Q9ULB5	0.01002
O75056	0.00100
Q99489	0.00081
Q13835	0.00164
P02533	0.01139
Q14206	0.00070
Q14318	0.00108
P09622	0.00155
Q99814	0.00106
P63098	0.00147
Q9NPB3	0.00127
Q9NP86	0.00207
P05423	0.00116
Q9NW08	0.00101
Q9NVU0	0.00112
Q9Y535	0.00086
Q9Y2Y1	0.00133
P21731	0.00133
Q99698	0.00168
Q96DF8	0.00229
Q9UBB6	0.00126
P57723	0.00108
Q6Y2X3	0.00066
Q8N137	0.00422
Q9HC77	0.02722
Q9NRX2	0.00060
Q96K83	0.00288
Q9BZC1	0.00098
Q9HD67	0.00170
Q13698	0.00110
P21918	0.00044
P24043	0.00188
Q16690	0.00118
P40123	0.00175
Q14108	0.00080
O75531	0.00108
Q86UQ8	0.00128
Q13506	0.00130
P01009	0.00075
P30740	0.00126
P24158	0.00106
O00602	0.00111
Q9P2J5	0.00171
P12081	0.00115
P16581	0.00105
O75475	0.00099
Q96SD1	0.00166
P49716	0.00089
O14944	0.00040
Q9BY49	0.00057
P01588	0.00159
P21941	0.00148
O15232	0.00133
O95460	0.00089
Q8NI08	0.00187
Q8TD17	0.00212
Q9UP52	0.00187
P20290	0.00252
Q86VB7	0.00072
P17643	0.00111
Q7Z7M9	0.00040
Q9UI47	0.00205
P00746	0.00016
Q92729	0.00083
P04196	0.00078
O75487	0.00077
O14511	0.00136
Q8IZL2	0.00061
Q96JK9	0.00097
P45379	0.00172
P48788	0.00216
P17752	0.00108
Q13043	0.00157
Q8WXG6	0.00148
P78356	0.00125
P07101	0.00122
P08311	0.00193
O96020	0.00181
Q01538	0.00245
Q06141	0.00180
Q8N6C5	0.00097
O43493	0.00109
Q6VY07	0.00277
Q9HCN6	0.00083
Q9UDY4	0.00154
P29322	0.00180
Q9Y3P8	0.00029
P15291	0.00058
Q8IX07	0.00083
Q9UNN4	0.00097
Q15485	0.00060
Q92570	0.00055
Q92583	0.00027
Q8TD23	0.00150
Q16831	0.00104
O95045	0.00183
Q9UGN5	0.00119
Q9UQQ2	0.00129
Q9UN37	0.00089
Q4KMG0	0.00093
Q92932	0.00098
Q86TP1	0.00194
P33032	0.00047
P41968	0.00066
Q01726	0.00045
Q99583	0.00105
Q6GPH4	0.00126
Q9Y2G2	0.00130
Q15907	0.00112
P20265	0.00059
Q9NWZ3	0.00092
Q92838	0.00092
O43164	0.00170
Q9Y6R0	0.00169
Q96IK5	0.00194
Q9Y5K5	0.00445
Q99871	0.03337
Q14397	0.00099
P16949	0.00108
Q8NHZ8	0.00263
P09488	0.00366
P28161	0.00076
P00751	0.00116
P02763	0.00069
Q9BZ29	0.00136
Q6NZY7	0.00109
Q9H7P9	0.00123
Q9H4E5	0.00141
Q14644	0.00109
Q9H1H9	0.03084
P11498	0.01968
P17174	0.00136
P07911	0.00075
Q8IYD1	0.00263
P98174	0.00085
Q9Y5W8	0.00118
P33402	0.00115
Q96HJ5	0.00037
P12544	0.00140
O75884	0.00067
Q719I0	0.00262
O00585	0.00061
P0DN86	0.00066
O75462	0.00057
P49006	0.00096
Q9NP99	0.00036
Q86UL8	0.00206
Q9UJW0	0.00250
B3KU38	0.00220
O95208	0.00166
Q13127	0.01443
P39060	0.00095
Q9UGI0	0.00335
Q6GQQ9	0.00108
Q9Y2T2	0.00120
Q7Z4I7	0.00133
P29376	0.00110
Q12981	0.00130
P35442	0.00073
Q9UQ84	0.00144
Q9NPY3	0.00091
P0DY56	0.00051
Q99607	0.00105
Q15723	0.04919
Q14766	0.00062
Q03252	0.00177
Q5JTV8	0.00085
Q13404	0.00082
Q9H3Z4	0.00126
P55265	0.00099
Q14CN4	0.00315
O94812	0.00050
P29373	0.00137
O95490	0.00115
Q9UBZ9	0.00162
P0DML3	0.00094
P41002	0.00136
P01584	0.00087
P51178	0.00133
P18510	0.00061
O15297	0.00110
Q9P013	0.00196
Q9UPN6	0.00220
P26373	0.00098
O95944	0.00043
P31994	0.00097
P35858	0.00043
P55851	0.00097
P55916	0.00146
P35452	0.00102
Q9Y5Q3	0.00075
Q9NP71	0.00090
P27487	0.00117
O75529	0.00101
Q96BN2	0.00140
Q9BZV1	0.00130
O14828	0.00099
P08684	0.00044
Q9NPL8	0.00041
Q76B58	0.00078
Q96GC9	0.00078
Q12765	0.00086
O94955	0.00150
Q16698	0.00109
Q9H0X9	0.00094
Q8IV08	0.00083
Q9NR11	0.00124
O75069	0.01370
O15194	0.00089
Q14258	0.00115
Q9UL19	0.00067
Q7Z6E9	0.00125
Q8NAP3	0.00189
P58658	0.00091
Q96DE5	0.00242
Q9NZJ0	0.00115
P49281	0.06311
Q9BT67	0.00162
Q5TC12	0.00062
Q96TA2	0.00089
Q96KN1	0.00062
Q969F2	0.00120
Q9BXX0	0.00123
P54826	0.00281
P80370	0.01588
Q96EU7	0.00092
Q9NS00	0.00072
Q8IU81	0.00060
Q8WYK2	0.00086
P29965	0.00060
Q9Y587	0.00120
Q9NQC7	0.01708
O95786	0.00113
O60493	0.00180
P02654	0.01752
P0DJI9	0.00130
Q15004	0.00083
Q9Y6G9	0.01385
Q9Y3P9	0.00119
Q96IW2	0.00077
Q5VZ18	0.00080
P21912	0.00102
Q06278	0.00109
Q8IZX4	0.00072
Q9Y608	0.00126
Q9Y680	0.00045
Q14669	0.00131
Q9C0H2	0.00072
Q9BSA4	0.00050
O60678	0.00164
P54646	0.00844
Q9UGI9	0.00135
Q99549	0.00182
Q9NZN9	0.00082
Q9BYV9	0.01149
O14867	0.00138
Q7Z7B0	0.00104
P63211	0.00064
O14610	0.00062
P16520	0.00078
Q9NQT5	0.00074
Q15629	0.00072
Q92859	0.00102
Q16654	0.00158
P14618	0.00114
P13929	0.00166
Q8N961	0.00449
Q6AZZ1	0.00110
Q8N531	0.00127
Q8IX12	0.01150
Q86TM6	0.00088
Q86T96	0.00119
Q15034	0.00107
Q8IVU3	0.00122
Q9Y4B6	0.00594
Q8N2H9	0.00133
Q14527	0.00098
Q68DV7	0.00121
Q16186	0.00736
Q9BYM8	0.00134
Q8IYD8	0.00172
Q0VG06	0.00115
Q9BTP7	0.00074
Q8N2S1	0.00106
P52758	0.00233
Q9GZP9	0.00070
Q14CW9	0.00127
Q86Y13	0.00180
Q5T447	0.00083
Q9Y2G4	0.00414
Q9BQ67	0.00108
O75496	0.00924
Q96G74	0.00129
Q96EQ8	0.00140
Q9Y6I4	0.00133
Q9P0N8	0.00049
P16298	0.00097
Q96T88	0.00137
Q13438	0.00089
Q96FA3	0.00170
Q9HAT8	0.00125
Q9P0N9	0.00202
Q9NP62	0.00086
P28331	0.00062
Q9P0P0	0.00100
Q9P0U4	0.00115
O14686	0.00121
Q99733	0.00195
P04908	0.00523
Q99986	0.00127
Q8IY18	0.00137
Q96SB8	0.00102
Q9UJ98	0.00290
P16401	0.00611
Q9UM07	0.00232
O96028	0.00107
Q9UPS6	0.00117
Q6UXN9	0.00110
Q9Y574	0.00092
Q9Y468	0.00194
P33981	0.03413
Q15022	0.00124
Q96FS4	0.00592
Q6PD62	0.00141
Q8WVC0	0.00176
Q8N7H5	0.00157
Q9UJA3	0.00079
P49915	0.00106
Q12980	0.00073
Q8TEK3	0.00127
Q9GZT9	0.00117
Q7Z6Z7	0.00125
Q9H160	0.00176
Q5PSV4	0.00149
Q9NXR8	0.00142
Q9H2F5	0.00198
Q52LR7	0.00159
Q9NQC1	0.00142
Q92613	0.00197
Q92794	0.00131
Q9ULD4	0.00140
P55201	0.00260
Q8TAX0	0.00059
Q92522	0.00133
P62906	0.00084
Q9H816	0.00112
Q8IUE6	0.00145
Q8NHG7	0.00180
O94880	0.00158
P41229	0.00096
Q9BZS1	0.00117
P62256	0.00098
Q9NP87	0.00197
Q8TF42	0.00172
P57075	0.00157
P52747	0.00259
P35227	0.00102
Q8WTS6	0.00124
Q86Y07	0.00092
A0AVT1	0.00100
Q5VZL5	0.01112
Q96F46	0.00046
O60346	0.00168
Q9UPQ7	0.00220
Q92562	0.00145
Q13286	0.00097
Q9Y3A5	0.00116
Q96DA6	0.00121
Q99595	0.00147
Q5JTC6	0.00199
Q9P275	0.00149
P30566	0.05075
Q9Y2K6	0.00172
O43681	0.00082
P11441	0.00110
Q12798	0.00153
Q70CQ1	0.00112
Q9H0E7	0.00123
Q9HBJ7	0.00122
O75317	0.00124
Q09019	0.00119
P62068	0.00102
Q8TAF3	0.00127
Q9UK80	0.00149
Q9Y285	0.00105
Q5VV17	0.00151
P04066	0.00092
P36969	0.00099
Q92560	0.00135
P31629	0.03237
Q01167	0.00146
O94782	0.00107
Q70EL2	0.00175
Q9UHP3	0.00142
Q4VCS5	0.00752
Q6P4R8	0.00145
O00443	0.00172
O15355	0.00136
P49642	0.00123
P49643	0.00145
P54886	0.00130
Q8TAC2	0.00136
Q96RU2	0.00967
Q01664	0.00102
Q13829	0.00139
Q96JH7	0.00131
Q6ZVD8	0.00072
Q70EL4	0.00175
Q8TBZ3	0.00130
Q96EI5	0.00158
Q5W0Q7	0.00132
O14929	0.00109
Q9Y5T5	0.00208
O43290	0.00129
Q96SU4	0.00197
Q9P2N7	0.00110
O43396	0.00183
O43687	0.00460
Q15048	0.00063
Q9UK73	0.00100
Q9UQR0	0.00189
Q96CW5	0.00247
Q92802	0.00146
O43447	0.00099
Q99536	0.00067
Q9H9J4	0.00111
Q9UNX4	0.00090
O15504	0.00200
Q8N5D0	0.00149
Q9Y4B5	0.02143
O94889	0.00125
Q86T82	0.00113
Q9Y2F5	0.00133
Q96HN2	0.00195
Q14160	0.00194
O94966	0.00182
Q9ULT8	0.00591
O75179	0.00138
Q8WV16	0.00145
Q9Y5J1	0.00125
Q96SW2	0.00106
Q96KR1	0.00857
Q6TFL4	0.00219
Q9BYJ9	0.00163
Q96K76	0.00123
Q5VTB9	0.00115
Q8NEM7	0.00127
Q8N6M0	0.00108
Q9Y4C1	0.00161
Q9P2J3	0.00191
Q7L2J0	0.00133
Q9H6R0	0.00196
Q9P2G9	0.00104
Q5T5X7	0.02959
Q9C0C9	0.00127
Q96T37	0.00164
Q9H6E5	0.00101
Q96TA1	0.00139
Q9BW61	0.00096
Q86XK2	0.00110
Q96M94	0.00168
Q8TEB1	0.00128
Q96L92	0.00211
Q9H3F6	0.00183
Q6UWZ7	0.00150
Q9H9Y6	0.00092
Q86UV5	0.00134
Q5XUX1	0.00102
Q96JN8	0.02466
Q53GT1	0.00098
Q8NCJ5	0.00160
Q96RS6	0.01711
Q8WUA2	0.00178
Q86V97	0.00124
Q86TJ2	0.01453
O14950	0.00109
Q96Q07	0.00132
Q9BXB5	0.00206
Q9BXB4	0.00124
Q96EF6	0.00128
Q96L50	0.00112
Q8IUW3	0.02720
Q5T6C5	0.00199
Q8IUH3	0.00129
Q8NI36	0.00116
Q14CS0	0.00171
Q9H3H9	0.00203
Q5T2T1	0.00215
Q8WXC6	0.00095
Q8IY63	0.00136
Q1L5Z9	0.00135
P68543	0.00127
Q8IXJ9	0.00118
Q8IZD4	0.00165
Q8NC69	0.00133
Q6P5R6	0.00113
Q2T9J0	0.00075
Q8NB78	0.00114
Q8NBZ0	0.00152
A6NHT5	0.00044
Q8NB14	0.00089
Q2M1P5	0.03666
Q5SZL2	0.03664
Q6ZN17	0.00167
A6NNY8	0.00179
P0C7H9	0.50031
Q9BXU7	1.00062
Q96GX2	0.00192
Q8IY92	0.00112
Q9BQ83	0.00147
Q9NXF1	0.00097
Q5VYV7	0.00150
O75170	0.00103
Q8N8A2	0.00136
Q9BZF3	0.00214
Q8IW35	0.05367
Q8NB46	0.00119
Q7Z3J3	0.00397
Q4G0J3	0.00113
Q86W50	0.00104
O00567	0.00092
Q8IXW5	0.00155
Q9H6T3	0.00852
Q9BWH6	0.00112
O43156	0.01327
Q96MH2	0.00942
Q1KMD3	0.00136
Q9UHR6	0.00230
Q9H9A6	0.02172
O76094	0.00113
Q13151	0.00128
P17066	0.00087
Q92552	0.00096
Q8N5I9	0.00157
Q9Y5A9	0.00176
Q6NXR4	0.00176
P55795	0.01730
Q7KZ85	0.00985
Q9GZN1	0.00157
O43175	0.00101
Q9Y2X3	0.00103
Q9NR22	0.00199
P16989	0.01816
Q9UHW5	0.00115
Q5VWG9	0.00134
Q9NY65	0.00073
Q9UHB9	0.00682
O15131	0.00153
Q9Y224	0.00154
Q12899	0.00941
Q68E01	0.00088
Q9H9F9	0.00099
P57721	0.00117
Q9H981	0.00086
Q9BZE1	0.00065
Q70CQ2	0.00109
Q9NUW8	0.00168
Q9Y6I7	0.00079
Q86WB0	0.00188
Q9Y242	0.00157
Q96JA1	0.00085
O43633	0.00121
O76039	0.00137
Q9Y2M0	0.00166
Q13571	0.00089
Q8N3F8	0.00115
Q86WN1	0.00079
O75044	0.00285
P21709	0.00537
Q96MT3	0.00268
O96008	0.00076
Q9NR77	0.00154
Q969F1	0.00073
Q9UPP1	0.00115
Q8WTV1	0.01723
Q9ULG1	0.00092
Q96BH3	0.00121
Q96JK2	0.00122
Q9NSI6	1.00124
Q58WW2	0.00149
Q5T6F0	0.00109
Q5QP82	0.00130
Q8NHS0	0.00141
O43670	0.02253
Q92833	0.00061
Q9Y483	0.00178
Q8NEM0	0.00160
Q9H9B1	0.00153
Q693B1	0.00080
Q9Y2K7	0.00116
Q9P0U3	0.00102
Q9NV56	0.00171
Q6ZSZ6	0.00065
Q9NRE2	0.00346
Q63HK5	0.00267
Q16385	0.00189
Q9C0C7	0.00172
Q9NV06	0.00106
Q66K64	0.00352
Q9NXF7	0.00127
Q5H9S7	0.00230
Q8NHM5	0.00091
Q15208	0.00092
Q99697	0.00092
Q8NB91	0.00136
O75095	0.00136
P06132	0.00126
P16930	0.00088
P21291	0.00090
P41222	0.00090
P49908	0.00098
P54368	0.00112
Q13491	0.00044
Q14050	0.00057
Q15005	0.00062
Q6UWJ1	0.00141
Q8N111	0.00045
Q14515	0.00167
Q8TDB4	0.00104
Q92733	0.00173
Q99784	0.00156
Q9NNZ3	0.00091
Q7LBR1	0.00130
O15118	0.00067
Q8IVM0	0.00092
Q86UW7	0.00085
O00237	0.00095
Q86YT6	0.04486
Q6PCD5	0.00139
O43567	0.00075
Q9ULK6	0.00055
Q6ZSG1	0.00085
Q9Y4L5	0.00093
Q8ND25	0.00080
Q8NHG8	0.00061
Q8WWF5	0.00059
Q9NXI6	0.00064
Q9BY78	0.00087
Q96PU4	0.00120
O94822	0.00097
Q8N8N0	0.00056
O60291	0.00055
Q8WZ73	0.00171
Q96PX1	0.00109
Q8IYW5	0.00120
Q96BQ3	0.00133
O76050	0.00111
Q9BRZ2	0.00097
Q7Z419	0.00145
Q9H9V4	0.00045
Q12986	0.00174
Q8N6D2	0.00065
Q8TEC5	0.00180
Q9ULT6	0.00085
Q7Z7E8	0.00155
Q9H1B7	0.00083
Q8WVN8	0.00120
Q9NPD8	0.00090
Q5VVX9	0.00117
Q9NZS9	0.00068
Q99675	0.00058
Q5M7Z0	0.00051
O15541	0.00105
Q8IZP6	0.00093
Q96A37	0.00153
Q9BXT8	0.00058
Q96K19	0.00047
Q8WU17	0.00056
Q9BYJ4	0.00062
Q9UPQ4	0.00145
O00635	0.00117
Q96LD4	0.00171
Q6PJ69	0.00119
P49754	0.00098
Q8IZT6	0.00219
Q9H0F5	0.00082
Q96FN4	0.00258
Q02045	0.00099
P07305	0.00779
O94806	0.00112
Q01974	0.00093
P35558	0.00101
Q9NWM3	0.00165
Q8WZA0	0.00144
Q9BV86	0.00088
Q9BWX1	0.00164
Q96NL6	0.02331
P42696	0.00089
Q9NX24	0.00075
P25398	0.00072
P62945	0.00125
Q9NUJ3	0.00157
Q9NZU5	0.00156
Q6P582	0.00366
Q969D9	0.00128
Q9BZ67	0.00084
Q9NSK7	0.00130
Q8WWU5	0.00186
Q96EY4	0.00091
Q9NWB6	0.00175
Q86V59	0.00468
P05162	0.00145
A1E959	0.00112
Q6DCA0	0.00136
Q5T686	0.00155
Q9BR61	0.00108
A0MZ66	0.00226
Q7Z6K4	0.00066
P56211	0.00085
Q9UBT6	0.00150
Q8IX04	0.00097
Q8N9I9	0.00087
Q9H992	0.00178
Q9BZR9	0.00136
Q8N448	0.00191
Q13064	0.00155
Q9HBD1	0.00810
Q96GF1	0.00080
Q86UV6	0.00130
Q8N2K1	0.00081
Q17RB8	0.00176
Q9H000	0.00182
Q9NQ86	0.00304
Q86UD3	0.00105
Q96DX4	0.00122
Q6ZT12	0.00075
Q9H0A6	0.00108
Q9NX47	0.00063
Q6ZMU5	0.00166
Q969M7	0.00093
Q8WVZ7	0.00051
Q8NA82	0.00161
Q9Y252	0.00256
Q9C019	0.00134
Q9C035	0.00124
Q16763	0.00210
Q9Y5U4	0.00063
Q00872	0.00146
Q6K0P9	0.00125
P36402	0.00125
Q9GZT4	0.00122
Q6ZMZ0	0.00121
Q9NY30	0.00060
O60447	0.00134
Q86VN1	0.00155
Q5XUX0	0.00103
Q5S007	0.00237
Q5VTR2	0.00158
Q96Q27	0.00102
Q9Y576	0.00099
Q9NWX5	0.00115
Q9H672	0.00243
Q8WXK4	0.00176
Q7Z6L1	0.00108
Q2TAZ0	0.00140
Q9Y484	0.00091
Q9BXW4	0.00140
Q8NEB9	0.00143
Q99570	0.00218
Q9P2Y5	0.00129
Q6ZNE5	0.00180
Q92622	0.01703
Q9H714	0.00146
O75143	0.01382
Q9BSB4	0.00155
O75147	0.00585
Q7KZN9	0.00105
Q53GQ0	0.00078
P50416	0.00078
P49419	0.00104
Q86SX3	0.00162
Q6ICC9	0.00063
Q9BQS8	0.00266
Q8TC07	0.00160
Q9BTU6	0.00086
Q8WXU2	0.00169
O95210	0.00131
O75323	0.00096
O15040	0.00118
Q9UPU7	0.00225
P40939	0.00104
Q9NX00	0.01734
Q9BZH6	0.00269
Q96QE5	0.00080
Q8N0V3	0.00097
Q15334	0.00162
Q8TAA9	0.00121
Q6PID8	0.00141
Q13188	0.00116
Q99747	0.00071
Q9Y4P3	0.00072
Q5TCZ1	0.00130
Q7L3T8	0.00125
Q969Q5	0.00058
Q5R372	0.00093
Q8TEV9	0.00199
Q9P265	0.00192
Q9NT22	0.00129
Q9BZF1	0.00086
Q9H2L5	0.00315
Q96BY7	0.00212
Q5XKL5	0.00180
Q96A73	0.00084
Q8IYA7	0.00148
Q9UMN6	0.00109
Q9Y5B9	0.00092
Q5FBB7	0.00262
O75364	0.00067
P10412	0.00326
Q96ST2	0.00102
Q9BY41	0.00108
Q9BTK6	0.00095
Q8NFQ8	0.00090
O75192	0.00148
Q96HA9	0.00107
P51825	0.00156
P21589	0.00107
Q08J23	0.00113
Q9UBV2	0.00114
O95155	0.00125
A5PLL7	0.00116
P35125	0.00189
Q9H3R0	0.00118
Q6VVB1	0.00173
Q9H582	0.01302
Q16659	0.00156
P47710	0.00103
P05814	0.00198
Q9HAU0	0.01051
O43909	0.00137
P13646	0.00216
P07942	0.00103
P55268	0.00089
Q12912	0.00173
P03928	0.00072
P00395	0.00081
P00403	0.00148
P03905	0.00056
P03915	0.00049
P35749	0.00171
P30414	0.01915
Q06265	0.00085
P16233	0.00069
P42677	0.00092
O15119	0.00098
Q9HBL0	0.00086
P62987	0.00471
P52746	0.00243
Q9Y473	0.00205
Q5VT25	0.01794
Q8IVH8	0.00140
O60861	0.00112
Q9Y6R1	0.00118
O43490	0.00078
O15078	1.03160
Q96RY7	1.06785
Q9Y4F9	0.00106
Q9BVL2	0.00379
Q5VT06	0.05138
O94842	0.00177
Q99550	0.12195
Q8WXW3	0.03066
Q7Z7A1	0.03112
Q53SF7	0.00124
Q6IQ32	0.00163
O94910	0.00101
Q9Y2H5	0.00192
Q7Z333	0.00089
Q684P5	0.00268
Q96RK0	0.00138
Q9NZL6	0.00109
O75128	0.00127
Q96KQ4	0.00352
Q6UUV9	0.00192
Q69YQ0	0.00148
Q9Y2K2	0.00173
Q9UPN3	0.00193
Q6AI39	0.00193
Q6ZVL6	0.00188
Q9H3S7	0.00124
Q9C075	0.00221
Q9ULI4	0.00193
Q8IWR0	0.00260
Q9NZM4	0.00096
Q9NYF5	0.00149
Q9NYF3	0.00175
Q5JSH3	0.00191
Q9BZ95	0.00126
Q2KJY2	0.00083
Q7Z3E2	0.00221
Q9HCI7	0.00148
Q5UIP0	0.00112
P16415	0.00057
Q3V6T2	0.00163
P51522	0.00149
Q9P267	0.00091
A8K0R7	0.00129
Q9NUQ3	0.03931
Q9NPC7	0.00110
Q32MH5	0.00363
Q2M1Z3	0.00132
Q86T90	0.04340
Q9H2Y7	0.00155
Q9H706	0.00096
Q6UUV7	0.00219
Q86YV0	0.00199
Q9H799	0.00245
Q9Y3S1	0.00215
Q8TB52	0.00133
Q8TD26	0.00089
Q6H8Q1	0.00173
Q5TCX8	0.00113
Q8N5A5	0.00253
Q0VF96	0.00183
Q9NQG7	0.00145
Q8IVL0	0.00100
Q8NEY1	0.03325
Q96F63	0.00217
Q96GE4	0.01955
Q6PJG2	0.00077
Q96EV2	0.00262
Q96G28	0.00327
Q96PY5	0.00246
O14559	0.00098
Q96DH6	0.00112
Q6ZVM7	0.00223
Q8TF45	0.00047
Q5HYC2	0.00223
Q6ZNG1	0.00056
Q9UMS6	0.01698
Q68CP9	0.00117
Q5JSJ4	0.00244
Q9UKN1	0.00071
Q8IZC4	0.00097
Q86UX6	0.00137
A6NC98	0.00272
Q9HCH0	0.08931
P24723	0.00192
Q8IWT0	0.00075
O14513	0.00169
O94964	0.00219
Q8NDZ2	0.00099
Q92614	0.00443
Q14140	0.00215
Q8WXX5	0.00099
Q6PL18	0.00114
P31937	0.00046
Q9BXL8	0.00167
Q9UJQ4	0.00061
Q9H9S0	0.00069
Q9HAZ2	0.01907
Q9NU22	0.00120
Q86W26	0.00094
Q6IQ26	0.00124
Q9Y2K1	0.00136
Q86YW9	0.00148
Q9NZL3	0.00095
Q14703	0.00077
Q92800	0.00107
Q08050	0.00110
Q86WJ1	0.00088
Q9UKD2	0.00084
Q8IW19	0.00105
Q86U86	0.00103
Q9UL17	0.00071
Q8NDX5	0.00115
Q05952	0.00061
Q9NVA1	0.00188
P08172	0.00258
Q8NI51	0.00180
Q9NVM4	0.00089
P43354	0.00082
Q9NTI5	0.00117
Q9UHC7	0.00134
Q9NRZ9	0.00143
Q7LFL8	0.00112
Q8N653	0.00103
Q96C00	0.00130
Q9H5J0	0.00142
P31276	0.00161
Q9NYT6	0.00060
P31274	0.01426
Q9GZV8	0.00803
P13682	0.00342
Q8NBB4	0.00134
Q13207	0.00109
Q9H161	0.00089
Q6ZN57	0.00177
Q8TF68	0.00165
Q8IYM9	0.00126
Q9C0F3	0.00196
Q03936	0.00152
Q99909	0.00289
Q96LW9	0.00064
Q9Y5R6	0.00079
Q12926	0.00711
Q04741	0.00059
Q92826	0.00093
Q9UKN5	0.00144
Q04743	0.00063
P43268	0.00075
Q99676	0.00115
O00479	0.00163
A0AVK6	0.01879
Q8NA42	0.00175
Q8IYH5	0.00159
Q9HC78	0.00118
O43248	0.00083
P51858	0.00122
Q14541	0.00133
Q16534	0.00071
P55318	0.00085
O14896	0.00051
Q8TBZ5	0.00109
O43365	0.00078
Q13610	0.00099
O60248	0.00067
Q9UMS5	0.00096
Q9BPY8	0.00189
Q9BXG8	0.00274
Q9GZZ0	0.00389
O95503	0.00121
P57073	0.00046
Q8TBC5	0.00091
Q8IY51	0.00088
O60667	0.00121
Q9ULW6	0.02936
Q9Y603	0.00085
O43679	0.00160
O43900	0.00138
O60663	0.00081
Q96KM6	0.00115
O14770	0.00130
Q9UIJ5	0.00044
O60225	0.00123
Q9BWT3	0.00072
Q9UBX0	0.00151
Q8NHV9	0.00063
Q96I24	0.00163
P17027	0.00162
O14628	0.00106
Q9Y2E4	0.00196
Q6P0N0	0.00402
Q9HCC6	0.00107
Q53LP3	0.00084
Q96N38	0.00082
Q6PCT2	0.00119
O60902	0.00128
O43711	0.00154
Q16384	0.00111
Q9H8Y5	0.00124
Q9C0G0	0.00059
Q8N680	0.00128
Q9GZN2	0.00125
Q9NQ33	0.00164
Q9NZI7	0.00141
O95231	0.00111
P08048	0.00147
P51814	0.00173
Q9UC06	0.00097
Q7Z353	0.00183
P98182	0.00200
Q9UDV6	0.01342
Q8IX01	0.00164
Q9ULM2	0.00189
Q8N9V6	0.00215
Q96JM7	0.00814
Q8TC84	0.00129
Q8IVC4	0.00112
P06899	0.00135
O60841	0.01322
Q8IXT2	0.00043
Q96NX9	0.00174
Q14593	0.00054
Q8IXZ3	0.00079
Q8TAU0	0.00357
Q9H5H4	0.00106
Q9NU02	0.04022
Q9Y2L8	0.00121
Q8N8E2	0.00145
Q8WUU5	0.00129
Q5VYY1	0.00074
Q8WUH1	0.00072
O00488	0.00101
Q8NF99	0.00102
Q9BV97	0.00108
Q9UMR3	0.00075
Q3KP44	0.02769
Q9HAH1	0.00073
Q8IUE0	0.00113
Q96T92	0.00067
Q8TB69	0.00039
Q96N95	0.00217
Q9NRD1	0.00079
Q9H6Z9	0.00123
Q9H7D7	0.00107
Q86VZ2	0.00144
Q8TC44	0.00193
Q9H967	0.00118
P28370	0.00094
Q69YH5	0.02120
Q96LD8	0.00304
Q01534	0.00131
P36952	0.00113
P31270	0.00029
O95926	0.01443
O00409	0.00095
Q8TCG2	0.00151
Q16655	0.00081
Q9BWE0	0.00157
O75165	0.00110
Q8WUZ0	0.00087
Q53H47	0.00159
P43356	0.00148
Q14526	0.00102
Q86Y97	0.00130
Q9HAJ7	0.00110
O95785	0.00976
Q9GZR1	0.00219
Q5VTD9	0.00171
Q96QB1	0.00094
O75360	0.00114
O94983	0.00106
Q9Y5N1	0.00039
O00321	0.00061
Q02161	0.00040
Q8TAF7	0.00212
Q96CF2	0.00254
Q5VVJ2	0.00076
Q9ULV5	0.01217
Q460N5	0.00121
Q99879	0.01131
Q9UIH9	0.00894
Q8NI29	0.00113
O60502	0.00153
Q9BRH9	0.00142
Q9UIL1	0.00340
Q7L2K0	0.00218
Q3MII6	0.00233
Q9Y466	0.00140
Q5VUA4	0.00207
Q9UGU5	0.00123
Q8TEE9	0.00060
P16403	0.00522
Q8TAQ5	0.00093
Q9P2K5	0.00144
O43623	0.00109
Q3KNW1	0.00140
P78367	0.00126
Q15070	0.00057
Q9BYD1	0.00065
Q96GC5	0.00065
Q13405	0.00085
Q4U2R6	0.00073
O75953	0.00133
Q6SJ96	0.00078
Q96LA8	0.00586
Q96T23	0.00116
Q56NI9	0.00162
Q68DK7	0.01773
Q8N5Y2	0.00402
Q9UL49	0.00061
Q16829	0.00115
P80365	0.00060
Q9Y4B4	0.00125
Q8TEY5	0.00059
Q9BTC8	0.00088
Q6BEB4	0.00047
Q8N143	0.00104
Q9BVA1	0.00131
P20962	0.00098
Q92766	0.00152
O43159	0.00095
Q14249	0.00111
P0C7T5	0.00125
Q9BXJ9	0.00096
Q92618	0.00170
Q6RSH7	0.00110
Q8WW12	0.00146
P33778	0.00136
O14544	0.00156
P49840	0.00606
Q9H2A3	0.00074
Q6PGP7	0.00123
Q96GN5	0.00192
Q9BXA6	0.00112
Q9P2P5	0.00109
P20142	0.00077
P16402	0.00152
Q8NHZ7	0.00228
O95096	0.00071
Q5U623	0.00243
Q53GL7	0.00136
Q15751	0.01067
Q99798	0.00101
Q9GZX7	0.00105
Q8N4B1	0.00132
Q6ICB4	0.00083
Q9NQ92	0.00177
Q6UB98	0.00109
Q9Y2N7	0.00090
P09525	0.02778
Q9UPW6	0.00126
Q15652	0.00125
Q9NX02	0.00138
Q9UPV0	0.03168
Q16566	0.00128
Q96KS0	0.00086
A9QM74	0.00108
Q9GZL7	0.00097
O60477	0.00171
Q9NR83	0.00065
Q53TQ3	0.00094
Q6MZP7	0.01644
Q6BDS2	0.00133
Q6SZW1	0.00061
Q86XR7	0.00070
Q16619	0.00222
P36508	0.00197
Q9BUP3	0.00062
Q9HCD5	0.00457
Q13686	0.00408
Q7Z5Q5	0.00119
P23759	0.00119
P09430	0.00117
Q96H22	0.01796
Q9NSP4	0.00234
Q92674	0.00279
Q14995	0.00122
Q86YC2	0.00160
Q13496	0.00173
Q8IZY5	0.00117
P14649	0.00221
Q8N2Z9	0.00104
A8MT69	0.00079
Q96QE3	0.00117
Q96E14	0.00070
Q9C0J9	0.00113
Q9BZL6	0.00116
Q9NR48	0.00183
Q9H8N7	0.00165
Q8IV32	0.00128
Q9H2P0	0.00165
Q5H9F3	0.00117
Q16518	0.00053
Q6PCB7	0.00048
Q9Y2L5	0.00073
A5PLN9	0.00144
O75581	0.00095
Q8IZD2	0.00111
Q9NQX1	0.00186
Q8TF76	0.00207
O14753	0.00157
Q9BVI0	0.00110
A8MW92	0.00097
Q9NSI8	0.00140
Q9H6W3	0.00349
Q05BQ5	0.00165
P51826	0.00126
Q01668	0.00119
O60884	0.00527
P35453	0.00082
Q14693	0.00097
Q86Y26	0.00189
Q9P2X7	0.00160
Q9Y462	0.00081
Q92688	0.00129
Q7Z7K6	0.01480
Q71UM5	0.00084
Q5FWF5	0.00262
P62241	0.00079
O94811	0.00148
Q8TDG4	0.00057
Q5H9R7	0.00132
Q9UPN7	0.00108
Q9H9P5	0.00147
A4GXA9	0.00104
Q8N201	0.00098
Q9H0H0	0.00119
Q96HW7	0.00159
Q6P9B9	0.00078
Q9UL03	0.00091
Q9NVH2	0.00080
Q9NVR2	0.00117
Q96CB8	0.00185
Q9NV88	0.00070
Q75QN2	0.00152
Q96SY0	0.00071
Q9BQ15	0.00102
Q96AH0	0.00076
Q9UQK1	0.00123
P20393	0.00127
P25686	0.00128
Q9H4L7	0.00107
Q9BXM7	0.00119
Q6NUN9	0.00120
Q9HB09	0.00105
Q05682	0.00111
O60218	0.00123
P0C2W1	0.00123
Q8N4L2	0.00169
Q96EP0	0.01015
Q8IWF2	0.00055
Q9BRQ0	0.00106
Q7Z434	0.00105
Q5JXC2	0.01386
P78563	0.00090
P62979	0.00120
P62081	0.00084
Q7L8A9	0.00045
Q8N300	0.00023
Q96RF0	0.00168
Q8IWA4	0.00072
Q86WV6	0.00095
Q96K58	0.00106
Q6UVJ0	0.04199
Q8TB36	0.00150
O94905	0.00094
Q8N0W5	0.00040
O00399	0.00221
Q9NP77	0.00119
Q8TD08	0.00124
Q7Z6K1	0.00244
Q8WUN7	0.00096
P06737	0.00074
O75037	0.00158
Q8IZ07	0.00217
Q9BZE9	0.00197
Q9P2G1	0.00081
Q9Y3P4	0.00090
Q63HN8	0.00128
Q6L8Q7	0.00133
O14545	0.00080
P49721	0.00155
O95140	0.00144
P49913	0.00050
Q6R6M4	0.00088
Q9Y2X9	0.00103
O00219	0.00040
Q92819	0.00030
P60006	0.02652
Q70EL3	0.00106
Q9Y4E1	0.03357
Q2M389	0.02528
A8K0Z3	0.01170
Q12768	0.02620
Q99543	0.00092
Q9Y6E7	0.00160
P05141	0.00087
O15054	0.00086
P55073	0.00185
Q96GC6	0.00058
Q86VY4	0.00112
Q9UNQ2	0.00104
Q9Y2R4	0.00090
Q15365	0.00142
Q14997	0.00169
P36776	0.00096
P34925	0.00109
Q8IWK6	0.00114
Q9HCU4	0.00109
Q13308	0.00085
Q5ZPR3	0.00124
Q68D85	0.00081
Q5SZK8	0.00105
Q6V0I7	0.00099
Q96JP9	0.00044
Q96JQ0	0.00109
Q9HC56	0.00141
O60462	0.00093
O60245	0.00095
Q9Y5H2	0.00107
Q8TDW7	0.00120
Q9UJS0	0.00106
Q96P70	0.00188
P30837	0.00086
O43837	0.02774
O75489	0.00072
P51970	0.00065
O75306	0.00070
Q7Z2T5	0.00117
Q9Y6N5	0.00082
P53597	0.00079
P58317	0.00185
Q8NFJ9	0.00580
P11413	0.00086
Q5THK1	0.00151
Q86XL3	0.00106
Q9NUC0	0.00094
Q00005	0.00167
Q8WVK7	0.00256
Q8IX90	0.00268
Q96E09	0.00108
Q5VY09	0.00088
Q5T9A4	0.00114
Q9BTL4	0.00158
P04350	0.00092
P05089	0.00110
P31944	0.00115
Q53RT3	0.00086
Q6KB66	0.00284
Q8WVV4	0.00102
Q86Y46	0.00260
P13928	0.02032
P20930	0.00087
Q7Z3Y7	0.00227
Q7Z3Y9	0.01978
Q99456	0.00222
Q08188	0.00088
Q96P63	0.00182
Q99757	0.00797
P07339	0.00068
Q9BTT0	0.00129
Q14197	0.00075
Q9H845	0.00067
O75947	0.00089
Q96EY8	0.00148
Q9NUL7	0.00117
Q7L2E3	0.01091
P13804	0.00104
O75616	0.00118
Q9NYY8	0.00101
Q12849	0.00357
Q9HAV7	0.00159
P49590	0.00087
Q96EH3	0.00110
Q9P0P8	0.00073
O95202	0.00098
Q9NPE2	0.00098
Q9BYD6	0.00084
Q9Y3B7	0.00112
P52815	0.00744
Q6P1L8	0.00078
Q9P015	0.00086
Q9NX20	0.00079
Q9H0U6	0.00056
P49406	0.00078
Q5T653	0.00085
Q9NWU5	0.00076
Q16540	0.00076
Q96A35	0.00073
Q9P0M9	0.00062
P09001	0.00063
Q9BYC8	0.00069
Q9NYK5	0.00074
Q9NQ50	0.00069
Q8IXM3	0.00074
Q9H2W6	0.00062
Q9HD33	0.00066
Q8N5N7	0.00056
Q7Z7F7	0.00059
Q9BYD2	0.00064
P82664	0.00076
P82912	0.00100
Q9Y3D3	0.00092
Q9Y2R5	0.00069
Q9NVS2	0.00066
Q9Y399	0.00080
Q9Y3D9	0.00107
Q9Y2Q9	0.00060
Q9NP92	0.00055
P82673	0.00090
Q96E11	0.00114
Q6IN84	0.00088
P46199	0.00093
Q96E29	0.00095
O00217	0.00059
Q10713	0.00105
Q8TCS8	0.00113
Q96C36	0.00193
Q04837	0.00096
Q9GZT3	0.00142
Q9UJZ1	0.00108
Q9P2R7	0.00082
Q8IYB8	0.00124
Q8IYQ7	0.00121
O95900	0.00117
Q5ST30	0.00102
Q96I51	0.00081
Q5T6S3	0.00151
Q8N3Z6	0.00122
Q8NDF8	0.00095
Q5XG87	0.00103
Q8TCQ1	0.00070
Q9NWZ8	0.00092
P13674	0.00135
Q9UKF6	0.00178
Q9UG63	0.00120
Q9H4B7	0.00106
P57059	0.00111
Q8TCV5	0.00077
Q9UHR4	0.01530
Q9NYA4	0.00154
Q969K4	0.00143
Q9H147	0.00154
Q8WYQ5	0.00102
Q9NRR4	0.00126
P62847	0.00089
Q8N5X7	0.00063
Q5TA31	0.00156
P25705	0.00118
Q9H1R3	0.00123
Q9BY44	0.00096
O75449	0.00166
P32314	0.00080
Q96B67	0.00117
Q96BD6	0.00152
Q96A44	0.00097
Q99619	0.00154
P51172	0.00053
Q10589	0.00050
P14652	0.00171
P17483	0.00091
Q9P2D1	0.00096
Q2QGD7	0.01768
Q9BZF9	0.00204
Q12756	0.00141
P51449	0.00183
Q9NPJ4	0.00094
Q15493	0.00067
Q15651	0.00155
Q9UKP3	0.00153
Q12796	0.00090
Q96JE9	0.00213
Q9BZ11	0.00043
Q9NZV1	0.00078
Q7Z7M0	0.00065
Q92832	0.00153
Q99435	0.00128
O43609	0.00107
P04216	0.00078
Q9BZC7	0.00110
Q7Z5H3	0.00116
Q14201	0.00162
Q9HCP6	0.00043
A7MD48	0.00138
Q9NS15	0.00212
Q9NQG1	0.00170
A8MQ03	0.00301
Q5JRA6	0.00117
Q86UR1	0.00175
Q8TAK6	0.00119
P29122	0.00057
Q8IXT5	0.00127
O15034	0.00153
P08708	0.00090
P41732	0.00099
Q8N1B4	0.01103
Q96G27	0.01799
A6NK53	0.00056
Q9BVN2	0.00716
Q9BVJ7	0.00142
Q8NDX1	0.00122
Q8N9B8	0.00046
Q8IU85	0.00071
Q969T9	0.00123
Q6ZTN6	0.00101
Q96A61	0.00127
Q96DX7	0.01073
Q9BXU1	0.00180
Q8TAM6	0.00103
Q9HBY8	0.00108
Q6NUN7	0.00169
Q5MJ09	0.00136
P04062	0.00145
Q8WTQ7	0.00135
P01911	0.00122
P11686	0.00064
Q5VVQ6	0.00112
Q8TB45	0.01643
P57737	0.00101
Q9UJP4	0.00236
P46776	0.00099
O60858	0.00072
O94888	0.00840
O00124	0.00111
Q96LJ8	0.03257
Q6RI45	0.00223
Q9P055	0.00154
P62736	0.00587
Q9NW13	0.00083
Q8N806	0.00128
Q9NRD0	0.00084
Q9NQH7	0.00173
O95793	0.00242
P46778	0.00578
P21399	0.00086
Q52LA3	0.00155
Q9NX61	0.00101
O14917	0.00161
Q6P4E1	0.00071
Q9Y6C9	0.00106
Q15125	0.00041
Q7Z5K2	0.00108
Q14C86	0.00200
Q96Q42	0.00232
Q9BRS2	0.00726
Q15717	0.00127
P55081	0.00990
Q9UJF2	0.00180
Q9UPU9	0.00166
Q9Y6A4	0.05763
Q13595	0.00568
Q9ULJ3	0.00134
Q5VTL8	0.03109
Q8N9M5	0.00278
Q96N67	0.00123
Q86TI0	0.00247
P35527	0.00131
Q8N4Q1	0.00117
Q6P1M3	0.00240
P85299	0.00161
Q6MZQ0	0.02788
Q6PEY2	0.00069
Q9NQP4	0.00150
Q15293	0.00122
Q9P270	0.02350
Q14674	0.00226
Q9P2E9	0.00998
Q6P3S6	0.00110
Q9Y6H1	0.00487
P34931	0.00111
Q86YR7	0.00164
O00507	0.00131
Q75T13	0.00051
P07919	0.00073
Q5T7V8	0.00056
Q9H3M9	0.00219
P29034	0.00352
O60337	0.00062
P53804	0.00765
O75717	0.00092
Q8N1E6	0.00157
P08183	0.00142
Q9BYX4	0.00156
Q9NRM7	0.00123
Q6P2E9	0.00159
Q9UN36	0.00084
O75477	0.00065
P06744	0.00064
P30613	0.00060
P00338	0.00097
Q6P9F5	0.00158
P49748	0.00100
Q9NYI0	0.00128
Q9UK97	0.00153
Q96PE5	0.01316
P22090	0.00095
Q7L3B6	0.00134
O94760	0.00167
Q9BY12	0.00221
Q8IZD9	0.00120
Q9NVT9	0.00099
Q0ZGT2	0.00166
Q8IX21	0.00087
P12532	0.01104
Q13356	0.00158
P11310	0.00153
Q9NWH9	0.01927
P83111	0.00135
Q5JSL3	0.00156
Q15397	0.00090
Q9UMY1	0.00392
Q8IZ21	0.00123
Q9Y485	0.00188
Q7Z6B7	0.00142
Q96EY5	0.00279
Q9H7P6	0.00169
Q8IYU2	0.00075
Q6PI26	0.00082
Q01718	0.00060
Q8TCY5	0.00051
P55283	0.00087
P11836	0.00031
O14782	0.00285
Q9UL68	0.00250
Q9NV70	0.00708
Q96JN2	0.00594
Q86XK3	0.00337
Q155Q3	0.00276
Q9Y316	0.00181
Q8TF61	0.00378
Q5SW79	0.02761
Q8N4L8	0.01544
Q07343	0.00226
O43295	0.00176
Q14195	0.00256
Q8IYX8	0.00866
Q8IVF5	0.00224
Q9UPW5	0.00173
Q70YC4	0.00224
Q96D09	0.01798
Q3T906	0.00148
O15442	0.00101
Q14094	0.00191
Q9P2Q2	0.00348
Q567U6	0.00354
Q9C0I3	0.00387
Q9UBG0	0.00131
P17021	0.00207
Q13398	0.00137
Q9UIE0	0.00360
Q05481	0.00266
Q9NYP9	0.01866
Q5TGZ0	0.00213
Q9NVH1	0.00145
Q9C0D2	0.07333
Q9HCM1	0.00217
Q5KU26	0.00123
Q9BZE0	0.00112
O43257	0.00161
Q96JP5	0.00115
Q9BVT8	0.00058
Q15003	0.00111
P07738	0.00057
Q6UXB4	0.00078
P20160	0.00116
Q8IUX7	0.00065
P22557	0.00131
P10768	0.00149
Q99988	0.00115
Q96SM3	0.00059
P16118	0.00170
O95450	0.00059
P19875	0.00047
Q02928	0.00066
Q9NP58	0.00072
Q9NPJ3	0.00159
P46782	0.00094
O14921	0.00096
P58557	0.00097
Q9BU61	0.00093
O75920	0.00060
Q99541	0.00092
O43818	0.00106
O76062	0.00071
Q9P0J6	0.00174
O75882	0.00045
Q8N114	0.00085
Q14624	0.00039
O60888	0.00106
Q9Y244	0.00086
P58505	0.00241
Q04900	0.00064
P12074	0.00076
Q96NZ9	0.00138
Q8IYN2	0.00157
P04278	0.00170
O75083	0.00103
Q14588	0.00217
Q04828	0.00095
P19827	0.00130
P60866	0.00088
P15289	0.00107
P59768	0.00098
Q9NVV4	0.00131
Q9H6S1	0.00340
Q9H171	0.00123
Q9ULE6	0.00089
Q6UX71	0.00057
Q8IXI2	0.00157
Q9H6S0	0.00117
Q86VW0	0.00196
Q7Z5L9	0.00100
O94986	0.04510
Q9BVS5	0.00172
Q9Y3Z3	0.00120
Q9Y6K5	0.00153
Q12894	0.00176
Q9UL40	0.00135
Q8WTT2	0.00091
Q9H3K2	0.00081
Q86UT6	0.00095
Q96N66	0.00065
O95470	0.00071
Q7Z3C6	0.00141
P33527	0.00111
Q9H1C4	0.00050
O96005	0.00060
Q96KA5	0.00059
Q9HD45	0.00057
Q969M3	0.00067
Q96BV0	0.00169
Q8NHY6	0.00234
Q6P5X5	0.00131
Q8WW35	0.02221
P51805	0.00130
Q8TB96	0.00088
Q9NX76	0.00132
Q9NQ11	0.00085
P13196	0.00844
Q16643	0.00109
P07108	0.00109
Q9UKM7	0.00155
P52943	0.00098
Q96BZ8	0.00790
Q8NFZ8	0.00067
Q7L7X3	0.02316
Q8TAM1	0.00173
Q86WZ6	0.00129
Q9BQ89	0.00252
Q9H4H8	0.01866
Q8NBE8	0.00089
Q9UDV7	0.00222
Q96PQ7	0.00125
Q13685	0.00134
Q7Z699	0.00448
Q8NAF0	0.00074
Q96AC6	0.00071
Q8NCA9	0.00231
Q7L266	0.00098
P52788	0.00073
O15069	0.00108
Q9H814	0.00153
Q75N90	0.00087
Q8WWI5	0.00109
Q9P283	0.00070
P32322	0.00169
Q2T9K0	0.00069
O75354	0.00056
Q15847	0.00132
Q9Y600	0.00077
Q15828	0.01946
Q8N205	0.00086
Q9P1Y5	0.00240
O95377	0.00035
O75935	0.00277
Q9UID3	0.00269
Q96GR2	0.00157
Q9NWM8	0.00058
Q16877	0.00200
Q969Q0	0.00094
P59665	0.00060
P52742	0.00141
O43194	0.00137
Q8WUY8	0.00051
O94927	0.02855
Q9BSK2	0.00053
Q8IZ13	0.00175
Q14590	0.00166
Q14894	0.00107
Q9NYF0	0.00126
Q504T8	0.00172
Q8NBN7	0.00078
Q8IZ69	0.00133
Q96NL0	0.00115
O75031	0.00901
Q14696	0.00697
Q5JPE7	0.00095
Q01064	0.00054
Q9NR33	0.00089
Q6ULP2	0.00082
Q9P2M4	0.00101
Q96PX6	0.00328
Q3B7T1	0.00163
Q9H324	0.00095
Q27J81	0.00127
Q9UI09	0.00103
Q9Y2Y6	0.00064
Q13202	0.00131
Q8IXL6	0.00116
P17405	0.00143
O60551	0.00102
Q9BRK5	0.00142
Q96MX0	0.00080
Q00765	0.00083
Q6UXH1	0.00092
Q99797	0.00134
Q16560	0.00126
P52736	0.00091
P41567	0.00098
Q8TC12	0.00123
Q6ZMI0	0.00200
Q9P2Y4	0.00137
P30793	0.00113
Q6UXF1	0.00054
P04818	0.00107
Q9HCP0	0.00147
P04217	0.00077
Q9UPQ3	0.00147
P29762	0.00221
P18859	0.00046
Q9HBU1	0.00076
P18621	0.00091
Q86T29	0.00111
Q9P219	0.00151
Q16827	0.00107
P07686	0.00152
A4QPB2	0.00239
Q8TB40	0.00065
P31040	0.00098
Q9NQZ8	0.00152
P11926	0.00102
Q96NZ8	0.00076
Q5T280	0.00157
Q9BRU2	0.00066
P42025	0.00210
Q8N2H3	0.00046
Q5D0E6	0.00116
Q96NT0	0.00112
Q6UVY6	0.00083
Q5SQH8	0.00239
Q9Y5U9	0.00066
Q9BV38	0.00084
Q14168	0.00213
Q9HBF4	0.00283
Q86XA0	0.00062
Q9HC38	0.00149
Q6P4I2	0.00065
P29400	0.00055
Q9BZJ0	0.00987
Q9BPY3	0.00125
Q9UHY7	0.00206
Q71F23	0.00156
Q9Y6H6	0.01202
P51513	0.00076
P51674	0.00117
Q9H910	0.00159
Q99643	0.00080
P22532	0.00169
P49441	0.00387
P04440	0.00103
Q8TBF2	0.00068
Q9NYL9	0.00129
O43678	0.00052
Q9NZ63	0.00341
Q14584	0.00258
Q9BY42	0.00297
Q12766	0.00176
Q9NPB8	0.00056
Q8NAA4	0.00184
Q8WVS4	0.03450
Q8TF32	0.00111
P0DMM9	0.00071
Q5R3I4	0.00136
P38606	0.00083
Q96J01	0.01639
Q9NX74	0.00119
Q9NYR9	0.00100
P13942	0.00059
Q8WXA3	0.00241
Q15390	0.00115
O76095	0.00252
P27144	0.00086
Q9NQX6	0.01268
Q9P215	0.00224
Q9NWV4	0.00061
Q9UQ07	0.00150
Q8WY91	0.00054
Q8WU39	0.00078
Q8N461	0.00101
P57076	0.00188
Q9H4K7	0.00121
Q96GZ6	0.00105
Q8TAW3	0.00279
Q8TDC0	0.00141
Q13636	0.00153
Q9Y3A4	0.00110
Q96EX3	0.02333
O60287	0.00102
P55290	0.00105
Q96IZ6	0.00092
Q9NX36	0.00057
O14972	0.00206
P26572	0.00128
Q9NUQ9	0.00141
Q9Y617	0.00118
Q86VX9	0.00203
P00915	0.00059
Q8WUK0	0.00090
Q8NCW5	0.00073
P27544	0.00116
O95206	0.00075
O14735	0.00064
Q6ZS17	0.00185
Q15059	0.00112
P09496	0.00116
O14732	0.00054
Q8WU90	0.00115
Q969R2	0.00101
Q8IUR7	0.00720
Q9H6X5	0.00219
Q5HYK9	0.00170
Q6P1N0	0.02396
Q6NZ67	0.00248
Q9H0R6	0.00083
Q5VW36	0.00059
O95858	0.00077
Q9H596	0.00129
P60022	0.00079
Q9Y343	0.00211
O00445	0.00125
Q8N3X6	0.00127
Q53EL9	0.00058
Q8NE62	0.00129
Q96BJ3	0.00227
Q9NX14	0.00039
Q9NX08	0.00243
Q9Y320	0.00045
O96024	0.00091
Q8N283	0.00152
O60613	0.00091
O95157	0.00136
P28838	0.00108
O75956	0.00148
O95070	0.00067
Q6PGN9	0.00231
Q15527	0.00125
Q9Y639	0.00753
Q8WUW1	0.00173
O95936	0.00203
Q92765	0.00101
O00193	0.00105
A6NI79	0.00068
Q13467	0.00095
Q99436	0.00165
O43303	0.01621
P30301	0.00036
O15554	0.00096
Q9UGI6	0.00095
Q9BQI6	0.00137
Q92686	0.00097
P40145	0.00220
Q9BYF1	0.00109
Q9BQI3	0.00148
Q96EK4	0.00201
Q9BVG8	0.00507
Q5BJF6	1.01919
Q9H6A9	0.00110
Q9UHB6	0.00108
Q15058	0.01412
P05204	0.00171
Q5SXM8	0.00082
Q9NR55	0.00086
P24046	0.00101
Q8N5I2	0.00129
Q8TBH0	0.00187
Q9UPN4	1.04682
O60356	0.00163
Q96J94	0.00144
Q8WZ75	0.00062
Q7Z6J8	0.00122
P43366	0.00144
O43448	0.00168
Q02641	0.00143
Q8WY36	0.00112
Q9UQB9	0.00111
Q9H0G5	0.00125
Q9BRP8	0.00109
Q9H3Y6	0.00176
P36955	0.00074
O43781	0.00116
Q9UL15	0.00137
Q9H0W5	0.00151
Q15051	0.01546
Q00325	0.00104
O43715	0.00060
Q9UBF1	0.00076
Q9HCI5	0.00192
Q8WV22	0.00070
Q9HAY2	0.00101
Q9NXX6	0.00196
Q01433	0.00158
Q13630	0.00101
Q96BX8	0.00161
O00559	0.00054
Q96FZ2	0.00113
Q9NSA1	0.03682
Q9H930	0.00117
Q8N5Y8	0.00257
Q569H4	0.00116
Q9UGH3	0.00063
O14668	0.00101
Q0JRZ9	0.00119
P54756	0.00117
Q9NR20	0.00213
Q16517	0.00129
Q6NYC1	0.00195
Q92610	0.00119
Q9H8M2	0.00103
Q8TDI0	0.00066
Q9P1Y6	0.00144
Q7L4I2	0.00141
P51504	0.00209
P16871	0.00040
Q9Y3D2	0.00118
Q14592	0.00143
Q96CS4	0.00077
Q8IWU6	0.00065
Q96AA3	0.00060
O00767	0.00050
Q96MS0	0.00168
Q99932	0.00167
Q99469	0.00176
Q96S79	0.00094
Q00526	0.00130
Q9NR63	0.00062
Q9NUI1	0.00106
Q9BRJ7	0.00162
Q96H79	0.00105
Q8N4Q0	0.00122
Q9BRL6	0.00231
Q13395	0.00235
Q8NFU7	0.00147
Q9NPG3	0.00080
O95476	0.00050
Q8N9A8	0.00038
Q96MM3	0.00118
Q86UQ4	0.00091
Q9UKA8	0.00119
O94850	0.00072
Q8TD06	0.00117
O95274	0.00608
Q8TBK2	0.00065
P32745	0.00070
Q7Z4H7	0.05129
Q9H6D7	0.02566
Q68CZ6	0.03874
Q96CS2	0.00869
Q9BT25	0.04424
Q8NHV4	0.04789
Q96M86	1.00139
O94953	0.00106
P22492	0.00125
P51659	0.00122
Q96KP4	0.00119
O95573	0.00147
P21397	0.00058
P83731	0.00900
Q96I36	0.00086
Q9NU63	0.00112
Q6IBW4	0.00724
O75112	0.00216
Q96S65	0.00148
Q4KMQ1	0.00150
Q6NYC8	0.01316
Q9H7J1	0.00200
B7ZBB8	0.00114
Q14678	0.00136
P51788	0.00148
P09543	0.00096
Q14CM0	0.00393
Q4G1C9	0.00168
Q7Z5Y7	0.00095
Q5VT52	0.00119
Q92539	0.00112
Q00604	0.00070
O95625	0.01542
Q17R98	0.00121
Q9NSD9	0.00090
O00139	0.00243
Q9P258	0.00105
P84098	0.00298
Q7L2Z9	0.00214
Q6IPU0	0.00297
Q9H2E6	0.00096
Q5VV43	0.00087
O43301	0.00176
Q5THJ4	0.00168
O75051	0.00195
Q8N3X1	0.03533
Q8WUJ3	0.00314
Q9P2H3	0.03761
A2VEC9	0.00094
Q96AY4	0.00242
Q9ULK2	0.00169
Q9Y6X6	0.00070
O60343	0.00114
Q9NTZ6	0.00144
Q6N021	0.00131
Q9Y4D7	0.00164
Q9UH65	0.00165
O75096	0.00121
Q9P202	0.00199
Q9P281	0.00102
Q9UPZ6	0.00066
Q9UPW8	0.00464
Q8TD84	0.00085
Q9UPR0	0.00264
Q9Y2F9	0.00151
Q9UPW0	0.00293
A5YM72	0.00061
Q9HCM3	0.00132
Q9ULU8	0.00197
Q9C0B7	0.00327
O60307	0.02032
O94952	0.00101
Q96KG7	0.00167
O60231	0.01544
P53539	0.00122
O76076	0.00071
C9JR72	0.00061
Q5TC79	0.00394
Q5JTW2	1.00386
Q8WW22	0.00121
Q8N5S3	0.00187
Q9NQY0	0.00198
Q6ZUJ8	0.00112
P22674	0.00135
Q9BU70	0.00122
Q9UGP4	0.01295
Q58F21	0.00061
Q8NFC6	0.00105
Q5F1R6	0.00104
Q92564	0.00150
O75575	0.00123
P55822	0.00071
P35790	0.00233
Q7Z7A3	0.00090
Q9NR56	0.00125
Q2YD98	0.00088
O95361	0.00116
Q9UJT9	0.00176
Q9UPG8	0.00227
Q9BY66	0.00225
Q9UKC9	0.00082
Q96MN2	0.00331
Q9Y2E6	0.00243
Q6ICB0	0.00078
Q86UZ6	0.00155
P49773	0.00117
Q6N043	0.00127
P17098	0.00083
O95081	0.00110
Q96L93	0.00156
Q75VX8	0.00152
A7E2F4	0.00090
Q5TGY3	0.00190
Q14956	0.00073
P23677	0.00067
Q9BRS8	0.00085
P31152	0.00175
Q49MG5	0.00602
Q8TAA3	0.00160
Q9HBH0	0.00229
Q8TAD7	0.00146
Q12948	0.00081
Q8IY67	0.00140
Q9P2D3	0.00079
Q86TU7	0.00101
O95758	0.00167
Q8NHP6	0.00102
A0AV96	0.00194
Q96LT7	0.00127
Q8TBX8	0.00118
O60547	0.00109
Q8IWQ3	0.00105
Q86WH2	0.00121
Q9H0H3	0.00153
P12107	0.00075
Q96RE7	0.00113
Q8IWZ8	0.00131
Q9BQI9	0.00152
Q86VM9	0.00206
Q9NQW1	0.00127
Q6P3W7	0.00171
P49619	0.00066
Q9Y6C5	0.00066
P23527	0.00194
Q9NPE3	0.00091
Q9BQE3	0.00094
Q13268	0.01162
Q14004	0.00140
Q8N752	0.00280
Q9P2K8	0.00215
P09497	0.00125
Q99829	0.00109
Q9Y657	0.00296
Q5JUX0	0.00258
Q9H3K6	0.00217
Q96IV0	0.00095
Q14149	0.00108
Q9H040	0.00091
Q7LBC6	0.00128
O76080	0.00165
Q9UPU5	0.00109
Q9BXN2	0.00045
P28062	0.00948
P28065	0.00143
Q9BY76	0.00117
Q9NX04	0.00946
Q6B0I6	0.00261
Q9UK55	0.00059
Q8N9M1	0.00256
Q9P2W1	0.00134
Q5T8P6	0.00219
O75127	0.00116
Q5BKZ1	0.01181
Q8N8Y2	0.00138
Q9Y263	0.00124
Q96KP6	0.00185
Q9GZV9	0.00091
Q7L591	0.00137
Q86UU1	0.00171
Q9NQW6	0.00149
Q6ZW31	0.00077
Q99501	0.00173
Q9BVA0	0.00203
Q9NYZ3	0.00331
P47928	0.00092
Q02577	0.00114
Q8WWN8	0.00155
Q92784	0.00083
Q92782	0.00125
Q8WV41	0.00110
Q9BQI5	0.00087
A1YPR0	0.00051
Q9UN30	0.00103
Q3KNV8	0.00112
Q8WXX7	0.00093
Q9HAH7	0.00085
Q9HCM7	0.00104
Q86SE9	0.00090
P03923	0.00126
O95139	0.00065
O94901	0.00085
O75351	0.00104
Q8N9V2	0.00179
Q8WWH4	0.00037
Q86XT2	0.00286
Q86WG3	0.00176
Q9UBU6	0.00098
Q8NBM4	0.00123
Q8NCN4	0.00222
Q96NW4	0.00155
Q9HA38	0.00165
Q9BXA9	0.00060
P58012	0.00126
Q9Y3V2	0.00056
Q9UDY6	0.00177
Q86XT4	0.00139
Q9H8W5	0.00123
P14867	0.00127
P47869	0.00058
P34903	0.00061
Q16445	0.00082
P18505	0.00066
Q6ZTQ3	0.00350
Q9HCJ0	0.01767
Q9HCU8	0.00060
Q9BRX5	0.01913
Q14691	0.00126
Q10471	0.00057
Q9H7E2	0.00234
Q9NZ09	0.00141
Q8N5K1	0.00071
Q9H5N1	0.00385
P20061	0.00058
P20062	0.00084
P29033	0.00046
O95452	0.00031
O75712	0.00034
P08034	0.00049
P36383	0.00104
Q70IA6	0.00105
Q6P2D0	0.00223
Q6NZ36	0.00105
Q7L9L4	0.00124
Q70IA8	0.00130
P58872	0.00065
Q6UXS9	0.00052
Q9NTI2	0.00046
Q9NZM1	0.00114
P29401	0.00948
Q86VI4	0.00122
Q8TCJ0	0.00670
Q86UP8	0.00172
Q9NZP8	0.00050
O95759	0.00098
Q5T0F9	0.00207
Q9H426	0.00236
Q9UBN1	0.00107
Q9HBW1	0.00114
Q13433	0.00063
Q96LR7	0.00581
P00387	0.00058
Q8IZU8	0.00069
Q9NZI2	0.00072
Q9UBM1	0.00036
Q9H0V1	0.00296
Q9NV96	0.00069
Q7Z570	0.00114
Q8IZQ1	0.00173
O75436	0.00177
Q6PJ61	0.00261
Q96CD0	0.00187
Q9H469	0.00102
Q12829	0.00062
P34969	0.00385
O00391	0.00122
Q96EH8	0.00161
Q9UBP0	0.00118
P57775	0.00098
P21754	0.00049
Q8IXA5	0.00036
Q8N349	0.00024
Q96P20	0.00123
Q6ZT07	0.00121
Q66K14	0.00148
Q9BYX2	0.00101
Q4KMP7	0.00087
Q8TBP0	0.00088
Q4G0F5	0.00254
Q9NUL5	0.00184
P12955	0.00085
Q9BWD1	0.00087
P0DJD3	0.00079
P35610	0.00086
Q96MG2	0.00131
Q96C57	0.00073
Q93099	0.00066
Q8TBB5	0.00235
Q6P2H3	0.05077
Q9H106	0.00085
P48637	0.00126
Q9BR76	0.00189
P19623	0.00082
P34913	0.00056
P07195	0.00108
P53674	0.05096
P11086	0.00088
O43598	0.00095
P14550	0.00079
O95848	0.00155
Q9UBL0	0.00066
P09601	0.00102
Q9NZT2	0.00057
Q9BQE9	0.00130
Q14353	0.00228
P50135	0.00151
P0CE71	0.00065
O00154	0.00112
Q9UBW5	0.00061
P80297	0.00057
Q9Y3X0	0.02051
P48539	0.00075
Q6PG37	0.00063
O00338	0.00052
Q96G03	0.00084
Q8WVJ2	0.01275
Q7Z2X7	0.00070
P63313	0.00114
Q96CM4	0.00060
Q8N4X5	0.00079
P25713	0.00150
O75347	0.02851
Q96I15	0.00081
Q9Y3E1	0.00081
O15347	0.00425
P0C0S8	0.00451
P12104	0.00072
Q13069	0.00079
Q16775	0.00082
Q69YI7	0.00114
Q9NS86	0.00137
Q96FV2	0.00131
Q3ZCW2	0.00158
P22914	0.00078
Q96MW1	0.00205
Q9GZK4	0.00065
Q86UX7	0.00135
Q86XF0	0.00054
Q8IYK8	0.00085
Q8IUX4	0.00113
Q8IV38	0.00088
Q86XD5	0.00139
Q8N386	0.00053
P54922	0.00169
Q9H477	0.00056
Q96JY6	0.00549
Q8IUZ5	0.00164
O94808	0.00099
Q96A49	0.00067
Q9P0Z9	0.00182
Q86WR7	0.00105
Q9Y2T5	0.00052
Q9BR01	0.00108
P50747	0.00103
Q9BRF8	0.00060
O75781	0.00129
P30838	0.00071
Q5SRE7	0.00126
Q9BSQ5	0.00074
Q96GU1	0.00090
Q99795	0.00030
Q9BV29	0.00087
Q29983	0.00076
O95833	0.00178
O43704	0.00088
Q99732	0.00117
P20794	0.00109
Q8IZL9	0.00251
P13473	0.00811
Q96DZ1	0.00055
Q99426	0.00114
P22735	0.00996
Q9BYZ6	0.00072
Q7Z6M2	0.00089
Q9C0D3	0.00121
Q7Z7L7	0.00077
Q96MP8	0.00148
Q9H201	0.00179
Q9NV79	0.00125
Q2MKA7	0.00137
Q9BXB1	0.00057
Q70EL1	0.00589
Q2TAC2	0.00606
Q9Y5K3	0.00118
O75976	0.00092
Q9Y4F5	0.02367
Q8TF39	0.00102
Q99895	0.00088
Q8WWK9	0.00626
P35913	0.00084
Q16352	0.02656
Q99880	0.00717
A6NDG6	0.00102
Q86XN8	0.00231
P98171	0.00172
Q9NQ76	0.00158
Q5TDH0	0.00267
O95456	0.00125
Q9BT73	0.00079
Q8TC59	0.00109
Q9NTI7	0.06700
Q96S95	0.00069
Q9BQW3	0.00100
Q8IVN3	0.00069
O94827	0.00125
Q5SSQ6	0.00159
Q9P0S9	0.00055
Q9H8U3	0.00101
O14562	0.00233
P50993	0.00084
Q8IXQ5	0.00173
Q15392	0.00173
Q8IWR1	0.00102
Q9NVN3	0.00073
Q7Z2X4	0.03321
Q9NWT8	0.00085
O75521	0.00164
Q9Y6Y8	0.00180
Q5U5Q3	0.00108
Q12857	0.00130
Q9Y573	0.00132
Q8IY47	0.00075
Q7L273	0.00179
Q6TDP4	0.00239
A7E2V4	0.02665
Q8N4N3	0.02115
Q9NVR0	0.00161
Q14681	0.00086
Q9NXS3	0.00163
Q9C0H6	0.00229
Q9Y546	0.00138
Q53HC5	0.00252
Q9NVX7	0.00174
O95394	0.00111
Q8NFY9	0.00119
Q6PI47	0.00117
Q96C12	0.00236
Q53RE8	0.00112
Q8IWS0	0.00083
O94844	0.00125
Q9UF56	0.00852
P00367	0.00072
Q13015	0.00114
Q7Z2W4	0.00121
Q9P203	0.00100
Q6ZVC0	0.00179
Q4G0X4	0.00091
A6NJ78	0.00140
Q13615	0.00200
O14522	0.00072
O43819	0.00128
Q96DT7	0.00107
P47974	0.00137
Q9HCN8	0.00057
Q9Y314	0.02058
Q9NW64	0.00885
Q9NZ71	0.00136
Q6YHU6	0.00145
P51648	0.00750
Q9HCC0	0.01802
Q12797	0.00070
Q9HC07	0.00139
Q7L0Y3	0.00069
P27708	0.00130
Q96S66	0.00075
Q8NDN9	0.00121
O60313	0.00099
Q9BVQ7	0.01357
O95363	0.00136
O75600	0.00072
Q9P2R3	0.00101
Q9Y3I0	0.00112
B5ME19	0.00120
Q9UNF1	0.00086
Q9BW92	0.00198
Q02809	0.01084
P51570	0.00138
O43813	0.00127
Q9H857	0.00085
Q53H12	0.00075
P54819	0.01527
Q9BSD7	0.00080
Q9BQ39	0.00114
Q9NZ01	0.00064
P35908	0.00198
O00483	0.00082
P62841	0.00099
P61353	0.00078
P62269	0.00088
Q5VW00	0.00131
Q3SXM0	0.00143
Q9Y6F7	0.00292
Q562R1	0.00551
P98179	0.00145
O75526	0.00085
Q96MG8	0.00066
Q96S21	0.00063
Q8WXH5	0.00091
Q6PJ21	0.00144
Q9NRJ4	0.00084
Q9BSK4	0.00182
Q96JP0	0.00216
P32119	0.00087
Q9UK96	0.00109
P52739	0.00118
Q8NCA5	0.00170
O00178	0.00123
Q9C0C6	0.00155
P47929	0.00097
Q5VUJ6	0.00112
Q6PH85	0.00108
P62266	0.00079
Q9C030	0.00114
Q9Y3C6	0.01398
Q7L311	0.00231
Q06732	0.00141
Q5VW32	0.00075
Q9BS18	0.00189
P56704	0.00257
P41439	0.00086
P55083	0.00136
P22033	0.00075
Q8IVH4	0.00053
Q9UKZ4	0.00131
Q8IVT5	0.00150
Q53TN4	0.02070
Q96HD9	0.00122
Q8N1W1	0.00171
Q8IWB6	0.00452
Q9NY15	0.00132
Q96HR8	0.00085
P60468	0.00092
P27216	0.00075
Q96DZ5	0.00166
Q9HBL8	0.00119
Q9Y222	0.00123
Q7Z5N4	0.00157
Q1MX18	0.00271
P56750	0.00156
Q7Z601	0.00069
Q96PB8	0.00052
O43182	0.00114
P25100	0.00114
Q9H2J7	0.00105
Q9HBX8	0.00064
P43119	0.00100
Q9Y345	0.00044
P48546	0.00046
Q8NHY3	0.00564
Q96KN9	0.00112
P43234	0.00097
Q9H1J5	0.00086
Q9NP55	0.00141
Q12979	0.00141
Q15040	0.00179
P41595	0.00053
Q9NTG1	0.00096
Q6ZMN7	0.00218
Q8NFP4	0.00071
Q6UWI4	0.00087
O75912	0.00113
Q9Y6W3	0.00247
Q6ZRY4	0.00106
Q6AWC2	0.00140
Q9UFC0	0.00186
Q9BXV9	0.00074
Q5TAX3	0.00267
P49863	0.00146
P0CJ68	0.00133
Q5T0T0	0.00084
Q9UHF7	0.00127
Q7Z591	0.00190
Q96DA2	0.00142
Q9BZG1	0.00074
O95755	0.00248
Q14964	0.00164
Q9BSJ6	0.00195
Q6ZUS6	0.00171
Q9H0S4	0.00158
Q9ULW3	0.00115
Q8NDX6	0.00105
Q96Q45	0.00048
Q86Y79	0.00093
Q969X6	0.00103
Q9HCC9	0.00122
Q96NN9	0.00072
Q9ULX3	0.00086
Q96LT9	0.00121
P10253	0.00091
O43451	0.00075
Q9BZR8	0.00089
Q9H8M7	0.00134
O75916	0.00108
Q6MZT1	0.00226
Q96MX6	0.01284
P29218	0.00092
Q5M775	0.00170
P53814	0.00111
P21549	0.00089
Q13454	0.00107
Q969Q6	0.03015
P55085	0.00078
Q9NXV6	0.00114
Q9UK17	0.00171
Q9ULM6	0.00144
O94810	0.00165
Q969K7	0.00059
P50406	0.00073
Q92664	0.00104
Q8TCY9	0.00270
Q9H1A3	0.00082
Q9BXJ7	0.00039
Q8WV92	0.00164
Q9UBI6	0.00125
Q96QD9	0.01088
Q9BXW7	0.00073
Q00796	0.00068
Q9Y5K2	0.00048
P15309	0.03269
P25311	0.00112
P04733	0.00067
Q13275	0.00072
O43826	0.00054
P08123	0.00128
O15523	0.00286
Q9NPC3	0.00139
Q86VS8	0.00260
P15814	0.00043
Q7L5Y9	0.00085
P42892	0.00221
P02746	0.00151
Q9H116	0.00088
Q9Y225	0.00041
Q5GLZ8	0.00156
Q9UPZ9	0.00101
Q96Q05	0.00104
Q9UFB7	0.00202
Q19T08	0.00062
Q15916	0.00242
Q8WX94	0.00051
P59046	0.00131
Q6PJG6	0.00200
Q86X83	0.01957
Q9H0A8	0.02165
Q9GZQ3	0.00285
Q7Z4G1	0.00224
Q86VX2	0.00286
Q9Y6G5	0.00228
Q719H9	0.00125
Q8IZ52	0.00128
Q9NTJ5	0.00051
P35408	0.01316
Q9UIX4	0.00068
Q96KE9	0.00256
Q9Y2P7	0.00051
Q96SR6	0.00391
O43613	0.00085
Q8NEV1	0.00075
P09110	0.00079
Q03989	0.00155
Q9NR97	0.00069
Q9Y2C9	0.00113
Q9NR64	0.00194
Q8NI27	0.01440
Q13769	0.02037
Q86W42	0.02783
Q69YN4	0.00366
Q8TEJ3	0.00107
Q8WWG9	0.00126
P25105	0.00120
Q9NXR1	0.01210
Q9UK08	0.00102
Q6ZMR5	0.00065
Q9HBE5	0.00096
Q16322	0.00044
Q8N608	0.00056
P42658	0.00049
Q14119	0.00956
A1L020	0.00076
Q9BRX9	0.01700
A6H8Y1	0.00086
Q86UE4	0.00107
Q96PY6	0.01492
Q9NRY2	0.00126
Q6PIU1	0.00113
Q92953	0.00049
Q8TDN1	0.00063
Q07617	0.00095
Q96AH8	0.00145
P52738	0.00234
O75159	0.00066
Q96JC1	0.00194
Q9BRR6	0.00053
Q9UBP4	0.01031
Q9H6E4	0.00113
Q96DN0	0.00123
Q96D42	0.00056
Q6GPH6	0.00064
Q96DA0	0.00173
Q9UHQ9	0.00061
Q14554	0.00080
P45877	0.00185
O43278	0.00078
Q96IX5	0.00079
O60844	0.00110
Q9NWB1	0.00165
Q9P2P1	0.00092
P61421	0.00093
P16383	0.00182
Q8NDZ0	0.00109
Q96IP4	0.00092
Q86UW1	0.00096
Q8WW36	0.00230
Q14CB8	0.00159
Q9BSU1	0.00262
Q96T21	0.00221
Q9NZJ4	0.00153
A6ZKI3	0.00187
P56559	0.00109
P30040	0.00115
O43497	0.00065
Q9UM22	0.00254
Q7L5A8	0.00057
Q8WV48	0.00125
P69849	0.00098
P13521	0.00142
Q9H7N4	0.00112
Q92519	0.00226
P10746	0.00169
Q9UBD0	0.00115
Q9BX46	0.00128
O60336	0.00145
Q9UID6	0.00196
A6BM72	0.00283
O75093	0.00153
Q6ZWJ1	0.01287
Q9NP73	0.00219
Q16610	0.00129
P13637	0.00117
Q96N03	0.00063
Q8N1N0	0.00069
Q9UKJ3	0.00162
Q96MN9	0.00121
Q9UKD1	0.00150
O75074	0.00063
Q86VZ5	0.00074
Q9Y2K5	0.00168
A6NNL0	0.00069
Q7Z6M4	0.00119
Q14671	0.00829
O14602	0.00262
Q2TAL8	0.00843
Q6ZMJ4	0.00053
Q15032	0.00139
Q6ZMT1	0.00126
Q9UGR2	0.00083
O15014	0.00130
O43306	0.00112
Q8TE02	0.00065
Q9NR31	0.00044
Q15800	0.00057
Q969X2	0.00070
Q9C0B0	0.00157
A6NDV4	0.00075
O95864	0.00116
Q08AD1	0.00520
Q86YD3	0.00133
Q99442	0.00085
P0C7I6	0.00061
Q58EX7	0.00183
Q96KG9	0.00101
Q4J6C6	0.00123
Q9NVP4	0.00207
Q86UL3	0.00062
Q9UHF1	0.00136
Q6ZW76	0.00115
Q7Z406	0.00124
Q76G19	0.01628
Q8WVV9	0.00184
Q96A83	0.00051
Q68CJ9	0.00094
Q5T1M5	0.00277
Q8NCF5	0.00246
Q5TH69	0.00193
Q9P1Z0	0.00316
Q9ULM3	0.00143
Q96LB2	0.00048
Q86T75	0.00121
Q7Z698	0.00141
Q13255	0.00076
Q9H1B4	0.00253
Q16099	0.00050
Q8NDT2	0.00225
Q9P2G3	0.00150
P07320	0.00054
Q9Y6X1	0.00061
Q9Y520	0.01208
Q96CM3	0.00127
Q8N8U2	0.00173
P61599	0.00317
O95716	0.00229
Q96MF7	0.00243
O14558	0.00160
Q13007	0.00146
Q6T4R5	0.00148
Q9NQV8	0.00086
Q9BUF5	0.00101
Q53QV2	0.00043
Q5HYA8	0.00084
P30532	0.00089
Q9Y5K8	0.00235
Q9BYT3	1.00105
Q9Y2U8	0.00101
O75309	0.00106
Q6P050	0.00117
Q9H871	0.00096
Q14562	0.00855
Q9NZC9	0.00120
Q8TBM8	0.00102
Q8WY21	0.00046
P19971	0.03295
P23975	0.00107
P48553	0.00109
Q8WVT3	0.00128
Q7Z392	0.00055
Q9Y5R8	0.00089
Q5T215	0.00051
Q8IUR0	0.00086
Q86SZ2	0.00105
Q9H3L0	0.00136
Q9Y4U1	0.00105
Q5VIR6	0.02851
Q9P1Q0	0.00345
Q5VWJ9	0.00070
O94826	0.00125
Q9UQ16	0.00190
Q9H939	0.00133
Q9H792	0.00120
Q8TDY4	0.00126
P53680	0.00114
Q9NSY1	0.00179
Q2M2I8	0.02136
Q8TF46	0.00092
Q9Y450	0.00118
Q8N6L1	0.00056
Q96RT8	0.00285
Q9BSJ2	0.00280
P04839	0.00052
Q12907	0.00128
P25106	0.00048
Q9UN67	0.00124
Q8NG11	0.00037
Q06055	0.00134
Q9NRP0	0.00105
Q04671	0.00132
Q8WWM9	0.00408
Q99679	0.00052
Q6SJ93	0.00071
Q9GZU8	0.00092
Q9NPA0	0.00085
Q9Y284	0.00031
Q9Y5Y6	0.00067
Q3SX64	0.00169
Q9NYW8	0.01455
Q1ZZU3	0.00085
Q6NXT2	0.00172
P05813	0.00201
Q92743	0.00088
Q6Y1H2	0.00103
Q9NVV5	0.00036
Q5JSP0	0.00133
P07478	0.00067
Q05940	0.00041
Q9ULR5	0.00229
P43897	0.01027
O75718	0.00160
P06280	0.00105
Q8NBJ5	0.00094
P15586	0.00116
P08236	0.00111
O95479	0.00104
Q70UQ0	0.01381
Q32P28	0.01650
P54802	0.00078
Q15165	0.00053
P42785	0.00102
Q8TCJ2	0.00918
Q8NCR0	0.00118
Q9BZQ6	0.00088
Q9BTY2	0.00076
P38435	0.00125
Q6NSJ0	0.00100
Q99538	0.00138
O94898	0.00043
Q92626	0.00066
P51688	0.00051
Q6NUS6	0.00095
Q9UL25	0.00124
Q70EK9	0.00123
O60732	0.00102
P78358	0.00267
Q86YB7	0.00065
O75594	0.00080
Q8WWQ8	0.00067
O95760	0.00106
P30047	0.00083
Q96F85	0.00092
Q9ULW5	0.00080
Q9BQ65	0.00536
P82914	0.00078
Q9NZ45	0.00052
Q8WYP5	0.00145
Q2KHN1	0.00165
Q9BV47	0.00234
P30872	0.00111
Q96M98	1.00166
Q9Y6M4	0.00113
Q8IXI1	0.00082
Q93050	0.00102
P21281	0.00128
P21283	0.00094
Q92947	0.00106
Q63ZY3	0.00470
Q53F19	0.00663
Q2TAL5	0.00170
Q5T1N1	0.00274
Q9Y5V0	0.00101
Q13442	0.00166
Q9NUV9	0.00246
Q8NDD1	0.00200
Q9NRY5	0.00104
Q96IK1	0.00117
Q96NM4	0.00228
Q8IV56	0.00229
Q8WWH5	0.00101
Q8IV04	0.00218
Q8N0U7	0.00218
Q9Y2S6	0.00189
Q2TBE0	0.01164
Q5T4F4	0.00103
Q9UJ78	0.00146
Q8N4J0	0.00164
Q9UPQ0	0.00122
Q9NYS0	0.00083
Q6PB30	0.00158
Q8N3C7	0.00212
Q7Z5V6	0.00841
A8MPX8	0.00180
Q9Y3C1	0.00154
O95057	0.00273
Q8NHQ9	0.00103
Q9BX68	0.00105
Q8TAL5	0.00189
Q9H3J6	0.00121
P35711	0.00157
Q86TB9	0.01007
Q96K30	0.00518
Q9NZH5	0.00131
Q5SQI0	0.00206
Q8IXS8	0.00202
Q86UF4	0.00101
Q9NVP1	0.00110
Q86V15	0.00110
Q6ZT98	0.00180
P29728	0.00131
Q93015	0.00170
Q9BQ48	0.00077
P41223	0.00158
Q6NSI3	0.00172
Q86XR8	0.00395
P05546	0.00142
Q96GY0	0.00141
Q96MW7	0.00192
Q5SSJ5	0.00132
O75995	0.00234
Q9H6P5	0.00299
Q7L1W4	0.00125
Q9Y421	0.00101
Q9NYN1	0.00160
Q9H7X2	0.00184
Q86YA3	0.00168
Q8IVW4	0.01752
Q9HCM4	0.00143
Q9Y3N9	0.00172
Q8IZ73	0.00065
Q9H093	0.00160
O60488	0.00110
Q96A22	0.00209
Q9HCS5	0.00470
Q8N264	0.00110
O15075	0.00143
Q6PUV4	0.00176
Q13956	0.00149
Q8TD30	0.00069
Q9ULJ7	0.00235
Q9BVC5	0.00123
P41162	0.00065
Q9HCG7	0.00085
Q96M27	0.00239
Q9NXZ2	0.00098
Q8IYB5	0.00118
Q86VS3	0.00089
Q9Y2H6	0.00107
Q5U5X0	0.00061
Q7L9B9	0.00145
Q71RC2	0.00958
Q9NRZ7	0.00119
Q8TF09	0.00264
Q86SX6	0.00094
Q9BRU9	0.00113
Q5T5D7	0.00102
P49638	0.00058
P58511	0.00054
Q659C4	0.00138
Q16836	0.00128
Q8TD55	0.00267
P17026	0.00101
Q15814	0.00151
O14792	0.00078
Q9NZE8	0.00087
Q9BSG1	0.00087
Q8NEG7	0.00119
Q5BKY9	0.00126
Q8N9Z9	0.00148
Q02221	0.00122
Q6ZN55	0.00107
Q9BWT6	0.00129
P30038	0.00063
O94830	0.00094
Q96C45	0.08505
Q96N21	0.00958
Q96G46	0.00169
Q9BT56	0.00108
Q8IWA6	0.00131
Q9BXS6	0.00195
Q9UHG0	0.00119
Q7Z6V5	0.00456
Q12792	0.00124
O15382	0.00178
Q68BL7	0.00129
Q68DC2	0.00067
Q96L46	0.02790
Q9NTX5	0.00121
Q9H898	0.00105
Q9H607	0.00163
P40933	0.00180
O14598	0.00134
A6NKD2	0.00325
Q6JQN1	0.00088
O43320	0.00205
Q0P6D6	0.00342
Q5T4T6	0.00225
Q86XP0	0.00120
Q8N3F0	0.00124
O94768	0.00111
Q9H7C9	0.00143
Q9NXA8	0.00105
Q8NFW8	0.00151
Q8N4V1	0.00057
Q5T7P8	0.00209
Q9BXM9	0.00172
Q15696	0.00204
Q96KN8	0.00185
O43903	0.00265
O95279	0.00039
P08397	0.00147
Q9H972	0.00336
Q2VYF4	0.00172
Q8TAZ6	0.00088
Q96JB3	0.00141
Q8NEY3	0.00177
Q9BWT1	0.00160
Q6P1L6	0.00244
Q5BKX8	0.00130
Q9H9L4	0.00199
Q9BUG6	0.00176
P54868	0.00188
Q9Y5I7	0.00107
Q8NFV4	0.00177
P02144	0.00080
Q86YD7	0.00512
Q7Z2Z1	0.00159
Q9NZR1	0.00109
Q5W5X9	0.00256
Q9HCL2	0.00166
Q13206	0.00121
P86791	0.00199
Q3MIW9	0.00172
Q8N8V4	0.00266
Q8IYY4	0.00476
Q8IY84	0.00172
P30825	0.00051
P40261	0.00103
P48454	0.00116
Q9BZB8	0.00303
Q8NF86	0.00090
O60256	0.00094
Q9Y530	0.00122
Q9BW19	0.00136
Q499Z3	0.00180
Q8NB25	0.04036
Q32NC0	0.00070
Q5T655	1.00244
Q96F15	0.00076
Q6PJE2	0.00093
Q9BT81	0.00081
Q9H9Y4	0.00112
Q86XZ4	0.00368
Q96NJ5	0.00202
Q53QW1	1.00045
Q9ULE0	0.00172
Q6P1Q9	0.00081
Q6P1Q0	0.00140
Q8N5M1	0.00728
Q8TBG4	0.00133
Q6P2H8	0.00180
O94956	0.00112
Q9Y258	0.00044
O60330	0.00186
Q96GW9	0.00090
Q6P4A8	0.00319
Q16822	0.00136
Q504U0	0.00268
Q96L08	0.00127
Q9GZP8	0.00110
Q6PI77	0.01064
Q8NG66	0.00260
Q9NPH9	0.00394
Q6WRI0	0.00064
O96001	0.00184
O00534	0.00109
Q6GMR7	0.00172
Q9BVS4	0.00159
P19087	0.00079
Q14320	0.00147
Q9H2M3	0.00089
Q9Y3Y2	0.00647
Q8WYA0	0.05176
Q8NBS9	0.00139
Q15622	0.00172
Q14129	0.00198
Q6P1S2	0.03963
Q8ND71	0.00122
P42126	0.00108
Q9BXD5	0.00249
Q96EL3	0.00085
Q6IPW1	0.00066
Q96LR4	0.00067
Q8IXP5	0.00424
Q8N5C7	0.00100
Q16772	0.00227
Q9UET6	0.00136
Q8NCE2	0.00142
Q8N0Z8	0.00136
Q8TAV5	0.00119
O95256	0.00141
Q9H579	0.00172
Q8IWB9	0.00128
Q13875	0.00107
O43151	0.00129
Q8NGJ1	0.00141
Q8IYB0	0.00172
Q8N4H5	0.00100
Q7Z2F6	0.00177
P02042	0.00103
O95976	0.00311
Q9HAN9	0.00098
Q8IV03	0.00250
Q96P69	0.00172
Q9Y234	0.00195
Q9BW72	0.00077
Q8NHR7	0.00103
Q5NDL2	0.00054
Q96EL1	0.00173
Q9BPX6	0.00111
Q9BRR8	0.05405
Q92901	0.00106
Q9BRQ6	0.00120
P78383	0.00056
Q7Z3G6	0.00185
Q9H2A7	0.00065
Q8IV53	0.00118
Q9NQE9	0.00069
Q8NA70	0.00260
O95747	0.00174
Q7Z3E5	0.01135
Q6NT76	0.00165
Q9Y2B4	0.00128
Q8ND61	0.00136
Q86YS6	0.00089
P48169	0.00081
Q86YH6	0.00063
Q9NSE4	0.00084
Q96AT1	0.00382
Q8TDQ1	0.00079
Q8IUX1	0.00116
Q9BT30	0.00240
Q12951	0.00124
Q14376	0.00172
Q9HBI0	0.00200
Q9UGM6	0.00117
P0DPI2	0.00097
Q8NES3	0.00112
Q14031	0.00207
Q6NUI1	0.00172
Q9Y691	0.00096
Q96MN5	0.00245
P08118	0.00094
Q4G0X9	1.00335
Q5MNZ6	0.00150
Q8N4Y2	0.00122
Q9Y614	0.00246
P13232	0.00112
P08263	0.00333
Q8N365	0.00207
Q9BZJ8	0.00032
Q71UI9	0.00153
Q6ZMY6	0.00228
Q13258	0.00077
O60830	0.01891
Q16854	0.00097
Q86W33	0.00058
P60508	0.00052
Q9P0S3	0.00048
Q96DP5	0.00079
Q99999	0.00090
Q9Y458	0.00102
Q8N427	0.00114
Q4AE62	0.00172
Q6NUM9	0.00072
Q9NSD7	0.00098
Q2QL34	0.00172
Q9H2A2	0.00088
Q8IV33	0.00272
Q96G30	0.00085
Q8N5S9	0.00155
Q92930	0.00094
Q99755	0.00133
Q6ZRI6	0.00125
P0DTW1	0.00151
Q8NAT1	0.00104
Q01524	0.00062
Q9UN70	0.00089
Q8TCT0	0.00120
Q9BUN5	0.00316
Q969T3	0.00110
P22749	0.00082
Q9UN72	0.00110
Q96JX3	0.00116
P51580	0.00305
Q9UBI4	0.00075
Q96NT3	0.00116
Q8NEA5	0.00134
Q9UKB3	0.00094
Q6IC98	0.02965
P38117	0.00121
Q9Y5F6	0.00172
P57729	0.00099
Q6NSI8	0.00823
O14495	0.00082
Q9BZQ4	0.00176
Q9H6K4	0.00132
A8K4G0	0.00041
Q9H0K6	0.00205
Q8N865	0.00142
Q8WW32	0.00107
Q8N987	0.00191
P05451	0.00109
Q8NCV1	0.00134
Q8WWF8	0.00142
O75602	1.00153
P11245	0.00117
O43181	0.00057
P41587	0.00084
P17029	0.00196
Q9BW91	0.00079
P05000	0.00218
Q6ZUJ4	0.00228
Q8N5J4	0.00163
Q9UJ90	0.00062
Q5VYS8	0.00082
Q8NA19	0.00464
Q6NVV7	0.00147
Q8TAX9	0.00088
Q2TAA8	0.00311
O15547	0.00096
Q8NEQ6	0.00273
Q6P1K1	0.00135
Q86V25	0.00164
Q5BJF2	0.00035
P42765	0.00129
P61236	0.00166
Q9NQ88	0.00127
Q5T5N4	0.00397
P08319	0.00195
Q96BZ9	0.00075
Q86UC2	0.00496
Q92772	0.00130
Q7Z3Z2	0.00102
Q9NYU1	0.00066
P62079	0.00060
Q96JJ7	0.00076
P34949	0.00187
Q13939	0.00133
B2RC85	0.00145
Q8TC36	0.00315
P56880	0.00107
Q9H8H0	0.00088
Q9BYJ0	0.00160
Q9H6Q4	0.00215
Q96AB3	0.00155
P09912	0.00134
Q9H3Y0	0.00204
Q9NWU1	0.00091
Q9P0K8	0.00087
Q6DN12	0.00172
Q8WW52	0.00131
Q96PE7	0.00137
Q02338	0.00145
P32019	0.00210
Q0VDD8	0.00245
O43555	0.00172
P69892	0.00110
O95857	0.00101
P39900	0.00170
O95164	0.00105
Q6IAN0	0.00092
Q9UBG7	0.00178
Q8TDQ0	0.00064
Q7L985	0.00076
P51157	0.00115
Q9Y274	0.00058
Q9NSG2	0.00108
A5D6W6	0.00172
P17050	0.00166
Q9NXF8	0.00057
Q6NXR0	0.00129
Q86V87	0.00134
O60268	0.00172
Q9BSA9	0.00115
Q6DD88	0.00066
Q8TE77	0.00125
Q9UIK4	0.00145
Q86WW8	0.00142
Q9HA64	0.00078
Q9BRX8	0.00056
Q01973	0.00110
Q9UKQ9	0.00083
Q8N5M9	0.00058
Q9Y365	0.00183
Q9Y586	0.00199
Q96C19	0.00133
Q9P0W8	0.00714
Q9NVR5	0.00100
Q15726	0.00102
Q6UWU2	0.00081
O43897	0.00078
Q93070	0.00116
P58499	0.00071
Q9Y675	0.00088
Q9NPC8	0.00084
Q9BWS9	0.00059
O75223	0.00107
Q86TS9	0.00066
O75414	0.00136
Q7Z4W1	0.00105
Q8TEA7	0.00119
Q8TAA1	0.00106
Q9BUA6	0.00113
Q9H361	0.00162
Q53FP2	0.00087
Q8N841	0.00143
Q5HYI8	0.00098
Q8N6Q8	0.00139
P36980	0.00120
Q8N4U5	0.00141
Q96N20	0.00104
Q9P121	0.00079
Q9H299	0.00083
Q9NRA2	0.00214
Q9HCJ6	0.00264
Q460N3	0.00128
Q8IUF8	0.00085
P47775	0.00111
Q8IYX1	0.00243
Q5H8A4	0.00127
Q9HAW8	0.00197
O95715	0.00048
Q96FN9	0.00172
Q16647	0.00104
Q8N3Z3	0.00158
Q7L592	0.00082
Q6UWN8	0.00172
Q5JRV8	0.00234
P05015	0.00209
O43347	0.04472
Q9H6K1	0.00175
Q6UW02	0.00087
Q5TZF3	0.00317
Q9NWW6	0.00142
O60359	0.00158
Q969Y0	0.00047
O43169	0.00070
Q709F0	0.00121
Q9NUJ1	0.00127
Q8N5I4	0.00159
P07311	0.00112
Q7Z3D6	0.00079
Q86VF5	0.00180
P60409	0.00103
Q9NVS9	0.00086
Q9UHV5	0.00172
Q8N682	0.00060
Q7Z624	0.00212
Q9Y615	0.00112
P15428	0.00172
Q9NP61	0.01286
Q8WUD1	0.00127
Q16773	0.00189
P41231	0.00143
Q7Z7H3	0.00289
Q8IYM1	0.00211
Q6P9H5	0.00143
Q56VL3	0.02386
Q8WUX2	0.00216
Q96KN2	0.00074
Q9BUH6	0.00085
Q6UX06	0.00053
Q9BYT8	0.00093
Q8TCP9	0.00097
Q8NC06	0.00220
Q15772	0.00181
Q2M2E3	0.00051
Q8N112	0.00083
P01569	0.00054
Q6E0U4	0.00074
Q0VDI3	0.00087
P05976	0.00117
Q9Y279	0.00071
P40199	0.00211
Q6UW56	0.00116
P32881	0.00063
Q96GE9	0.00117
Q02083	0.00049
Q53FT3	0.00102
Q8IV76	0.00444
Q6U7Q0	0.00172
Q8IXQ8	0.02549
P78508	0.00106
Q8WZ55	0.00167
A2A2V5	0.00051
Q9H6L5	0.00139
Q8N8F7	0.00048
Q6V702	0.00115
Q8TEQ8	0.00118
Q92478	0.00106
Q8NC54	0.00229
Q8IXX5	0.00093
Q9UBY5	0.00055
P09228	0.00079
O95561	0.00202
Q8WWC4	0.00093
P22794	0.00057
P54760	0.00079
P01213	0.00073
Q96PI1	0.00172
Q14CX5	0.00084
Q53H76	0.00133
Q8TAV4	0.00067
P98173	0.00104
O43827	0.00106
Q58DX5	0.00082
Q13325	0.00098
P10632	0.00058
P33260	0.00041
Q8TAG9	0.00166
Q5VYX0	0.16748
P07098	0.00149
Q6NVH7	0.00090
Q9HD89	0.00089
Q9BSF4	0.00081
P55809	0.00075
Q9HCJ1	0.00049
P58549	0.00052
Q6DN90	0.00119
Q96NG5	0.00185
Q8TAC9	0.00080
P35498	0.00086
Q92902	0.00066
Q96A54	0.00084
Q86V24	0.00055
Q9H490	0.00120
Q9NVA2	0.00136
O43324	0.00090
P30049	0.00095
P17568	0.00143
P62072	0.00070
Q9Y5J7	0.00044
Q92600	0.00249
Q96FX7	0.00128
Q9UJA5	0.00092
Q9P0U1	0.00086
O43674	0.00054
P48047	0.00102
O95168	0.00060
O96000	0.00074
O95299	0.00071
Q96QR8	0.00085
P20839	0.00075
Q6N069	0.00176
Q86U44	0.00145
Q9HCE5	0.00117
Q8TED0	0.00100
Q92526	0.00131
P47985	0.00083
Q9P0V9	0.00163
Q2TAY7	0.01342
Q9H0U3	0.00085
Q9ULR0	0.00279
Q7Z2W9	0.00063
P82921	0.00076
Q9BVK6	0.00063
P49588	0.00112
Q00266	0.00076
Q13488	0.00086
Q15526	0.00048
Q96QV6	0.00148
Q9BYG3	0.00105
Q9NZ32	0.00266
Q8IVS2	0.00098
Q5T6F2	0.00148
Q9Y487	0.00087
Q96IG2	0.00081
Q96L21	0.00070
O95801	0.00114
O75792	0.00123
Q8TDP1	0.00185
Q5TBB1	0.00138
Q92520	0.00052
P20671	0.00177
Q96DM3	0.00142
P39210	0.00102
Q96AG3	0.00067
Q9UMX5	0.00095
Q16719	0.00114
Q9NYV4	0.00135
P12035	0.00313
Q96JM3	0.00124
Q7Z7H5	0.00230
Q9H009	0.00110
Q9NUH8	0.00258
Q9NXG2	0.00073
Q9H3U1	0.01248
Q12965	0.00171
Q9BWM7	0.00080
Q9ULV4	0.01104
O94913	0.00158
Q9BUR4	0.00105
Q641Q2	0.02076
Q9BZZ5	0.00132
Q8ND56	0.01123
Q9BQC6	0.00081
Q9Y5Y2	0.00149
Q9NXW2	0.00116
Q86UK7	0.00161
Q96A26	0.00075
P80723	0.00123
P08174	0.00052
Q9UDW1	0.00075
Q96K21	0.00196
P79522	0.00118
Q9H061	0.00116
Q96K17	0.00281
Q99805	0.00064
P36915	0.00244
P30520	0.00121
Q9P2N5	0.00159
Q5JRX3	0.00090
O14880	0.00054
Q5TC82	0.00497
Q9NX40	0.00098
Q13423	0.00072
Q9NYT0	0.00066
Q9NQC8	0.03832
P78316	0.00107
Q9P000	0.00267
Q8N5M4	0.01459
P36551	0.00087
Q32P51	0.00136
O60812	0.00233
P15328	0.00151
O14975	0.00154
Q9NZJ7	0.00092
Q14166	0.00240
P50213	0.00163
Q9BSJ8	0.00079
P57772	0.00145
O00763	0.00132
Q6UW60	0.00267
Q9Y5J3	0.00113
Q8N0S6	0.00240
P61011	0.00113
Q8WW43	0.00052
Q9UHD1	0.00174
P52954	0.00121
P07864	0.00137
Q8ND04	0.00545
Q9H0W8	0.01399
Q9BRD0	0.00132
O75110	0.00226
Q8WY22	0.00076
Q49A26	0.00735
Q8WUY1	0.00066
Q13585	0.00177
Q92903	0.00043
Q8ND76	0.00133
Q68DY1	0.00176
Q70SY1	0.00125
P17036	0.02698
Q13907	0.00194
O00764	0.00097
A6NHR9	0.00114
Q9NWD8	0.00046
Q6TDU7	0.00294
Q8NEN9	0.00738
Q8IWV2	0.00067
P49189	0.00087
P48147	0.00096
O75445	0.00119
Q9Y5A6	0.00095
Q93075	0.00082
O95825	0.03416
O75952	0.00118
Q9UKJ0	0.00053
Q58EX2	0.00116
Q9NXG0	0.00144
Q86UX2	0.00152
Q9BY14	0.00153
Q6XPS3	0.00323
Q86UU5	0.00161
Q5M9Q1	0.00172
Q15113	0.00059
O43529	0.00042
Q9NWW7	0.00204
Q8NHS9	0.00162
Q86WS3	0.00089
P00414	0.00077
Q8TCU4	0.01732
Q92820	0.00088
Q9UPM9	0.00097
Q8IZU3	0.00108
Q9Y3D5	0.00074
Q9NX94	0.00123
Q8N573	0.00127
Q8N543	0.00068
Q9NUQ7	0.00077
Q6NTF9	0.00920
Q9BQB6	0.00088
Q8ND07	0.00071
Q8N6M9	0.00137
Q86WX3	0.00144
Q96P64	0.00126
Q96B54	0.00096
O95183	0.00050
Q9HD64	0.00127
O75394	0.00069
Q8NBX0	0.00188
Q7L1T6	0.00050
Q6ZRH7	0.00066
Q32M88	0.00066
Q9BRN9	0.00077
Q6P587	0.00244
Q9BXJ8	0.00077
Q32M84	0.00402
Q86VU5	0.00181
Q8TC71	0.03434
Q86YH2	0.00126
Q9H2K0	0.00052
P59797	0.00155
Q7Z4T8	0.00166
Q96JM2	0.00195
Q9BQF6	0.00097
Q8N9R8	0.00155
Q9Y6X3	0.00077
Q969W8	0.00139
Q02386	0.00110
Q6AHZ1	0.00145
Q8WV07	0.00050
Q9UKU7	0.00110
O43505	0.00063
Q2T9L4	0.04107
Q96JQ2	0.00192
Q6IQ20	0.00324
Q9HCK1	0.03796
O15234	0.00952
O60306	0.00939
Q9UJU5	0.00070
Q9P2E7	0.00112
P58004	0.00153
Q9Y6P5	0.00151
Q96D70	0.00214
A6NP11	0.00146
A8MUZ8	0.00146
Q9BV90	0.00270
Q86VV8	0.12948
Q6ZRI0	0.00146
Q8NG95	0.00146
Q96P26	0.00146
Q86SG6	0.00170
Q8WXI7	0.00146
Q6ZU35	0.00104
Q2M1V0	0.00091
Q5VVW2	0.00107
Q9UGM5	0.00132
P0DPD6	0.00105
Q8WZ79	0.00095
Q8NFW5	0.00333
Q9Y6F8	0.00146
Q9Y592	0.00169
Q504Y3	0.00218
P43251	0.00075
Q9P2D8	0.00173
Q3KQV3	0.01107
P98066	0.00055
Q96HP0	0.00150
Q4G0P3	1.00116
Q49A92	0.00144
A6NKT7	0.00263
Q9HC84	0.00056
P40394	0.00167
A6NLP5	0.01475
Q9BXX3	0.00146
Q6ZRT6	0.00207
Q14517	0.00112
Q9BTX1	0.00114
P24557	0.00159
Q9Y5C1	0.00088
Q86WG5	0.00138
P0DPF3	0.00146
Q3BBV0	0.00149
O14771	0.00173
Q9NXG6	0.00104
Q9UJ99	0.00146
Q8IUA0	0.00146
Q9BVV6	0.04613
Q8WXX0	1.00127
Q8NFA0	0.00123
Q7L8S5	0.00132
Q5T4B2	0.00092
Q06203	0.00077
Q8IWE4	0.00127
Q9BTE7	0.00112
Q8NCT1	0.00122
Q9UBY8	0.00060
Q9Y6D0	0.00041
Q9Y6G1	0.00045
Q6UX40	0.00057
Q5BJH2	0.00036
Q9H6X4	0.00044
Q7RTU7	0.00108
Q9UH77	0.02077
Q9BYP7	0.00287
Q6P1L5	0.00165
O75386	0.01180
Q8N6H7	0.00111
Q9P0J7	0.00180
Q08830	0.00140
P81172	0.00124
P00739	0.00144
Q15417	0.00087
P55056	0.00095
Q96HP8	0.00047
Q96B21	0.00031
P56937	0.00039
Q01628	0.00062
Q9H2U2	0.00092
Q96A57	0.00061
Q8N2G6	0.00044
Q9NWH2	0.00032
Q9P0B6	0.00049
Q6UX53	0.00046
Q9NZV6	0.00329
Q8NCS4	0.00039
Q8IY34	0.00094
Q96T54	0.00044
P02656	0.00054
Q8WUD4	0.00352
P78369	0.00112
Q08174	0.00092
Q96DB5	0.00067
Q8TCG1	0.01850
P19113	0.00069
P01286	0.00100
Q02643	0.00114
Q68CZ1	0.03856
Q8IWD4	0.00122
Q6ZRV2	0.01565
Q16873	0.00034
P20292	0.00031
Q08426	0.00595
P56696	0.00170
Q9H4A5	0.00118
Q96NC0	0.00305
Q8N7X4	0.00096
Q8WTP9	0.00347
Q7L0J3	0.00117
Q9NSD5	0.00224
O14683	0.00074
P57738	0.00034
Q9H305	0.00105
Q9H7D0	0.00119
P0DPF6	0.00087
Q9H1U9	0.00046
P04920	0.00184
Q9UF11	0.00152
Q7Z494	0.00186
A0JNW5	0.00154
Q12968	0.00213
Q9UEY8	0.01787
Q14982	0.00066
Q8N6S4	0.00140
Q9NSI5	0.00114
Q86VZ6	0.00128
Q8N0Z2	0.00210
Q6EMB2	0.04773
Q9Y4K0	0.00102
Q8N9B4	0.00092
O43708	0.02898
Q5JR98	0.00266
Q3B726	0.00084
Q5VZQ5	0.00073
Q8IW00	0.00119
Q86VG3	0.08252
Q8TAP8	0.00138
Q5SZB4	0.00092
Q9NPI7	0.00154
Q9NRG7	0.00146
Q6ZMY3	0.00155
Q8N5T2	0.00858
Q7Z3U7	0.00093
Q5SGD2	0.00054
Q9GZM6	0.00127
Q9H974	0.00086
Q2V2M9	0.00451
Q969G5	0.00147
Q86Y38	0.00058
Q5VWP3	0.00160
Q96D98	0.00073
P51124	0.00084
O75608	0.00085
P12829	0.00055
P56385	0.00079
P02100	0.00053
Q01085	0.00111
Q9NQI0	0.00088
Q9Y388	0.00144
Q96NB3	0.00243
Q8WVK2	0.00120
O60508	0.01257
Q9HCG8	0.00123
Q14331	0.00134
Q6UX04	0.00088
Q15067	0.00114
P43155	0.00360
O14734	0.00134
Q6YN16	0.00155
Q9BTZ2	0.00154
Q86WA8	0.00122
Q8WYN0	0.00216
Q16671	0.00122
Q96QS6	0.00129
Q86YV6	0.00131
Q8WXR4	0.00153
Q6J9G0	0.00140
Q2WGJ6	0.00171
O75426	0.00265
Q8WZ60	0.00150
O75132	0.00234
Q8NE63	0.00149
Q9BXA7	0.03368
Q8N165	0.00112
Q9Y6S9	0.00153
P80192	0.00149
Q7L1V2	0.00065
Q14692	0.00101
Q5T200	0.00136
O75683	0.00111
Q96GA3	0.01270
P20020	0.00634
Q9H6Y2	0.00110
Q8N5P1	0.00120
Q9BXY0	0.00071
Q6P6C2	0.05757
Q9NUQ6	0.00194
P19440	0.00026
Q86WI3	0.00063
Q70Z35	0.01712
Q5T764	0.00171
P05166	0.00135
P05165	0.00162
Q96RQ3	0.00107
Q8NBP7	0.00070
Q8WXF0	0.00155
Q5EBL8	0.01725
Q9H902	0.00069
Q3ZCM7	0.00081
Q9NRH3	0.00160
Q8N344	0.01970
Q8IZ40	0.00115
Q7Z3K6	0.00200
Q96JJ3	0.00098
A1X283	0.00090
A6NGB9	0.00123
Q8IWW6	0.00130
P49286	0.00110
Q8N9W6	0.00223
Q86YF9	1.00128
Q8N0Z3	0.05367
Q6PIS1	0.00066
A5PL33	0.00234
Q14432	0.00092
Q6IQ23	0.00217
P19484	0.00104
Q9P227	0.02106
P11509	0.00043
P10635	0.00040
Q5SRI9	0.00083
Q9UII5	0.00150
Q9UN79	0.00368
A4FU01	0.00112
O60476	0.00145
P0DML2	0.00125
P53582	0.00164
Q5T5Y3	0.00489
Q86UK5	0.00130
Q8N3P4	0.00151
Q8N5G2	0.00091
Q8N988	0.00188
Q8NAM6	0.00139
E7ETH6	0.00175
Q4LDE5	0.00180
B6SEH8	0.00300
Q9NR34	0.00127
Q9NXD2	0.00142
Q15238	0.00074
Q9Y4D1	0.00177
Q9H4A4	0.00076
P48307	0.00185
Q16557	0.00092
Q8N3C0	0.00135
Q8N3E9	0.00156
Q8TE76	0.00154
Q8WUA8	0.00185
Q9BVG3	0.00232
P48739	0.00115
Q5C9Z4	0.00080
Q5T8A7	0.00141
Q5TID7	1.00087
Q86XI6	0.00147
Q8NI77	0.00167
Q9H175	0.00128
Q86UD4	0.00160
Q9UJ37	0.00055
Q9H0W7	0.00134
Q9Y4C8	0.00085
P11465	0.00050
Q49AG3	0.00039
Q9P273	0.00081
O60518	0.00149
P58335	0.00063
Q96MY7	0.01050
Q9NWK9	0.00083
O15021	0.02351
Q96PE3	0.00186
Q9Y2H8	0.00074
P57082	0.00046
O75794	0.00200
Q5T7N2	0.00100
P54687	0.00148
O15254	0.00168
P98153	0.00152
Q8IV31	0.00039
Q96BQ5	0.00069
Q9H2S5	0.06472
O43772	0.00094
P0CL81	0.00131
Q9H0J9	0.00138
O15484	0.00106
Q969T7	0.00032
Q9Y6R7	0.00047
O15438	0.00064
Q0PNE2	0.00094
Q9NUN7	0.00064
Q6AZY7	0.00199
P41594	0.00115
P0C5J1	0.01462
Q8IXQ9	0.00082
Q8WXB1	0.00160
Q96AZ1	0.00202
Q9H867	0.00174
Q9BUU2	0.00031
P61278	0.00117
O43414	0.00138
Q9H900	0.00065
A1XBS5	0.00184
Q15777	0.00133
Q5JST6	0.00704
Q03393	0.00088
Q8NFR7	0.00628
Q86WP2	0.00157
Q96GV9	0.00132
P14770	0.00071
Q9ULZ1	0.00144
Q9BV99	0.03919
Q6UX72	0.00185
Q12841	0.00070
Q8WTP8	0.00197
Q9Y6I9	0.00854
O00754	0.00103
Q659A1	0.00096
Q9NQ35	0.00235
Q9H9S3	0.00061
Q9NZB2	0.00592
P16422	0.00168
Q8N9T8	0.00099
P82970	0.00070
Q99720	0.00106
Q9BX74	0.00180
Q9GZY8	0.00043
P18065	0.00139
Q9Y5S8	0.00092
P35499	0.00119
Q14146	0.00079
Q19AV6	0.00053
Q9NVE7	0.00088
Q5SY16	0.00100
P33121	0.00058
Q5VT66	0.00063
P51530	0.00201
Q5VV42	0.00088
Q9NV66	0.00095
Q5TA89	0.00133
Q93088	0.00246
P01258	0.08599
Q8IWL3	0.00137
Q8IWZ6	0.00453
O75094	0.00181
P24298	0.00089
P53634	0.00205
P20718	0.00086
Q6IMN6	0.00079
P47902	0.00139
Q9NZQ7	0.00136
O00481	0.00047
Q6UX41	0.00036
O95971	0.00046
Q6UXZ3	0.00052
Q16568	0.00054
Q14002	0.00075
Q86YT9	0.00042
Q96PJ5	0.00087
Q03403	0.00073
Q13449	0.00375
Q7Z3B1	0.00058
Q96NY8	0.00073
Q495A1	0.00038
O60487	0.00049
Q6UWV2	0.00052
Q9NYZ4	0.00219
P48506	0.00088
P48507	0.00093
Q3L8U1	0.00093
Q92876	0.00592
Q8N157	0.02876
Q0VGL1	0.00146
O95672	0.00140
O60826	0.01881
Q8NCQ5	0.00134
P0C869	0.00184
O15033	0.00066
Q8TEA8	0.00201
P0C6T2	0.00354
Q96GD0	0.00093
Q9Y2Q0	0.00032
O43520	0.00045
P98196	0.00073
Q9Y2G3	0.00398
Q8NB49	0.00058
Q3MIR4	0.00061
Q9H4X1	0.00127
Q8TAK5	0.00172
Q6P047	0.00203
A5D8V7	0.01845
Q8IZU1	0.00183
Q8NEC7	0.00188
Q9BX10	0.00181
Q8N4C7	0.00166
Q8N1K5	0.00081
Q9HAQ2	0.00303
P00973	0.00257
Q9Y3A6	0.00144
Q8NB12	0.01351
A7E2Y1	0.00245
O95260	0.01479
Q9NWQ4	0.00205
Q6ZNL6	0.00162
Q9BS31	0.00167
P41218	0.00120
Q86UP3	0.00103
O15090	0.00130
Q53H96	0.00144
Q6NXT1	0.00168
A1A4G5	0.00149
Q6UWF3	0.00055
P12821	0.00112
Q9BQB4	0.00174
Q9H461	0.00115
Q12791	0.00054
Q9Y6X4	0.00124
Q5SNT2	0.00065
Q8ND82	0.00161
Q9NW82	0.00096
Q96GX5	0.07272
O15173	0.00064
Q14865	0.00262
Q96N64	0.00220
O15417	0.00111
Q6PH81	0.00225
Q8N1G0	0.00104
Q9Y5B6	0.00155
O15399	0.00119
P0CI25	0.00211
Q9UPY5	0.00156
Q9BVV7	0.00044
Q8N8A6	0.00086
Q687X5	0.00067
P23219	0.00131
Q4ZIN3	0.00042
Q8TBE9	0.00177
O75844	0.00077
P43353	0.00106
Q8WUU8	0.00141
Q10586	0.00052
Q96BA8	0.00046
Q9BX97	0.00096
Q4G176	0.00083
Q9HD20	0.00091
Q99437	0.00051
Q8TCD1	0.00159
Q9H1C7	0.00081
P05981	0.00040
Q6N075	0.00056
Q6TCH4	0.00026
Q8N697	0.00083
Q8N4V2	0.00083
O43761	0.00169
Q9H0X6	0.00114
Q8WVD5	0.00079
Q9C037	0.00217
Q9Y5Y7	0.00049
Q5EE01	0.00081
Q8TEB9	0.00069
Q8N9V3	0.00261
Q9HBE4	0.00313
O60240	0.00067
Q8WTS1	0.00076
P20648	0.00127
Q16563	0.03049
Q8WXI3	0.00103
P23946	0.00045
Q9UKL6	0.00405
Q8IUD6	0.00219
O15439	0.00356
Q8N1S5	0.00096
Q7Z4Q2	0.00114
Q9Y305	0.00083
Q9NYP7	0.00062
Q9NQX4	0.00211
Q9Y6I8	0.00049
Q8NEF9	0.00093
Q06520	0.00066
Q9ULD0	0.04538
Q9BXL5	0.00100
Q9NQ25	0.00060
Q9NRX5	0.00072
Q96NX5	0.00064
Q9Y3B3	0.00103
Q8N307	0.00126
Q6ZSJ8	0.00573
Q5JTB6	0.00502
P51164	0.00123
Q92837	0.00198
Q9ULC3	0.00088
P27338	0.00228
Q9NST1	0.00076
P05093	0.00085
Q96GR4	0.00066
Q13261	0.00060
Q9BZM1	0.00103
Q8IWW8	0.00174
P09131	0.00639
P56706	0.00055
Q6Q788	0.00091
Q9HA47	0.00142
Q86XP1	0.00141
O15244	0.00047
Q9H4G1	0.00055
Q6ZVD7	0.00086
Q9BYT1	0.00152
P48426	0.00126
P78552	0.00076
Q9GZU3	0.00033
Q9UIL8	0.00151
Q9Y6N6	0.00082
Q8N693	0.00070
P50897	0.00104
Q9HCS2	0.00087
O60779	0.00100
Q8NBI5	0.00051
Q9H3N1	0.00078
Q9NVA4	0.00048
O76093	0.00063
Q04609	0.00067
Q9BUK6	0.00101
Q99944	0.00090
Q9H0P0	0.00096
Q9BVK2	0.00063
Q6Q0C1	0.00051
O60259	0.00101
Q6PJI9	0.00176
Q9UN19	0.00075
P13762	0.01546
Q96A84	0.00202
Q9NY26	0.00087
Q96IC2	0.00074
P43629	0.00039
Q9BZD6	0.00098
Q8N7B6	0.00286
Q8N3T1	0.00031
O75173	0.00104
Q86VR8	0.00042
Q9UK85	0.00070
P35575	0.00067
Q9ULX7	0.00157
Q9H6D8	0.00055
Q6UXH0	0.00060
O75752	0.00269
Q9NYL4	0.00189
Q6ZWL3	0.00043
O75325	0.00090
Q9HD90	0.00075
Q9NPF0	0.00151
Q6UXH8	0.00240
Q6UXD5	0.00077
Q99680	0.00066
Q9UL01	0.00085
Q9NYG8	0.00041
P46089	0.00381
Q96P16	0.00136
P40225	0.00219
O95674	0.00081
Q86XU0	0.00059
Q9HCK0	0.01560
Q9HDC9	0.00087
O00180	0.00051
P32754	0.05614
Q92982	0.00046
Q96IZ2	0.00071
Q9H115	0.00059
Q8WXS4	0.00190
P19652	0.00040
Q86UA6	0.00162
Q6NT04	0.00220
Q9UIJ7	0.00146
Q9BRT2	0.00193
P12319	0.00276
Q5TA50	0.00060
Q99572	0.00154
O95395	0.00198
O60234	0.00052
Q496A3	0.00140
Q9BZV2	0.00047
Q8WUM9	0.00084
Q11201	0.00077
Q9P0M6	0.00100
Q86XD8	0.00205
Q96NR8	0.00125
O00341	0.00115
Q9NRW4	0.00093
P54852	0.00043
Q8WZA1	0.00099
P23416	0.00100
P51956	0.00062
Q9P243	0.00190
Q9Y5L3	0.00084
Q9C002	0.00077
P00352	0.00090
Q9HCG1	0.00163
Q9H310	0.00072
Q9UJW2	0.00062
Q06033	0.00046
Q9NRY7	0.00059
Q1W6H9	0.00212
Q8N3J5	0.00268
Q9NZB8	0.00105
P36537	0.00065
Q5T3F8	0.00090
Q8NBQ7	0.00044
P08590	0.00125
Q9H6T0	0.00106
Q6P995	0.00423
P51687	0.00781
Q99853	0.00215
Q5VIY5	0.00102
Q9UMQ6	0.00188
Q9H2F3	0.00075
P78333	0.00059
Q96C86	0.00096
O75907	0.00081
Q9NRG9	0.00162
Q13126	0.00152
Q8N9I5	0.00096
Q8WWV6	0.00065
Q9BV10	0.00042
Q9Y394	0.00078
Q53H82	0.00222
Q96FX2	0.00208
O14494	0.00072
O95772	0.00045
Q6UXY8	0.00104
Q96H35	0.00086
Q9HBJ8	0.00036
Q9NS71	0.00094
Q9BZM5	0.00069
Q9NYL5	0.00050
P55263	0.00036
Q9HB03	0.00047
Q9NYK1	0.00074
Q96CP6	0.00073
Q99678	0.00046
Q9Y5W5	0.00102
Q15646	0.00123
Q6ZMB5	0.00107
P0C7T8	0.00065
P18283	0.00111
Q08708	0.00040
P22732	0.00073
Q8NCL4	0.00072
Q9P0T7	0.00068
P54707	0.00169
P47871	0.00063
P82251	0.00104
Q9P2F8	0.00589
Q9HC96	0.00100
P00325	0.00080
Q9BYG0	0.00054
Q9UJD0	0.00193
O60636	0.00067
P29275	0.00050
Q8N568	0.00182
Q14210	0.00069
Q96QD5	0.00089
P30043	0.00511
P32189	0.00104
P56381	0.00055
Q16878	0.00106
O00478	0.00047
Q9H3S1	0.00050
Q9BYV1	0.00038
Q8WUY9	0.00116
Q9BY08	0.00047
Q9Y227	0.00056
Q04446	0.00127
Q9UI32	0.00114
O75900	0.00086
P28332	0.00191
P23919	0.00076
Q8TDC3	0.00067
P34810	0.00142
O43820	0.00073
O15120	0.00081
Q9H329	0.00137
Q8N328	0.00014
Q92633	0.00365
Q96LZ3	0.00094
P54793	0.00196
P14920	0.00057
Q6NUN0	0.00057
Q9ULL5	0.00129
O60479	0.00110
Q9Y696	0.00104
Q99571	0.01785
O95393	0.00038
P20815	0.00144
O00292	0.00046
Q9H6R3	0.00092
O15440	0.00157
Q9Y4R7	0.00152
Q969X1	0.00081
Q8N142	0.00090
Q92949	0.00243
Q92988	0.00078
O95478	0.00083
O43709	0.00099
Q15761	0.00062
O14561	0.00096
P04746	0.00127
Q8NCG5	0.00035
P06126	0.00047
Q14973	0.00078
Q8NCF0	0.00122
O60909	0.00132
Q86TH1	0.00182
P51828	0.00143
Q8IZR5	0.00150
O95255	0.00135
Q13508	0.00057
P16219	0.00053
P07327	0.00118
P10176	0.00051
P35326	0.00212
P03971	0.00082
Q14534	0.00071
P52790	0.00260
Q10588	0.00060
Q12889	0.00045
Q13634	0.00087
Q99956	0.00091
Q14586	0.00183
O14967	0.00065
Q9BS86	0.00459
Q15722	0.00092
Q12794	0.00401
Q8N2U9	0.00039
P12110	0.00075
Q9H8P0	0.00049
Q9Y6N1	0.00065
P50440	0.00182
P51589	0.00200
P20711	0.00100
Q01523	0.00108
Q02127	0.00141
Q01151	0.00122
Q9H488	0.00072
P0DTL5	0.00085
Q06136	0.00057
P16662	0.00026
Q06210	0.00092
Q04760	0.00153
P02790	0.00083
O15552	0.00039
Q96PC5	0.00139
Q02108	0.00080
P54840	0.00084
P79483	0.00254
P48449	0.00155
O95342	0.00057
P31268	0.00098
Q9NYD6	0.00111
P48735	0.00124
Q9Y2S2	0.02580
Q02252	0.00128
O15370	0.00054
P21145	0.00040
Q8N339	0.00056
P00156	0.00055
P03901	0.00038
O95178	0.00081
Q9NRC1	0.00132
P21439	0.00050
P07998	0.00062
Q9H6U8	0.00044
Q96EK6	0.00116
P06133	0.00044
O75764	0.00085
P17041	0.00130
O60635	0.00041
Q9NPB9	0.00042
P78332	0.00122
Q13516	0.00428
Q9Y2B1	0.03433
P56180	0.00111
O15321	0.00041
Q02318	0.00040
Q03591	0.00140
O14957	0.00039
P55259	0.00487
Q9H3S5	0.00093
Q9Y289	0.00169
Q96A25	0.00043
Q9BV23	0.00048
Q9UK61	0.02034
P32929	0.00128
P22310	0.00023
Q8TAV3	0.00201
Q8WWZ7	0.00044
Q96SQ7	0.00072
Q9BQ75	0.00080
Q9ULI2	0.00289
Q86W54	0.01710
Q0VDG4	0.00227
Q6P1R3	0.00075
Q99611	0.00067
Q8NCC5	0.00062
Q9Y2D2	0.00085
Q9UHJ6	0.00085
P56746	0.00132
O94766	0.00135
O14841	0.00118
Q9P2W7	0.00049
Q96PN8	0.00909
Q14623	0.00058
Q6ZUA9	0.00024
Q9Y342	0.00051
O43325	0.00056
Q9P206	0.00116
Q16617	0.00063
Q5VZB9	0.00075
P27469	0.00125
Q9NZ20	0.00043
Q16670	0.00160
Q92681	0.00222
Q86SF2	0.00049
Q3MUY2	0.00061
Q9NQ48	0.00332
P22309	0.00028
Q6ZUT1	0.00746
Q96DU7	0.00115
Q9H227	0.00259
Q13214	0.00119
Q9HD34	0.00091
Q9HC57	0.00042
Q9H609	0.00208
O60669	0.00105
Q96Q06	0.00051
Q8N4G2	0.00069
Q9H8L6	0.00125
P17020	0.00133
Q13360	0.00135
Q16853	0.00090
Q9H808	0.00178
O43825	0.00050
P82980	0.00211
Q13421	0.00072
Q9BTP6	0.00119
Q86TW2	0.00139
Q9BRR3	0.00089
Q9NY97	0.00081
Q9Y231	0.00211
Q96S38	0.00069
Q8TB22	0.00112
Q96IK0	0.00040
Q9UJJ7	0.00128
Q96EY9	0.00225
Q9H3H5	0.00274
Q96FA7	0.00069
Q96N77	0.00192
Q96PC3	0.00179
Q96BF6	0.00114
Q6SA08	1.00052
Q16850	0.00096
Q8N960	0.08814
Q6PF06	0.00062
Q8TC21	0.00056
Q8N3Y7	0.00085
Q92935	0.00048
Q3MIX3	0.00102
Q5VZI3	0.00095
Q5TZA2	0.00452
O95427	0.00100
Q9H0Z9	0.00060
Q9HBI6	0.00202
Q9BPU6	0.00206
Q9UQV4	0.00090
Q9H4F1	0.00032
Q15771	0.00149
Q9NZI6	0.01470
Q9NUY8	0.00150
Q9NZH0	0.00076
Q9NV35	0.00166
Q969M1	0.00047
Q8N1B3	0.00084
O60930	0.00080
A8K8V0	0.00232
Q8TB68	0.00079
Q86YI8	0.00135
Q8TBB0	0.00194
Q6ZSB9	0.00110
A8MZ97	0.00044
Q5JPI3	0.00088
Q9H7Z7	0.00090
Q96EE4	0.00301
P43115	0.00704
P14138	0.00044
O15296	0.00074
Q5T890	0.00150
Q6UXX9	0.00069
Q9BXY4	0.00078
Q2I0M5	0.00113
Q6IQ22	0.00078
P11229	0.00655
P31327	0.00086
Q8WUJ0	0.00073
Q8NEE6	0.00113
Q8IUC8	0.00083
Q9NSC7	0.00155
O95396	0.00059
Q6NUQ4	0.00082
Q96QK8	0.00075
P42898	0.00091
Q8N5J2	0.00058
P48960	0.00109
Q5T3U5	0.00152
Q16774	0.00042
Q9Y2P5	0.00122
Q96T52	0.00080
Q99470	0.00074
Q96CU9	0.00071
Q96AT9	0.00111
Q9NR19	0.00221
Q9UJJ9	0.00167
Q9Y663	0.00059
Q99943	0.00090
P15621	0.00103
Q8N398	0.00221
Q9UHL4	0.00127
Q8NI99	0.00371
Q9BSG0	0.00170
Q96L58	0.00130
Q8WWB7	0.00102
Q7Z3E1	0.00196
Q9Y3S2	0.00125
Q9BQA9	0.00052
P10620	0.00058
Q86XI8	0.00122
Q5H9L2	0.00143
Q496Y0	0.00103
Q99551	0.00094
Q9Y2D4	0.00155
Q6NW34	0.00116
Q8IU57	0.00063
Q6YI46	0.00084
Q86VQ1	0.00192
Q9C073	0.00177
O60299	0.08647
Q9UPE1	0.00156
Q92576	0.00168
Q6ZSY5	0.00166
Q8WU58	0.01647
Q5U5X8	0.00069
Q12767	0.00198
Q9C098	0.00063
Q00532	0.00091
P42857	0.00047
O14647	0.00211
Q86SE8	0.00363
Q86VQ0	0.04477
Q8IWP9	0.00221
Q8IZF4	0.00054
Q8N136	0.00158
Q8N6F1	0.00083
Q8ND94	0.00120
Q8TDD5	0.00042
Q8TE67	0.00073
Q8WTQ4	0.00139
Q8WUS8	0.00134
Q96EH5	0.00193
Q96Q83	0.00194
Q96QA6	0.00227
Q9BYE3	0.00058
Q9NP56	0.00134
Q9NTU7	0.00053
Q9Y6Q2	0.00180
P48595	0.00154
Q5MJ08	0.00183
Q6NUJ2	0.00101
Q8N0Y2	0.00091
Q8NGW1	0.00178
Q96K75	0.00148
Q96MY1	0.01014
Q9NUK0	0.00091
Q8TE04	0.00133
P35270	0.00082
Q5JTZ9	0.00082
Q15031	0.00072
P10153	0.00091
P34995	0.00038
Q9NPC1	0.01065
Q9UK05	0.00059
P11117	0.00090
Q9P2E5	0.00074
Q9UHN6	0.00064
P20933	0.00054
Q9H0X4	0.00043
Q7Z4H8	0.00066
A2VDJ0	0.00051
Q8NBL1	0.00060
P11279	0.00118
Q9Y2E5	0.00035
O00462	0.00062
Q8NBM8	0.00048
Q9UMR5	0.00039
O00584	0.00061
Q9HAT2	0.00047
Q9P0I2	0.00051
Q92545	0.00070
Q96AE7	0.00070
Q16880	0.00086
O75054	0.00149
Q9UPS8	0.05782
Q8IUI8	0.00121
Q9Y2L9	0.00090
Q96II8	0.00110
Q9P266	0.00127
Q9BY89	0.05665
A6NKD9	0.00323
Q8TEH3	0.00228
Q5VZ89	0.00139
Q5T0W9	0.02189
Q9Y2H2	0.00142
O15063	0.00389
Q86V48	0.06038
Q9C0I1	0.00546
Q9ULR3	0.00240
Q9H6H4	0.00047
Q9HCD6	0.00123
Q96M02	0.00108
Q9UKT6	0.00118
P43304	0.00106
Q6NUK1	0.00087
Q13201	0.00461
P12645	0.00153
Q9H8W3	0.00238
P0C7W6	0.00445
Q8N3J3	0.00138
Q86X59	0.00144
Q6ZQX7	0.00098
Q9H7T9	0.00234
Q5T0J7	0.00228
Q8IYI0	0.00135
Q96H12	0.00156
Q96MA6	0.02295
Q6ZUS5	0.00445
Q494V2	0.00203
Q96AQ1	0.00307
Q96LY2	0.00300
Q14689	0.00229
Q6PIW4	0.00125
Q6PJQ5	0.00124
O95837	0.00130
Q6P1K8	0.00073
Q8N1A0	0.00210
O95447	0.00350
Q9BYZ2	0.00098
Q68G74	0.00101
Q9Y2Z2	0.00325
Q8N660	0.00164
Q8IYM2	0.00135
Q9H9V9	0.00094
O95947	0.00140
Q6PID6	0.02369
Q8N6F8	0.01204
P59817	0.00204
Q96JL9	0.00276
Q8WV37	0.00267
Q68EA5	0.00162
Q3KNS6	0.00231
P55160	0.00213
Q7Z5R6	0.00118
O75554	0.00185
Q9BTE6	0.00221
Q86TI2	0.00172
Q9P2T1	0.00089
Q8TDQ7	0.00133
Q8N1G4	0.00140
Q9NR45	0.00104
Q7Z2Z2	0.00124
Q9Y606	0.00124
Q9UNX3	0.00095
Q6V1X1	0.00073
Q9HB40	0.00103
P04628	0.00046
Q9GZZ1	0.00125
Q9H790	0.00111
Q8WWB5	0.00859
Q9NVQ4	0.00197
Q7Z739	0.00164
Q7Z7L1	0.00140
O95678	0.00675
O43508	0.00076
Q2Q1W2	0.01275
Q9P2E8	0.00111
Q96NS5	0.00099
Q8WXH4	0.00067
Q9UJA2	0.00055
P15259	0.00151
Q86VP3	0.00119
P15735	0.00167
P46020	0.00095
Q8N6U8	0.00110
O75071	0.00109
Q6PII5	0.00141
Q9NW75	0.00242
Q5T5M9	0.00103
P35626	0.00141
Q5T7W0	0.03548
Q9UK59	0.00248
Q6PEV8	0.00290
Q7Z7G8	0.00181
Q8TC76	0.00127
Q9P2F5	0.00263
O75474	0.00209
Q8NF37	0.00093
Q96CT7	0.00144
Q96CT2	0.00117
Q9UJ14	0.00041
C9JLW8	0.00255
Q9BX40	0.00141
Q9H9Z2	0.00130
Q9H6R4	0.00125
Q9NUD5	0.01177
Q96HQ2	0.00086
Q9H089	0.03359
Q9H295	0.00044
Q9UNK4	0.00044
P57771	0.00179
Q9HAB3	0.00064
Q9Y653	0.00109
Q14765	0.00115
Q9Y3L5	0.00115
O60266	0.00058
Q96PD7	0.00048
P32970	0.00082
Q96BI1	0.00042
Q9H1P3	0.00107
P05186	0.00116
P02655	0.00085
P02808	0.00024
A4UGR9	0.00241
Q702N8	0.00075
Q2M3C7	0.00254
P49961	0.00060
Q15833	0.00173
Q6NSI4	0.00153
Q8WVL7	0.00182
Q4G112	0.00063
Q96LI6	0.00090
P55008	0.00156
P48728	0.00431
Q96CP2	0.00104
Q5TA76	0.00055
Q9BRP1	0.00120
Q86X45	0.00168
Q9NXL9	0.00129
Q96JY0	0.00157
Q8IX18	0.00161
A2VDF0	0.00327
A3KMH1	0.00092
O95436	0.00073
Q96C01	0.00941
Q03395	0.00035
Q8IXQ4	0.00174
Q8IWX7	0.00282
Q5T2D3	0.00148
Q8TE49	0.00077
Q9BUF7	0.00110
Q96E17	0.00126
Q9BXS4	0.01093
Q15061	0.00089
Q92567	0.00125
P86478	0.00154
Q8IZU0	0.00169
P51649	0.00089
Q8TD10	0.01452
Q9UFD9	0.00123
Q8N0S2	0.00252
Q8IWZ5	0.00154
Q9BYN7	0.00119
Q14CZ0	0.00097
P23280	0.00123
Q96DZ9	0.00091
Q8IVP5	0.00102
Q76N32	0.00316
Q8IYA8	0.00817
Q8IX15	0.01023
O43364	0.00175
Q12882	0.00149
A1L4K1	0.01160
A1L190	0.00561
Q6IPM2	0.00258
Q6PF05	0.00255
Q68D86	0.00270
Q8IYX7	0.02294
Q8IWV1	0.00172
Q8WVE0	0.00124
Q8IXF0	0.00076
Q8TB37	0.00099
O14627	0.00235
Q3V5L5	0.00129
Q5T700	0.00035
Q9BSE2	0.00046
P43361	0.00106
O14931	0.00051
Q8TBJ5	0.00143
Q08AG7	0.00481
Q969W3	0.00073
Q96RT7	0.00280
O43313	0.00200
Q2TBA0	0.00275
Q0VAK6	0.00168
Q5FWF4	0.00094
Q96PD2	0.00039
Q96RP9	0.00079
O15239	0.00086
Q5HYK3	0.00096
Q9Y3A0	0.00057
Q8WXD2	0.00135
Q96GS4	0.02171
Q96CN5	0.00179
P26927	0.00108
Q9NS75	0.00319
Q9Y271	0.00096
P07451	0.00074
Q13822	0.00182
Q4G163	0.00090
Q8NG06	0.00194
O14773	0.00122
Q2NKJ3	0.00260
P24001	0.00100
Q96RD7	0.00070
Q96HI0	0.00241
Q6NXT4	0.00107
Q8TAD4	0.00077
Q9BUB7	0.00074
Q6ZNC4	0.00099
Q5T8D3	0.00080
Q05BV3	0.00263
Q5VU97	0.00092
Q8N0Z6	0.00078
O00570	0.00108
P16442	0.00061
Q96HH9	0.00199
Q8IY33	0.00173
Q53GG5	0.01665
Q14D33	0.00272
P14621	0.00040
Q9UJX0	0.00192
Q8IV13	0.00174
Q9BRQ3	0.02311
Q96Q77	0.00184
Q6A162	0.00565
P60411	0.00086
P60410	0.00089
P60369	0.00097
Q9BV19	0.00154
Q6AI12	0.00210
Q68DK2	0.00258
Q5H9K5	0.00227
Q6P444	0.00172
Q8TBZ8	0.00206
Q6PF15	0.00166
Q17RB0	0.00201
Q9BYR5	0.00070
P05014	0.00168
Q6UWX4	0.00085
P26371	0.00083
Q0P5N6	0.00159
P50583	0.00120
Q9NQ79	0.00119
Q8N8K9	0.00143
O43315	0.00055
P09067	0.00689
Q86WR0	0.00154
Q9NU19	0.00247
Q8IYE0	1.00912
Q9NQL9	0.00739
Q86UY5	0.00193
Q8NDC4	0.00224
Q86Y33	0.00206
Q8N9E0	0.00227
Q9Y5L2	0.00043
A2RRH5	0.00066
P45381	0.00097
Q13515	0.00295
O43822	0.02765
O95749	0.00212
Q9NWS6	0.00094
P05496	0.00047
O60242	0.00047
Q8N954	0.00158
P0CW19	0.00127
Q9BQG2	0.00081
P53004	0.00083
O75841	0.00029
Q9NRQ5	0.00055
P35070	0.00221
Q969V4	0.02118
Q8TC20	0.00355
Q5TYM5	0.00083
Q06432	0.00027
P58397	0.00149
Q86VI3	0.00173
Q5W111	0.00173
Q9NUG4	0.00068
A8MVW0	0.00113
Q3SYF9	0.00150
P60412	0.00061
Q53EP0	0.00977
Q5JZY3	0.00114
P40121	0.00117
P17022	0.00075
Q96PV4	0.00956
Q9BT43	0.00121
Q8IYT3	0.00369
O43699	0.00067
O75355	0.00036
O75356	0.00104
Q07108	0.00035
Q8WZ59	0.00047
Q8IYS0	0.00063
P32320	0.00106
P51861	0.00104
Q494R4	0.00213
Q2NKQ1	0.00064
Q8NA72	0.01021
Q9Y5R4	0.00150
P07510	0.00097
Q15415	0.00115
P35523	0.00126
Q9P127	0.00236
Q53GI3	0.00137
Q6PEX3	0.00638
P49747	0.00121
Q92523	0.25036
O75603	0.00144
Q14154	0.00189
Q5T011	0.00140
Q96T49	0.00204
Q8IUC2	0.00111
P26998	0.00111
P53673	0.00320
P11844	0.00081
P01037	0.00158
Q9H6U6	0.00100
Q32MQ0	0.00187
O95980	0.00182
Q9UBR2	0.00161
P49447	0.00055
P04798	0.00129
Q8WU79	0.00114
Q6ZXV5	0.00066
Q3B8N2	0.02769
Q6DKI2	0.02340
P52744	0.00110
Q9BYQ2	0.00079
P60331	0.00088
Q16552	0.00060
Q9BQC3	0.00072
Q5I0X7	0.00226
O43296	0.00143
Q5TEC3	0.00155
Q9UPQ8	0.00070
Q96IW7	0.00048
Q6P499	0.00070
Q17RD7	0.00123
Q8N8X9	0.00262
P29144	0.00151
O43805	0.00314
Q7RTY1	0.00196
P54849	0.00069
Q15735	0.00261
Q96GJ1	0.00172
O00519	0.00115
Q9BZQ8	0.00118
Q12891	0.00097
Q9NVL8	0.00247
Q6UWL6	0.00114
Q6NXP0	0.00154
Q96EK9	0.00048
Q8ND83	0.00236
Q8N4M1	0.00045
Q5BN46	0.00067
A2VCK2	0.00131
Q6ZVT0	0.00291
A2RUH7	0.00188
P59991	0.00084
P59990	0.00072
Q99958	0.00137
Q8TCE9	0.00200
Q6ZTI6	0.00063
Q96B96	0.00157
Q14435	0.00111
O00155	0.00056
Q8TAF8	0.00034
P09681	0.00064
O76015	0.00923
Q8N4E4	0.00501
Q15973	0.00196
Q5TAP6	0.00347
Q9BW85	0.01488
Q1MSJ5	0.06747
Q6NSX1	0.00099
Q9BSD3	0.00156
Q96SQ5	0.00177
Q9NSI2	0.00110
Q5SQN1	0.00099
Q7Z3I7	0.00934
Q8N443	0.00200
Q8NA57	0.00162
Q8NEY4	0.00127
Q8IXL7	0.01447
Q8ND24	0.00181
Q6PF18	0.00249
Q8NCX0	0.00321
P48668	0.00300
Q6NX45	0.00199
Q96S90	0.00270
P48146	0.00108
P22352	0.00055
A1L443	0.00178
Q8IZ63	0.00177
Q14416	0.00051
O15217	0.07244
P09210	0.00697
P46439	0.00111
P02724	0.00098
P06028	0.00071
P09105	0.00065
Q8TAC1	0.00148
P06340	0.00186
Q95460	0.00027
Q96JS3	0.00076
Q14542	0.00047
Q9Y5E9	0.00179
Q5I0X4	0.00138
Q9UHV8	0.00174
Q5TA78	0.00063
Q5T7P3	0.00063
Q5T5B0	0.00059
P60329	0.00108
Q6L8G9	0.00059
Q9BYQ6	0.00070
Q9BXJ5	0.00126
Q9P242	0.00085
Q14773	0.00125
Q6Q4G3	0.00058
P05111	0.00236
Q8IY42	0.00116
Q8NB15	0.01922
Q9ULS6	0.00074
Q9NQ69	0.00135
Q9UJW8	0.00268
Q8NDH6	0.00331
Q96M63	0.00354
Q9BWW8	0.00112
Q8WWX8	0.00167
Q6IQ16	0.00089
O94772	0.00085
P20155	0.00097
Q9Y223	0.00114
Q8IW45	0.00104
A1A5C7	0.00052
Q9BQ24	0.00167
Q5TA79	0.00050
Q5T5A8	0.00061
P12882	0.00082
Q3SY84	0.00388
Q5XKE5	0.00356
O43790	0.01292
Q7Z794	0.00244
P78385	0.00162
Q9UC07	0.00137
Q9UHI7	0.00109
Q9BUD6	0.00371
Q9NXC2	0.00172
Q9BX59	0.00144
Q9NVV2	0.00201
Q9BVX2	0.00033
Q9H6L2	0.00075
Q5FYB0	0.00154
Q9H741	0.00107
Q9BU23	0.00093
Q96MM6	0.00106
Q5MCW4	0.00176
A6NJB7	0.00146
Q6P087	0.00126
A6NFR6	0.00130
Q6ISS4	0.00070
Q96FT9	0.08790
Q8NHS4	0.00191
Q13394	0.00100
Q53EQ6	0.00210
Q5SYB0	0.00199
Q96FG2	0.00139
Q5H9J7	0.00121
P43362	0.00137
Q8N1Q8	0.00121
Q9H019	0.00142
Q14CZ7	0.00084
P60321	0.00097
Q96RJ6	0.00260
Q8N539	0.00020
A2RRL7	0.00092
O96014	0.00073
Q15937	0.00136
Q12901	0.00143
Q9UK11	0.00289
Q15053	0.00078
Q86T65	0.00128
P82987	0.00076
Q0D2K3	0.02310
Q8NHX4	0.00055
Q8TF63	0.00091
Q6RVD6	0.00083
Q96N58	0.00109
Q17RF5	0.00067
Q8N7K0	0.00106
Q08AG5	0.00240
Q3SYB3	0.00097
Q969S2	0.00205
O43736	0.00114
Q9Y534	0.00131
Q9NV29	0.00047
Q2M2Z5	0.04201
Q8IW36	0.00150
Q5VX52	0.00308
Q9H0R4	0.00224
Q2TAK8	0.00240
Q86VF2	0.00206
Q5VTQ0	0.00098
Q8N7F7	0.00104
Q495W5	0.00067
Q8WWZ8	0.00088
Q8N7M0	0.00121
Q5QJ74	0.00107
Q8IZF0	0.00131
Q8NEX5	0.00096
Q6PIV2	0.00104
Q494X3	0.00183
Q8IW40	1.01789
Q5TBC7	0.00265
O60760	0.00226
P08582	0.00118
Q13296	0.00043
Q9NY99	0.00236
Q9UBK8	0.00084
P20592	0.00135
Q8TCD6	0.00192
Q99457	0.00268
Q9Y3R4	0.00328
Q8N883	0.00058
Q9NZG7	0.00048
Q8N9Q2	0.00165
Q96T55	0.00072
Q9BYR6	0.00081
Q5TA82	0.00052
Q9NQM4	1.00097
Q15077	0.00112
O43316	0.00183
Q07654	0.00071
A2RU14	0.00030
Q08493	0.00130
Q9BRA0	0.00087
Q8NAJ2	0.00059
Q52MB2	0.00183
Q15147	0.00113
Q8WTR4	0.00081
O15305	0.00095
P02689	0.00244
Q96SF7	0.00118
P04280	0.00050
Q5T7B8	0.00556
A2RU48	0.00143
P04554	0.00105
O14669	0.00078
Q8WVV5	0.00039
Q96N28	0.00065
Q9NRJ3	0.00069
Q8N2R0	0.00064
Q96MZ4	0.00123
Q8N895	0.00119
Q6NUJ5	0.00111
Q66K80	0.00184
Q58A44	0.00065
Q8NCP5	0.00169
Q9BT23	0.00068
Q9BRI3	0.00037
Q9BZW5	0.00090
Q68DY9	0.00123
Q8IWE2	0.00147
Q9UBV7	0.00127
Q7Z5A9	0.00051
Q96PQ6	0.00101
P48065	0.00154
Q9UFW8	0.00155
Q14667	0.00214
Q9Y4Z2	0.00129
Q9NRZ5	0.00053
Q9NQV6	0.00100
Q9HCN3	0.00080
Q494U1	0.00158
Q9BRT3	0.00160
Q96H72	0.00077
Q7L2R6	0.00153
Q5T7W7	0.00248
Q8WXA2	0.00067
Q7Z398	0.00134
Q8NDW8	1.08769
Q6UX98	0.00069
Q9UDX3	0.02603
Q9NY43	0.00224
Q5JT25	0.00193
Q969S9	0.00166
Q3SY00	0.00691
Q7Z6K5	0.00175
Q9NVC3	0.00041
Q8NBI2	0.00047
Q9BYR9	0.00079
Q6NXG1	0.01331
P47992	0.00029
Q3LXA3	0.00082
Q9H5V8	0.00102
A1L162	0.00137
Q8NHU0	0.00199
Q8WW34	0.00093
P60059	0.00049
P08294	0.00048
O75631	0.00051
Q15848	0.00038
O95881	0.00136
P22466	0.00055
Q9NVM1	0.00130
Q0VAQ4	0.00067
Q71RG4	0.00074
Q5BVD1	0.00047
Q9BXI9	0.00083
Q5JXX7	0.00081
Q5T9C2	0.00104
Q9Y5T4	0.00260
Q8IZA0	0.01754
Q86XE0	0.00245
Q8NI38	0.00220
P50226	0.00057
P50225	0.00038
Q9UBD3	0.00030
O75431	0.00130
A2RTX5	0.00090
Q5VZV1	0.00284
Q9H4F8	0.00084
Q9BQ13	0.00103
Q8NFP7	0.00194
Q6ZQR2	0.00063
Q2KHM9	0.04330
Q8N8G2	0.00029
Q10587	0.00054
Q9H4Y5	0.00099
O95859	0.00045
Q9NZQ0	0.00490
Q9BXT4	0.00071
Q8NDH3	0.00096
Q9UF47	0.00104
P48230	0.00043
P02585	0.00253
P22105	0.00095
P17031	0.00266
Q8IZT9	0.00412
Q9NQW5	0.00118
Q6ZT89	0.00157
A1L4H1	0.00235
Q6ZS27	0.00190
Q6NX49	0.00137
Q9BXF9	0.00160
Q2KHT4	0.00287
Q9BRP7	0.00185
Q5T8I9	0.00092
Q8N6N6	0.00127
Q5GFL6	0.00315
O75638	0.00146
Q9H2R5	0.00122
A2RU49	0.00087
O75679	0.00062
O00526	0.00048
P81408	0.00064
Q96BM9	0.00085
Q2TB18	0.00062
Q03923	0.00197
Q96CD2	0.00150
Q8NHW4	0.00031
Q96F81	0.00097
Q9NXJ0	0.00031
Q86VR2	0.00053
Q9P291	0.00228
Q99525	0.00181
O95416	0.00123
Q92698	0.00070
Q96LA5	0.00060
A6PVS8	0.01390
O14791	0.00086
A1A580	0.00097
Q8IUC0	0.01308
Q0P5P2	0.00129
P62952	0.00058
Q9UGN4	0.00064
O75459	0.00063
Q8N3I7	0.03562
Q9UPM6	0.00131
Q6P9H4	0.01523
Q9BRL7	0.00065
O15427	0.00113
Q9P0J1	0.00095
O43760	0.00083
O43759	0.00066
Q8N5L8	0.00220
Q8TCA0	0.00149
Q96LZ7	0.00087
Q96K78	0.00043
A0PJX4	0.00077
Q9H1X1	0.00096
O43716	0.00080
Q9Y303	0.00067
Q8IZ26	0.00114
Q8N1A6	0.00177
Q8IVE3	0.00111
Q9Y287	0.00089
O14862	0.00077
Q5TEJ8	0.00042
Q96A05	0.00350
Q9NXW9	0.00098
Q9BYU1	0.00191
Q93073	0.00146
Q92537	0.00110
Q9NZJ9	0.00154
Q8WUE5	0.00260
Q8NC26	0.00254
Q01449	0.00171
Q7L1I2	0.00114
Q8IX05	0.00041
Q8NC24	0.00059
Q9Y4X0	0.00205
Q9H568	0.00114
Q86U28	0.00114
Q6PIY7	0.00071
Q9UJN7	0.00109
O60662	0.00069
Q5TAB7	0.00093
Q6ZNE9	0.00159
P13284	0.00104
O15466	0.00476
Q9NXR5	0.00240
Q6P1M9	0.00179
Q9BV35	0.00096
Q17RW2	0.00050
Q8N6F7	0.00089
Q9Y5X0	0.00148
Q9Y5W9	0.00100
Q9ULP0	0.00069
Q8N511	0.00056
O95954	0.00193
P02814	0.00108
Q3YBR2	0.04052
Q6XQN6	0.00203
Q14849	0.00122
Q9H977	0.00182
Q8NCR6	0.00162
Q8NHE4	0.00049
Q96KV7	0.00204
Q6PKX4	0.00149
Q8WV60	0.00126
Q12893	0.00068
Q9UGQ2	0.00096
Q9UBK7	0.07324
O95050	0.00229
Q9UJ72	0.10094
Q8IXM6	0.00048
O75711	0.00062
Q8IVF2	0.01088
Q9H1M4	0.00084
O94929	0.00296
Q495Y8	0.00273
Q8IYK4	0.00187
Q9UMY4	0.00094
Q9H4A6	0.00102
Q96CM8	0.00153
Q09FC8	0.00148
Q9P2J8	0.00221
Q9H3Q3	0.00171
Q8WWX9	0.00063
Q96NL3	0.00127
Q8N5Q1	0.00099
Q96M29	0.01202
Q9BZE7	0.00284
A0PK00	0.00052
Q8NEP9	0.00339
Q14929	0.00136
Q7L945	0.00110
Q6ZU64	1.00169
Q8N661	0.00504
Q8NHP7	0.00242
Q9H2F9	0.00372
Q9P032	0.00068
Q8NEJ9	0.00084
Q502X0	0.00281
Q9NS26	0.00113
A4D1U4	0.00100
Q9BXN6	0.00062
Q9NY87	0.00077
Q9ULZ2	0.00104
Q6QEF8	0.00182
H3BR10	0.00028
Q4V326	0.00105
Q7Z5L2	0.10232
Q96GS6	0.00239
Q9UHJ9	0.00044
Q96SQ9	0.00072
Q5VU69	0.00500
Q96JI7	0.00167
Q9NUQ2	0.00091
Q9HBU6	0.00050
Q9BVW6	0.00064
Q8TCZ2	0.00059
Q96FE7	0.00063
Q7Z6I8	0.00077
Q96CN7	0.00705
P08218	0.00111
Q8WTX7	0.00057
Q9BX82	0.00437
Q9Y3A2	0.00174
Q9NZD2	0.00064
Q6PGQ1	0.00175
Q6P9G9	0.00083
Q969J2	0.00097
Q9H892	1.00183
Q8IY82	1.00079
Q96A70	0.00125
Q9Y548	0.00034
Q9NP91	0.00074
Q86TG1	0.00159
Q6ZMM2	0.00092
A5D8T8	0.00134
Q5GH77	0.00261
Q8NFH5	0.00153
Q9NXN4	0.00232
Q9NXK6	0.00037
P10073	0.00094
Q9NX38	0.00253
Q9NX05	0.00164
Q86UA1	0.00201
Q8WV93	0.00177
Q9NWS8	0.00124
Q96EN8	0.00217
Q53H54	0.00083
Q9NW97	0.00077
Q9BXI3	0.00139
Q3KR16	0.00165
Q9NV12	0.00033
Q9H246	0.00276
Q8N6G5	0.00097
Q9NUB1	0.00114
Q8N9R6	0.00308
P0C870	0.00199
Q7L7V1	0.00275
Q96C55	0.00103
Q8WY98	0.00038
Q9BXU3	0.00093
Q96FH0	0.00260
Q9NRS4	0.00068
Q6UXU4	0.00066
Q96DR5	0.00106
Q9H9L7	0.00112
Q9H1K4	0.00072
Q6UWP7	0.00066
Q8NFM4	0.00133
Q9NU23	0.00161
Q9HBT8	0.00251
Q8WVE6	0.00133
Q8N2N9	0.00150
Q7Z6J4	0.00127
Q96LP2	0.00566
Q9H2S6	0.00045
P56851	0.00047
Q53F39	0.00044
Q96KS9	0.00411
Q96PD4	0.00106
A1L429	0.00087
Q8TBZ0	0.00220
Q9UJL9	0.00190
Q86V21	0.00045
Q9BWK5	0.00130
Q6PJG9	0.00145
Q96HQ0	0.00095
P57764	0.00131
Q9H7V2	0.00053
Q8NBF2	0.00182
Q9H6A0	0.00088
A1L3X0	0.00074
Q7Z5W3	0.00065
Q17RG1	0.00162
Q9H9Y2	0.00112
Q9BRR0	0.00130
Q9BPW4	0.00064
Q9H2H9	0.00045
Q3ZCT1	0.00217
Q9NSY0	0.00143
Q8N8R7	0.00139
Q96T68	0.00133
Q9BYR8	0.00110
Q96JW4	0.00035
Q8N9S9	0.00266
Q96SE0	0.00047
Q86XM0	0.00119
Q969S0	0.00040
Q9BVM4	0.00082
Q8WYR4	0.00121
Q6UXP7	0.00067
Q8TBG9	0.00043
Q8IZ57	0.00031
Q8WWG1	0.00048
Q96NL1	0.00058
Q96HV5	0.00043
Q96I27	0.00077
Q8IWU4	0.00041
Q96HM7	0.00172
Q8IXL9	0.00129
Q9H4G4	0.00207
Q8NG50	0.00277
Q5JT82	0.00064
Q6YFQ2	0.00150
Q8N370	0.00089
Q8WVF2	0.00282
Q5FYB1	0.00130
Q08ER8	0.00130
Q6ZP80	0.00038
Q8N393	0.00174
Q6PHW0	0.00292
Q86WS4	0.00200
A1A5D9	0.00127
Q86UN2	0.00060
Q6UXG3	0.00050
Q5QGT7	0.00039
Q6IV72	0.00052
A2RRD8	0.00054
Q147U1	0.00052
Q96D05	0.00046
Q5J5C9	0.00100
Q6PL45	0.00038
Q96MU6	0.00069
Q8IUB3	0.00050
Q8N966	0.00067
Q0D2J5	0.00306
Q8N4F7	0.00096
Q3SY46	0.00110
Q32M78	0.00114
Q8IXZ2	0.00139
Q9UPI3	0.00086
Q9H501	0.00090
Q86UF1	0.00091
Q9H1Z9	0.00026
Q7RTS3	0.00216
Q9UKI9	0.00112
Q6P531	0.00025
O15270	0.00059
Q9H6D3	0.00071
Q92543	0.00035
Q8N815	0.00114
Q96K31	0.00041
O75973	0.00079
Q86UU0	0.00111
Q86X24	0.00195
Q2M243	0.00357
Q9GZS0	0.00118
Q7L3V2	0.00141
Q86WS5	0.00094
Q99453	0.00095
P43003	0.00115
Q10981	0.00213
P55145	0.02176
Q93079	0.00802
O15130	0.00277
Q96DT5	1.00174
O94900	0.00159
Q7Z403	0.00090
O94876	0.00159
Q96B77	0.00100
Q96FT7	0.00045
Q9H172	0.00122
Q53T59	0.00125
Q96J42	0.00100
Q56UN5	0.00174
O95867	0.00070
Q9H0V9	0.00073
Q9H0C2	0.00102
Q8IUR5	0.00277
Q96CG8	0.00133
Q8NCR9	0.00142
Q9NUB4	0.00116
Q96LX8	0.00167
Q6P4D5	0.00227
Q8NI37	0.00152
Q6PCB5	0.00167
Q8IVB4	0.00135
Q8IUC1	0.00108
Q10571	0.00087
P35212	0.00074
Q8TEW6	0.00149
Q5T9L3	0.00052
Q8IXM2	0.00096
P32302	0.00097
P35346	0.00108
Q15468	0.03512
Q86TL0	0.00163
P33241	0.00192
Q8IXH6	0.00153
Q96PH1	0.00111
P60323	0.00118
Q5UCC4	0.00035
Q9BV81	0.00039
Q5K4L6	0.00093
A0FGR8	0.00119
Q9P2K2	0.00095
Q5J8M3	0.00049
Q6S5L8	0.00084
Q68CZ2	0.00101
Q8TAT5	0.00175
Q9ULC6	0.00443
Q969P6	0.00115
O15391	0.00064
Q3SXY8	0.00427
Q8N7C3	0.02051
A4D1B5	0.00172
Q5SVZ6	0.00137
Q96DR7	0.00110
Q8N7R7	0.00185
Q8IWF6	0.00203
Q6ZWH5	0.00094
Q9P2X3	0.00113
O14925	0.00089
Q8IZJ1	0.00064
P09172	0.00157
O15240	0.00158
A0AVI4	0.00108
Q13522	0.00101
Q63HQ2	0.00053
Q9H3C7	0.00180
Q9Y336	0.00106
Q96LC7	0.00111
Q9Y286	0.02817
Q96RL6	0.00092
Q7Z3J2	0.00286
A5A3E0	0.00102
Q6ZMN8	0.00077
Q17R55	0.00083
Q8TCT7	0.00075
Q9UJM8	0.00117
Q92604	0.00089
Q86X40	0.00080
P43363	0.00133
Q2KHR3	0.00099
Q8WUB2	0.00052
Q8TCD5	0.00174
Q8NBT0	0.00192
P21953	0.04801
O60507	0.00111
Q9C0B2	1.00054
Q96KN3	0.00182
Q9HBU9	0.00058
Q9ULQ1	0.00126
Q4KMQ2	0.00140
Q9BXP2	0.00109
Q9Y666	0.00160
Q8TDW0	0.00123
Q7Z5B4	0.00078
Q6NXT6	0.00090
Q68DQ2	0.00365
Q9NZR4	0.00107
P01242	0.00267
Q9BUE6	0.00118
Q8TED1	0.00043
Q8TAA5	0.00120
Q9Y2T7	0.00113
Q1ED39	0.00101
Q6NSZ9	0.00106
Q8TBF4	0.00113
Q5VWQ0	0.00121
Q7L3S4	0.00084
P57071	0.00127
O75820	0.00118
Q96MX3	0.00185
Q5TEU4	0.00059
Q8NET5	0.00063
Q96ME7	0.00089
Q6IQ21	0.00115
Q9H8H2	0.00113
Q9Y291	0.00068
Q9HBJ0	0.00111
Q6MZM0	0.00097
Q86SG7	0.00122
P0DPA3	0.00104
Q5JW98	0.00078
Q96B45	0.00231
Q86SJ6	0.00104
Q9ULW8	0.02390
Q8TF66	0.00090
Q9H425	0.00157
Q8N128	0.00102
Q5QNW6	0.00162
Q8TCC3	0.00070
Q8N2A8	0.00061
P0DMS8	0.00133
Q9ULG6	0.00062
Q8IWB7	0.00157
Q6PHR2	0.00191
Q8N2G8	0.00068
Q86YQ8	0.00309
Q9UNK9	0.00143
Q8IVV7	0.00129
Q8WXI4	0.00154
Q7RTV2	0.01665
Q9P2L0	0.02752
Q8NEZ3	1.04855
Q9HBG6	0.06429
Q96DR8	0.00101
Q9Y255	0.00053
Q9UQ72	0.00055
Q00888	0.00080
Q92696	0.00080
Q8NB50	0.00094
Q6PCB0	0.00075
Q9Y6A9	0.00048
Q9BY50	0.00038
Q9BSJ5	0.00085
Q86UD1	0.00036
Q9UDX5	0.00066
O75556	0.00132
Q8N4W9	0.00096
Q96ND0	0.00137
P0CG37	0.00068
P23786	0.00050
O75153	0.00214
Q96HY7	0.05222
Q96BQ1	0.00391
Q9P0S2	0.00040
Q6YHK3	0.00072
Q15818	0.00055
Q6NSJ5	0.00132
P05538	0.00208
Q8IYL2	0.00058
Q7LGA3	0.00104
Q96T66	0.00278
Q7RTS9	0.00108
Q9BXS1	0.00107
B9A064	0.00059
Q5T5S1	0.01765
Q96C34	0.00230
Q96T17	0.00188
Q9NXC5	0.00086
Q2VPK5	0.00112
Q9BRQ4	1.00201
Q7Z304	0.00094
Q01581	0.00094
Q96H55	0.00120
Q8WZ82	0.00068
Q9BZD7	0.00067
Q7RTY3	0.00266
Q8IZ41	0.00177
Q14651	0.00126
Q9BU02	0.00081
O43824	0.00156
Q96HJ3	1.00057
Q53R12	0.00065
Q3SXM5	0.00130
Q96KR6	0.00041
A6NHL2	0.00116
O95789	0.00148
A2RRP1	0.00092
Q8N8L6	0.00102
O60499	0.00080
P30085	0.00122
O95661	0.00098
Q9Y6M5	0.00077
Q8IXQ3	0.00192
Q96SZ5	0.00284
Q96C11	0.00143
Q8N0W7	0.00054
O95822	0.02402
Q6PML9	0.00073
Q86XT9	0.00047
Q15842	0.00088
Q8NBW4	0.00168
Q8NHS3	0.00077
Q8NC67	0.00049
Q30154	0.00082
Q9UKY4	0.00047
P16260	0.00088
Q96GX1	0.00069
Q9NX62	0.00100
Q9H813	0.00096
O95968	0.00049
Q16378	0.00048
Q9UBX7	0.00069
Q9BRT8	0.00073
Q9NZ08	0.00086
Q8WUD6	0.00183
Q8NCW6	0.00125
Q9ULJ8	0.01202
Q92581	0.00097
P55082	0.00080
O60503	0.00070
Q9UHW9	0.00201
Q9UP95	0.00161
Q9Y6X5	0.00132
P52569	0.00079
Q9ULI3	0.00121
Q9H7F0	0.00121
Q6PCB8	0.00078
Q7Z7N9	0.00036
O94886	0.00092
P50443	0.00081
Q86UN3	0.00297
Q96S06	0.00098
Q9HCF6	0.00066
Q8N0Y7	0.00092
Q9BXW6	0.00149
A1IGU5	0.00298
P41247	0.00136
Q16720	0.00543
O75467	0.00161
A8MT65	0.00155
Q6XE24	0.00043
P80404	0.00084
Q8IW75	0.00091
Q9UHN1	0.00259
Q8N5S1	0.01016
Q96I59	0.00086
Q6P6B1	0.00288
Q14699	0.00147
A8MXV4	0.00128
Q9H7X3	0.00109
P98198	0.00067
Q8IUH4	0.00169
Q8IWC1	0.03466
Q9Y2G8	0.00131
P07099	0.00124
Q86U38	0.00111
Q96E22	0.00128
Q8WV83	0.00066
B0FP48	0.00041
Q9ULF5	0.00077
Q9ULK5	0.00146
Q7Z6J6	0.00101
Q7Z4F1	0.00072
Q9NUE0	0.00067
Q9Y561	0.00060
Q6ICH7	0.00053
Q6UWP8	0.00113
Q86SG5	0.00425
Q9UJ71	0.00106
Q96BW5	0.00073
P54803	0.00209
P41273	0.00094
Q9BY32	0.00064
A6NCE7	0.00096
Q8NC42	0.00078
Q9Y397	0.00102
Q9HBH5	0.00057
Q8IVW1	0.00108
Q92791	0.00111
Q70CQ3	0.00091
Q8IVL6	0.00094
Q9UBC9	0.00062
Q9UBG3	0.00120
P20851	0.00159
Q9Y619	0.00051
P51957	0.00164
Q96AQ8	0.00060
Q9NY35	0.00055
Q8IYS2	0.00105
P33908	0.00087
Q9ULC8	0.00088
Q9C0B5	0.00131
O60513	0.00043
Q92685	0.00125
Q9NZJ6	0.00097
Q6ZMG9	0.00102
Q8NCN5	0.00078
Q8N4T8	0.00234
Q92506	0.00092
P01036	0.00077
Q8WU67	0.00100
Q9NY64	0.00072
A2RUC4	0.00065
Q9UJK0	0.00097
Q8TCB7	0.00147
O43310	0.00232
Q6S8J3	0.00163
Q9ULD6	0.02429
Q9BSG5	0.00076
P17707	0.00068
P01008	0.00089
Q9BXT5	0.00160
Q96JG6	0.00334
Q9BPZ2	0.00250
Q86U90	0.07280
Q9BUA3	0.00117
Q9C0H5	0.00188
Q7Z309	0.00164
O15431	0.00154
Q8TCN5	0.00106
Q8N567	0.00075
Q8WU76	0.00077
Q3MJ62	0.00162
Q86W11	0.00112
Q6R2W3	0.00060
Q8IWY8	0.00238
Q96D53	0.00098
P26232	0.00109
A6NFQ2	0.00117
Q8N8J7	0.00067
Q6AI08	0.00075
Q68DX3	0.00211
Q9H008	0.00069
O00461	0.00156
P20036	0.00069
Q9HBR0	0.00041
O95167	0.00044
Q8IY17	0.00081
Q8N8Z6	0.00066
O75072	0.00480
Q9BZM4	0.00049
Q6ZRP7	0.00110
Q7L5N7	0.00059
P22083	0.00035
Q9Y662	0.00035
Q86X52	0.00099
A4D1S0	0.00078
Q9NPF2	0.00166
Q6SPF0	0.00128
Q9H9S5	0.00262
Q7KYR7	0.00060
O43286	0.00091
Q96QP1	0.00806
Q9BYJ1	0.00182
Q7Z736	0.00143
O94919	0.00062
Q8NBK3	0.00064
P40313	0.00058
Q9UKZ1	0.00102
Q9Y6X9	0.00143
P48163	0.00149
Q13613	0.00121
Q8WVP7	0.00062
Q8N8Q3	0.00135
Q5JUQ0	0.00321
Q9BYB4	0.00084
P53701	0.00089
Q7L8W6	0.00130
Q5TF39	0.00045
Q9BVL4	0.00082
Q86VD1	0.00268
Q9Y697	0.00086
Q5T440	0.00065
P18440	0.00057
P26440	0.02900
Q86X67	0.00428
P01210	0.00130
O75678	0.00062
Q56A73	0.00139
Q8WVC6	0.00109
Q96KC2	0.00068
Q86VZ4	0.00108
Q9Y6B6	0.00101
Q7Z4R8	0.00035
A2RU67	0.00084
Q6P2P2	0.00114
Q96M89	0.08102
Q9NY47	0.00055
Q6UW63	0.00072
Q9NZR2	0.00109
P34059	0.00055
P54289	0.00095
P52848	0.00069
Q6Y288	0.00122
Q6UWY0	0.00056
Q9H1B5	0.00062
Q6P9A2	0.00082
Q86XX4	0.00068
Q8N2E2	0.00062
Q86W74	0.00052
Q96S86	0.00094
Q8N3Y3	0.00065
P51654	0.00084
Q9NZV5	0.01807
P34820	0.00096
Q9H497	0.00060
O75493	0.00107
Q9H5Z1	0.02104
A0AVF1	0.04504
Q8IVL5	0.00149
Q96CX3	0.00053
P29016	0.00068
Q9GZP1	0.00070
Q8IWB1	0.00102
Q5T7M9	0.00047
O95813	0.00083
Q9BWP8	0.00063
Q8NAN2	0.00141
P48060	0.00068
Q8N335	0.00148
Q53R41	0.00118
Q5JPH6	0.00123
Q9H300	0.00126
O75691	0.00075
Q8TCT1	0.00076
Q9Y2G0	0.00118
Q14156	0.00113
O95754	0.00106
Q9UK28	0.00064
O60243	0.00088
Q00973	0.00035
Q86XA9	0.00097
P57768	0.00073
Q86Y91	0.00249
Q9H7S9	0.00198
O95156	0.00061
Q8WXG9	0.00073
Q5JS54	0.00069
Q6ZWI9	0.00109
A6NLU0	0.00116
Q8TD47	0.00122
Q16585	0.00079
Q96LD1	0.00212
O15013	0.00114
Q8N0U8	0.00045
Q8NBN3	0.00093
Q8N9F7	0.00073
O75845	0.00092
Q9H3E2	0.00060
Q9H6R6	0.00108
Q96LU5	0.00202
Q2TAA5	0.00153
Q8N9F0	0.00042
Q9UI43	0.00086
Q96ET8	0.00087
Q9HAD4	0.00160
Q92508	0.00077
O60831	0.00068
Q9NQX0	0.00197
Q5QGZ9	0.00092
P0CG38	0.01573
O00142	0.00087
Q09328	0.00122
Q8N6M3	0.00095
Q7Z2K6	0.00058
P22676	0.00057
O43854	0.00062
Q5BJH7	0.00169
A6NIJ9	0.01448
P49585	0.00151
Q5VSG8	0.00035
Q8IW92	0.00109
Q6ZT21	0.00039
O00408	0.00102
Q9H2X9	0.00102
Q9UKZ9	0.00049
Q8WXH6	0.00063
P0C0E4	0.00120
Q9UPT8	0.00114
Q9HDC5	0.00104
Q9BX95	0.00088
Q96PP4	0.00061
Q6ICL3	0.00063
O60304	0.00170
Q658Y4	0.00117
P11055	0.00169
Q9Y623	0.00081
Q8NC01	0.00039
Q9BT09	0.00107
Q9HCM2	0.00270
Q7Z5M8	0.00245
Q9H0R1	0.00073
Q5TF21	0.00172
Q5TFE4	0.00112
B0YJ81	0.00101
Q9NWL6	0.00113
O75677	0.00031
Q9HAR2	0.00147
Q96S16	0.00090
P13535	0.00066
O95677	0.00087
P57103	0.00032
Q9UPR5	0.00032
Q5VX71	0.00053
Q9UBX1	0.00060
P15848	0.00063
Q96A19	0.02281
Q9NX07	0.00184
Q6ZU80	1.02936
O14715	0.00210
Q8NE79	0.00097
Q9C0B1	0.00127
P42357	0.00119
Q9H1E1	0.03719
P17900	0.00149
Q9UI42	0.00100
Q6ZVX7	0.00188
O75635	0.00098
Q9Y337	0.00065
O95567	0.00130
O95298	0.00061
Q9H2J4	0.00101
Q9H1E5	0.00050
Q9H5L6	0.00351
Q8TAP9	0.00205
Q8N0W3	0.00171
Q9H400	0.00060
Q68D10	0.00094
Q9NQZ5	0.00158
Q2TB10	0.00098
Q9BSC4	0.00087
Q9Y324	0.00184
Q5VTE6	0.00167
Q9NW07	0.00067
Q9ULD5	0.00218
Q86X02	0.00882
Q9UIY3	0.00072
Q9HD23	0.00109
Q96HF1	0.00107
Q9HBV2	0.00175
Q68DH5	0.00080
Q70HW3	0.00097
Q9H6X2	0.00100
Q9HCI6	0.00108
Q6NUM6	0.00132
Q8IYU8	0.00150
Q7Z4L5	0.14304
Q9Y2K9	0.00056
Q86VH2	0.00244
Q9UIW0	0.00111
Q05DH4	0.00105
P53609	0.00079
Q8WY07	0.00173
Q9UNW1	0.00056
Q3KPI0	0.00083
Q9BUJ0	0.00081
Q8N6Y1	0.00108
Q9UBH6	0.00101
Q96ER9	0.00128
Q9NRK6	0.00120
Q9BYC5	0.00110
Q8NEX9	0.03334
O75342	0.02774
Q13825	0.00142
Q8N6D5	0.00172
Q7Z5P4	0.00042
Q9HA92	0.00068
Q96HJ9	0.00098
Q8TAM2	0.00754
Q3SYG4	0.00663
Q9UQ53	0.00059
Q9UHG3	0.00085
Q5T4D3	0.02370
Q8TB61	0.00074
Q9Y6A1	0.00056
Q5U3C3	0.00098
P20774	0.00128
Q8NBQ5	0.00045
Q8TBP5	0.00665
Q10469	0.00047
Q96K12	0.00130
O75063	0.00080
Q9Y2C4	0.00254
O94923	0.00208
Q9NVH0	0.00086
Q8NBZ7	0.00104
Q8N2K0	0.00075
Q969Z3	0.00101
Q8N428	0.00097
Q9NS84	0.00063
Q92874	0.00374
Q5T6V5	0.00113
Q9HCJ3	0.00059
Q9BQT8	0.00236
O75897	0.00127
Q8NE22	0.00104
O00258	0.00063
Q8NBA8	0.00048
Q5T749	0.00105
Q6UXL0	0.00128
Q96S97	0.00075
Q96HA4	0.00227
P51795	0.00098
Q8IWT6	0.00063
Q9BS91	0.00067
Q7Z2H8	0.00148
O60279	0.00071
P51798	0.00104
Q8TD43	0.00183
O15480	0.00242
Q96AB6	0.00197
Q8N4L4	0.00101
Q9Y5W7	0.00116
Q9NQZ7	0.00111
Q13370	0.00069
Q9BWL3	0.00081
Q9BPU9	0.00537
Q9BZX2	0.00078
Q9NWZ5	0.00095
Q6ICG8	0.00098
O75140	0.00121
Q6X784	0.00046
Q15072	0.00118
C9JRZ8	0.00078
Q8IUN9	0.00041
Q99439	0.00166
P13716	0.00088
Q9HD40	0.00181
Q6ZPD9	0.00108
Q6P2I3	0.00080
Q96GK7	0.00146
Q53S33	0.00103
Q5VZE5	0.00111
Q9UJT0	0.00094
Q8WUF8	0.00220
Q9UJT1	0.00074
O60294	0.00203
Q9HC97	0.00055
Q6UW68	0.00053
P22304	0.00079
O43405	0.00128
Q2MV58	0.00223
Q11206	0.00033
A1A519	0.00296
Q9H0Q0	0.00066
Q96P47	0.00195
P51857	0.00090
Q5T2N8	0.00137
Q9Y2T6	0.00073
Q86XE5	0.00087
Q8WWU7	0.00057
A2A368	0.00077
Q8TC05	0.00180
Q99758	0.00082
Q9GZY4	0.00062
Q8IZK6	0.00026
Q7Z388	0.00055
Q9Y4D2	0.00021
Q8TDW4	0.00046
Q9NQN1	0.00031
O76099	0.00744
Q9GZN4	0.00048
Q9BQE5	0.00083
Q5VT97	0.00138
Q9NZ56	0.00157
O75808	0.00070
Q9NYW3	0.04625
Q969Z4	0.00133
O43731	0.00040
Q5HYI7	0.00094
Q5JU69	0.00071
Q9BXJ4	0.00086
Q0P651	0.00108
Q86UT8	0.00385
Q96LI9	0.00163
O95302	0.00186
Q9ULM0	0.00156
P60568	0.00144
A8K855	0.00418
A6ND91	0.00428
Q8N6K0	0.00067
Q9Y5Y0	0.00120
P36021	0.00026
Q8N4H0	0.00081
Q96J86	0.00088
Q9NPG1	0.00071
Q92544	0.00055
Q2TAM9	0.00088
Q6IPR1	0.00061
A4D161	0.00120
Q8IXM7	0.00091
Q6ISU1	0.00056
Q6F5E8	0.00142
Q5VZK9	0.00176
Q3KQZ1	0.00061
Q86T03	0.00196
Q5T2R2	0.00048
Q5W0V3	0.00152
Q6ZN16	0.00208
Q9Y6Z7	0.00067
P26022	0.00150
Q8TDX6	0.00067
Q9HAI6	0.00107
P49184	0.00100
P31995	0.00085
O94903	0.00136
Q8NCI6	0.00080
O14756	0.05694
Q6P1N9	0.00990
Q8WWA0	0.00049
Q96EZ4	0.00102
Q9ULP9	0.00088
Q15813	0.00080
P53370	0.00077
Q8IYS1	0.00257
O60404	0.00121
O95221	0.00057
Q96C23	0.00057
Q96HP4	0.00313
Q9NVR7	0.00236
P21108	0.00069
Q8N228	0.00074
Q9H2D1	0.00073
Q96H78	0.00119
Q9Y651	0.00057
Q8NDV1	0.00038
P59536	0.00077
P52895	0.00125
P17516	0.00048
Q8IV20	0.00101
Q96FV0	0.00065
P35789	0.00100
Q9H8G1	0.00089
Q8IWA0	0.00082
A0PJZ3	0.00075
A6NFI3	0.00136
Q05932	0.00109
P31641	0.00140
Q8TBJ4	0.00127
Q86W34	0.00041
Q9Y673	0.00142
Q9Y3Q0	0.00130
Q96FM1	0.00050
Q6DKI7	0.00095
P58005	0.00100
Q96NB2	0.00071
Q15738	0.00074
O60906	0.00080
A6NGC4	0.00034
Q8NA56	1.05065
Q13946	0.00183
Q9BT76	0.00122
Q6NSJ2	0.00250
Q96BR5	0.00137
Q7Z4G4	0.00100
Q9HBH1	0.00046
A8K979	0.00069
Q8WV15	0.00085
Q14330	0.00087
Q9NV64	0.00052
Q8N4P2	0.03207
Q86WT1	0.03358
Q96LB3	1.05441
Q9Y366	0.07065
O43462	0.00050
Q13790	0.00042
Q9Y5J6	0.00089
Q9NS85	0.00085
Q8IY95	0.00077
Q99622	0.00099
Q7Z6K3	0.00085
Q8N414	0.00060
Q9H4I3	0.00121
Q53EU6	0.00065
B7ZAQ6	0.00081
Q9H8H3	0.00104
Q96IQ7	0.00192
Q9NU53	0.00125
P10092	0.00285
Q8WVQ1	0.00039
Q96MM7	0.00158
O60548	0.00076
Q8IUS5	0.00234
O60911	0.01564
Q6UX07	0.00096
P41221	0.00044
Q9H4I9	0.00052
Q6P1X6	0.00056
Q8NB90	0.00211
Q9HAS0	0.00112
Q8TD22	0.00093
Q9UG22	0.00097
Q6NVY1	0.00078
Q14954	0.00035
P01591	0.00047
Q709C8	0.00108
Q96DT0	0.00237
Q96DD0	0.00233
Q08431	0.00061
Q8N387	0.00035
Q15391	0.00085
O95461	0.00038
Q70JA7	0.00044
Q16706	0.00064
P52849	0.00041
Q9UK39	0.00135
Q9NVM6	0.00197
Q8NBJ9	0.00057
Q96FL8	0.00067
Q5BKT4	0.00093
Q9P260	0.00165
Q9H1Z4	0.00148
P78382	0.00038
Q9UHG2	0.00032
Q9BTN0	0.00039
Q9BVH7	0.00041
Q5SVS4	0.00055
O95258	0.00047
Q5TF58	0.00175
P78410	0.00068
Q8N5U0	0.00083
Q8IUZ0	0.08302
Q9BSH3	0.00652
P0C862	0.00105
B2RNN3	0.00048
A6NI28	0.00132
Q9ULK0	0.00091
Q8N6N3	0.00122
Q9NPC4	0.00079
Q5VST6	0.00128
O15335	0.00036
Q8N129	0.00038
Q8IYX4	0.00090
Q86X10	0.00092
Q9BSE5	0.00116
Q6ZTW0	0.07128
P48029	0.00067
Q8NE86	0.00121
Q8NC56	0.00161
Q96F25	0.00852
Q9BXS9	0.00106
O15091	0.00063
Q96HE9	0.00107
P43088	0.00133
Q08357	0.00117
Q6NXP6	0.00058
Q6GMV3	0.00057
Q6UWU4	0.00078
P00326	0.00046
P82909	0.04204
P78334	0.00046
Q9NRU3	0.00068
P36959	0.00045
Q6PL24	0.00066
Q9Y625	0.00062
Q8IYR6	0.00133
Q53FV1	0.00041
Q96MV1	0.00037
Q9BRY0	0.00038
A0PJW6	0.00077
P51553	0.00235
Q68D91	0.00119
Q9P272	0.00057
Q14679	0.00378
Q9Y2A9	0.00103
Q86WV5	0.00158
Q9C0K3	0.00105
P56182	0.00091
Q3T8J9	0.00174
Q86UQ0	0.00102
Q14587	0.00053
Q96DU9	0.00320
Q8WXG1	0.00203
Q7Z2K8	0.00081
Q12946	0.00094
P08185	0.00039
Q6P5W5	0.00550
O60704	0.01646
O94991	0.00189
Q96AN5	0.00108
Q96E52	0.00083
Q7Z7B1	0.00110
P43007	0.00114
Q9GZR5	0.00043
Q6NUT3	0.00162
Q9H228	0.00068
Q309B1	0.00251
P59923	0.00211
P13796	0.00220
P80188	0.00104
P16050	0.00077
Q9UNA3	0.00042
P43657	0.00068
Q9Y519	0.00304
Q9BYI3	0.00189
Q6P1A2	0.00048
Q96D31	0.00111
Q9H6Y5	0.01476
Q9H255	0.00071
Q9H244	0.00050
Q8NDZ6	0.00170
Q5SRH9	0.00269
Q8N5B7	0.00274
Q96LB9	0.00311
Q7RTY5	0.00039
P98194	0.00184
Q6PK18	0.00197
Q6ZU15	0.00176
Q14410	0.00063
Q96BW9	0.00159
O60281	0.00115
O75879	0.00073
Q5H9I0	0.00184
Q6UWW8	0.00128
Q3SY69	0.04350
Q643R3	0.00058
Q4G0M1	0.00098
P83110	0.00087
O95390	0.00083
Q96KR4	0.00109
Q8WVF1	0.00058
Q9BPW9	0.00075
Q9NZD1	0.00029
Q8TDM0	0.00245
Q9H1C3	0.00048
A6NIH7	0.00267
Q8N3S3	0.00169
Q2PZI1	0.00147
Q86SR1	0.00103
Q8IVJ1	0.00037
O14524	0.00063
Q6PIU2	0.00047
Q9H330	0.00123
Q96CC6	0.00267
Q32MK0	0.00155
Q86VZ1	0.00087
Q13733	0.00296
Q16769	0.00076
Q9UN42	0.00039
Q8IWA5	0.00040
Q6FHJ7	0.00114
Q9H5K3	0.00058
Q504Y2	0.00029
Q8IXU6	0.00077
Q9H2C2	0.00067
Q8WUJ1	0.00139
Q92521	0.00028
Q9HAC7	0.00151
Q96L03	0.00178
Q92185	0.00108
Q3ZAQ7	0.00051
Q96PZ0	0.00135
Q8NFB2	0.00087
Q9H7F4	0.00044
Q7Z5U6	0.00144
Q96EM0	0.00072
Q9UBS9	0.00098
P36222	0.00080
Q7Z3V4	0.00111
P48448	0.00053
A2RU30	0.00085
Q14943	0.00245
Q9NZH8	0.00097
Q5VZF2	0.00069
Q99687	0.00216
Q9Y2B2	0.00096
Q49AM1	0.00102
Q9UGC7	0.00075
Q5SYE7	0.00113
Q8WXE0	0.00133
Q9UI38	0.00058
E5RG02	0.00029
Q96DT6	0.00208
P54219	0.00058
Q6ZMD2	0.00024
Q5T2D2	0.00079
Q9NUM4	0.00062
Q9H8M5	0.00044
Q9NTX9	0.00143
Q96L12	0.00122
Q96CW6	0.00132
Q8N7X2	0.00050
O43548	0.00382
Q53RD9	0.00065
P37059	0.00084
Q96RQ1	0.00089
Q96E39	0.00124
Q9H239	0.00120
Q10472	0.00209
Q9Y3E0	0.00068
Q96P15	0.00040
Q86V85	0.00067
Q9P1W8	0.00074
Q9UNP4	0.00039
Q8TBE7	0.00060
P22570	0.00089
O00744	0.00058
O95972	0.00115
P53677	0.00120
Q8N0V5	0.00050
P38405	0.00040
O60478	0.00132
Q5HY92	0.00222
Q6ZU65	0.00076
Q9H1Y3	0.00095
Q4VXU2	0.00332
Q8NBU5	0.00086
Q9NQ38	0.00083
Q8TDL5	0.00056
P11678	0.00051
P34981	0.00031
O75157	0.01155
Q8NG68	0.00177
Q96KC9	0.00048
Q4V339	0.00045
Q6P3S1	0.00068
Q14184	0.00295
P14854	0.00063
Q9H7X7	0.03569
Q96MD2	0.00059
Q92503	0.00102
Q5TGY1	0.00079
Q8N2R8	0.00439
O14863	0.00104
Q6XYQ8	0.00067
Q7Z6R9	0.00906
Q86TX2	0.00066
Q9HAW7	0.00041
Q6ZSS3	0.00088
Q8N7E2	0.00172
Q6UWR7	0.00088
Q6PJF5	0.00105
Q5RI15	0.01769
P17658	0.00113
Q96RL7	0.00106
Q8NCH0	0.00062
Q8IWU5	0.00126
Q3SY77	0.00078
Q8TE99	0.00108
Q02742	0.00064
Q92187	0.00068
Q96EG1	0.00086
Q6UWL2	0.00064
Q92737	0.00305
Q7Z3H4	0.00161
Q96NU1	0.01998
Q96SA4	0.00050
Q13938	0.00071
Q8WVX3	0.00044
Q05901	0.00062
Q9UKG9	0.00231
Q86YN1	0.00100
A6NHX0	0.00052
Q9NR23	0.00373
Q9NS66	0.00046
Q6EKJ0	0.00134
P62699	0.00130
A5X5Y0	0.00057
Q96GM1	0.00076
P05164	0.00090
Q9UIV8	0.00093
Q8TAG5	0.00261
O95389	0.00077
Q9BZP6	0.00115
Q9Y240	0.00206
Q9BU89	0.00056
Q9H4A9	0.00052
Q8NA75	0.00169
Q7RTY0	0.00107
Q8NBR6	0.00097
Q8NBI6	0.00245
Q3B7J2	0.00087
Q6GYQ0	0.00096
Q2PPJ7	0.00186
Q8NDL9	0.00051
Q9UBQ6	0.00110
Q9NQS5	0.00043
Q0VG99	0.00164
Q495B1	0.00106
Q3SY56	0.02722
Q8N9W5	1.00186
Q96P53	0.00214
P56703	0.00114
Q9NX78	0.00053
Q9Y426	0.00236
Q96B70	0.00077
Q96NA8	0.00067
P40200	0.00216
O14498	0.00105
Q0GE19	0.00082
O96009	0.00061
Q86YW0	0.00233
Q96NU7	0.00045
P05543	0.00082
P28330	0.00177
Q9H3S3	0.00106
O95922	0.00600
Q401N2	0.00040
O75387	0.00164
Q6V9R5	0.00126
Q8N587	0.00056
Q9H2A9	0.00123
Q96BN6	0.00801
Q96NH3	0.00552
Q6UXM1	0.00190
A6NED2	0.00093
Q96BU1	0.00122
Q8N8N7	0.00050
Q8N4T0	0.00078
Q14314	0.00475
A1L170	0.00146
Q8TEQ0	0.00136
Q86UD0	0.00248
Q3KR37	0.00110
P26012	0.00147
Q9H9P8	0.00293
O75019	0.00026
P0CJ78	0.00349
Q96DN5	0.12876
Q9BR77	0.06504
Q6DKJ4	0.00154
Q8N8W4	0.00155
Q6HA08	0.00090
Q8NE28	0.00382
O75783	0.00066
Q8WUA7	0.00129
Q9UIF3	0.00527
Q96GQ5	0.00059
Q9Y4K1	0.00108
Q9UL58	0.00090
Q9NX31	0.00168
Q674R7	0.00138
Q8NDZ4	0.00046
Q7L1S5	0.00061
Q6ZV73	0.00225
Q8N635	0.00115
Q5T0U0	0.00502
P37058	0.00136
Q96D96	0.00110
Q5BKU9	0.00085
Q8N6M8	0.00100
Q8N565	0.00210
O95158	0.00053
A8MPS7	0.00100
Q8IXN7	0.00493
Q5U5R9	0.00133
O60939	0.00135
Q9H6F2	0.00075
Q8IVA1	0.00132
Q8N442	0.00149
O14905	0.00053
Q8IVB5	0.00536
O00421	0.00107
P42331	0.00086
A8MVW5	0.00063
Q6P1R4	0.00098
Q8WXA8	0.00110
Q8NE00	0.00055
P85298	0.05095
Q8WWY8	0.00224
Q96PQ1	0.00042
Q9GZU5	0.00058
Q2M3G4	0.00137
Q9UHM6	0.00062
Q13093	0.00032
Q00G26	0.00062
Q8N412	0.00034
Q86SQ7	0.07675
Q8IZM9	0.00065
Q9UMX9	0.00075
Q7Z3Q1	0.00181
P31639	0.00072
P49746	0.00114
P35443	0.00151
Q5JU85	0.00124
Q96MH7	0.00718
A6NIX2	0.00133
Q7RTX7	0.00068
Q2KHT3	0.00222
P17023	0.00238
Q6IEG0	0.00125
Q9UDW3	0.00193
Q9UGM1	0.00066
Q9H819	0.00117
Q5T9S5	0.13382
Q53S58	0.00101
Q9UHL0	0.00185
O94788	0.00068
Q96BM1	0.00054
Q96FN5	0.00111
O43300	0.00049
Q9NVV0	0.00054
Q9BYC2	0.00160
Q9GZU0	0.00087
Q7RTX9	0.00089
Q96NG8	0.00037
P14406	0.00079
Q66K79	0.00061
Q8N118	0.00257
Q5VUM1	0.00037
Q9NRP4	0.00049
P41440	0.00143
Q6UWJ8	0.00056
Q14406	0.00096
Q5W186	0.00069
Q8IYS8	0.00235
Q96T91	0.00044
Q9UF33	0.00110
Q96RY5	0.00109
Q9BQS6	0.00095
P51460	0.00063
Q9NZS2	0.00044
Q6NS38	0.00232
Q6UWW0	0.00089
P23378	0.03453
Q9NXJ5	0.00062
Q5GAN3	0.00051
Q2NL98	0.00197
Q99954	0.00090
Q8TDM5	0.00063
Q969F9	0.00087
Q9UPZ3	0.00126
Q4W5P6	0.00048
A2RUT3	0.00757
Q6UXU6	0.00063
Q9HA77	0.00166
B2RV13	0.00270
P54098	0.00066
Q5JX71	0.00035
Q2M2E5	0.00049
A2RUU4	0.00055
P18509	0.00089
Q49AH0	0.00563
A8MXV6	0.00023
Q96T59	0.00046
Q8WV74	0.00059
A0PJX0	0.00128
Q9NY25	0.00120
Q8TCE6	0.00437
A6NMK7	0.00588
P07316	0.00028
Q6NUT2	0.00021
Q8NAP1	0.00071
Q2TAP0	0.00106
P01570	0.00057
P05013	0.00059
Q86WA6	0.00187
P01571	0.00044
Q9UHA7	0.00175
Q4G0W2	0.00050
Q5TGL8	0.00096
Q86Y78	0.00070
Q96MH6	0.00068
Q8WUU4	0.00111
Q9NPH6	0.00023
Q9NY56	0.00046
Q9BX93	0.00042
Q9NP90	0.00052
Q96IL0	0.00107
Q5BJD5	0.00044
Q5XKK7	0.00086
O75648	0.00078
Q6P589	0.00083
Q6UXN7	0.00073
Q8IXB3	0.00044
Q8N8Y5	0.00075
A2RUQ5	0.00115
Q5BKX5	0.00168
Q8IX19	0.00058
Q6ZWK4	0.00142
Q8TCI5	0.00063
Q8NBC4	0.00413
O43247	0.00308
Q96LS8	0.00050
Q2NKX9	0.00193
O60658	0.00082
Q7L4E1	0.00122
Q96ST8	0.03163
Q7RTV5	0.00190
Q9UGV2	0.00101
Q5MAI5	0.00190
Q5SWX8	0.00101
Q008S8	0.00103
Q9NUA8	0.00092
Q86VH4	0.00120
Q6L9W6	0.00038
Q76KP1	0.00218
Q86Z23	0.00063
Q5TC84	0.00059
Q4KMG9	0.00039
Q49AM3	0.00285
O15165	0.00155
A5PLK6	0.00041
Q7Z5D8	0.00272
Q9UI46	0.00200
O95925	0.00110
Q9BVC6	0.00053
A6NK89	0.00320
P41586	0.00144
Q9P2J9	0.00048
A6NIR3	0.00181
Q5VUJ5	0.00199
Q92527	0.00131
A6NEK1	0.00212
Q96KW9	0.00181
Q7L0X2	0.00145
Q6ZP65	0.00181
Q8N9W8	0.00096
P43080	0.00101
A6NDB9	0.00066
Q8N584	0.00097
Q8TBY9	1.00105
Q15057	0.00105
Q8WW33	0.00133
Q8TDD2	0.03441
Q8IYB4	0.00213
Q5VUB5	0.00205
P35573	0.00104
Q6ZMR3	0.00080
Q14914	0.00074
Q3MIT2	0.00328
P0CG30	0.00149
O15213	0.00114
P08779	0.01559
Q96C90	0.00133
Q8NDV3	0.00428
Q9UI15	0.00060
Q9NQR4	0.00062
O75123	0.00077
Q9NT99	0.00113
Q6NTF7	0.00118
Q96H40	0.00172
Q86UD7	0.00218
Q569K4	0.00253
Q7Z6W7	0.00156
Q9UJV8	0.00179
Q96BT7	0.00204
A4D0V7	0.00172
O76036	0.00128
P49685	0.00180
P13533	0.00110
P54296	0.00102
Q8TF27	0.00050
Q9NWD9	0.00087
Q9BTF0	0.00115
O15444	0.00029
Q8NEV9	0.00221
Q9Y2P8	0.00105
Q2KHR2	0.00136
Q18PE1	0.00138
Q8TD91	0.00193
Q8N485	0.00176
Q99645	0.00128
Q96DZ7	0.00049
Q5SXH7	0.00065
Q8IY26	0.00040
Q96R05	0.00060
A6NJ69	0.00058
Q7Z7G1	0.01913
Q8IXS0	0.00534
Q5VU92	0.00066
Q86WK9	0.00070
O75208	0.00074
O75829	0.00043
Q5SZD1	0.00373
Q8NEJ0	0.00060
Q2M385	0.00146
Q7Z6I5	0.02052
Q9NXT0	0.00082
Q9Y6A2	0.00225
O15540	0.00115
P42681	0.00194
Q86UU9	0.00028
Q5EG05	0.00104
Q8TD90	0.00088
Q06495	0.00323
Q96J88	0.00104
Q14627	0.00092
Q92748	0.01804
Q4ZG55	0.00223
P51797	0.00049
Q8N6N2	0.00196
O96007	0.06445
P78540	0.00049
Q8N465	0.00064
Q9BWQ8	0.00050
P14061	0.00076
Q96S19	0.00147
Q4AC94	0.09578
O75151	0.00255
Q5T0B9	0.00127
Q8N1G2	0.00159
Q8N9Z2	0.00105
Q8N5C6	0.00170
Q9P2B7	1.04937
Q8TE60	0.00089
P51800	0.00213
Q9C0G6	1.00143
Q9NYC9	0.00142
Q9Y4F4	0.01484
Q6UWF7	0.00134
Q8IZ02	0.00077
Q8N7C0	0.00126
Q14728	0.00090
Q8IUG5	0.00303
Q7Z442	0.00104
Q9ULN7	0.00134
Q9HBX9	0.00071
Q52WX2	0.00134
Q13183	0.00116
Q9P2U8	0.00134
Q08AF3	0.00133
Q9BYN0	0.00099
Q9BX26	0.00069
Q6P280	0.00086
Q08AN1	0.00084
Q99424	0.00088
Q9C0F0	0.00079
O60312	0.00119
Q6ZVT6	0.00142
Q6P3W2	0.00131
Q86XE3	0.00111
O60320	0.00228
O15303	0.00228
Q8NG48	0.00437
P52179	0.00192
Q8TDX9	0.00228
Q9H4I0	0.00228
Q8IVG5	0.00147
Q5VUG0	0.00157
Q5M8T2	0.00124
O15393	0.00058
Q9Y334	0.00228
Q9P2K1	0.16017
Q8IYB1	0.02424
Q9ULL1	0.17516
Q96NB1	0.08049
A2RUB6	0.11340
Q8IYA6	0.00511
Q9C099	0.02732
Q9C0D5	0.00166
Q9HCU5	0.00092
P48651	0.00078
O00400	0.00091
P61009	0.00057
Q96CP7	0.00056
Q9UM00	0.00344
Q96SK2	0.03752
Q9Y672	0.00045
O14681	0.00050
Q14165	0.00112
Q9BVG9	0.00080
Q96LT4	0.00117
O60308	0.05233
Q17RS7	0.17080
Q9HBI5	0.00811
Q9P1F3	0.01556
Q7RTP6	0.00265
Q8IZQ5	0.00390
Q9BYV8	0.00364
Q86XJ1	0.00180
Q6P179	0.00064
Q8NBP0	0.00044
Q86X19	0.00106
Q8N350	0.00090
Q5VW38	0.00067
Q8IUW5	0.00079
Q15043	0.00084
P48067	0.00159
Q96BD0	0.00062
Q9Y5Z9	0.00073
Q5W0Z9	0.00170
P09093	0.00133
Q14774	0.00275
P23141	0.00064
O75023	0.00059
Q969E2	0.00045
Q8NHS1	0.00037
Q8N609	0.00046
P56202	0.00140
Q53HI1	0.00052
Q8IVQ6	0.00050
O95562	0.00045
Q8NEE0	0.00140
Q9NQQ7	0.00033
Q9ULC5	0.00056
P54315	0.00050
Q9BRV3	0.00275
P11169	0.00117
O43934	0.00045
Q9BU79	0.00041
Q9H8X9	0.00091
Q6UXD7	0.00080
Q96JF0	0.00114
Q969S6	0.00046
Q8TBY0	0.00121
P19801	0.00062
Q9P016	0.00145
Q8IUK5	0.00183
P62891	0.00074
Q86Y39	0.00074
O75880	0.00090
O43920	0.00059
Q9BUR5	0.00170
Q7LFX5	0.00111
P14384	0.00110
Q9P2E3	0.00086
Q8NFJ5	0.00111
Q9UH17	0.00115
Q9Y4F3	0.00141
O94988	0.03047
Q5JUW0	0.00133
Q9Y4F1	0.00114
O15049	0.02058
Q7Z4S6	0.00161
Q9UEG4	0.01494
A1L390	0.00143
Q7Z422	0.00277
Q63HQ0	0.00150
Q9NQ89	0.00306
Q8WWL2	0.00156
Q8N884	0.00090
Q8IVT2	0.00203
P0CAP1	0.00118
Q6PCE3	0.00071
A6NHQ4	0.00065
P27930	0.00116
Q8IYK2	0.00413
Q9BZQ2	0.00255
Q96JC4	0.00178
Q5VVM6	0.00337
O15537	0.00220
Q6ZV29	0.00034
O75473	0.00050
Q8TC41	0.00173
Q8TE82	0.00028
P78426	0.00053
Q7RTU0	0.00086
Q6X9E4	0.00034
Q6ZRF8	0.00044
Q12950	0.00128
Q9NU39	0.00177
Q6ZQN5	0.00204
Q93077	0.00173
Q9P2N6	0.00117
P00995	0.00053
Q8NFM7	0.00134
Q12952	0.00074
Q9Y5X2	0.00081
Q9BQ69	0.00097
Q9C009	0.00133
P15516	0.00058
Q6TCH7	0.00106
A2A288	0.01304
Q8NEA4	0.00194
A1A4Y4	0.00093
Q49MI3	0.00097
Q7L0Q8	0.00135
P08567	0.00056
Q9Y5R5	0.00162
Q9NWQ9	0.00184
Q9Y5G9	0.00056
Q9H2B4	0.00062
Q9UBP8	0.00068
Q6UX15	0.00055
Q9NS98	0.00048
Q8N0T1	0.00114
Q16798	0.00151
Q7Z4H4	0.00068
Q99633	0.00816
Q96HH4	0.00092
Q03924	0.00068
Q9Y6F9	0.00068
Q07444	0.00068
P51523	0.00137
Q5SW24	0.00092
Q9HBK9	0.00068
Q9BXC0	0.00073
Q8WTU2	0.00128
Q96L33	0.00110
Q9P278	0.00106
Q05215	0.00130
O60519	0.00092
Q9NSA0	0.00115
Q9Y2I9	0.00247
P45844	0.00050
O95399	0.00166
Q75V66	0.00050
Q96JA3	0.00040
Q16134	0.00064
O15263	0.00061
O95180	0.00156
A1L188	0.00092
Q99807	0.00117
O95847	0.00291
Q6UXV4	0.00110
Q8WYQ3	0.00116
Q9NRP2	0.00111
Q9Y3B1	0.00144
Q5XKP0	0.01714
P15954	0.00131
Q49B96	0.00039
P0C7P0	0.00107
Q8WW59	0.00049
Q8N183	0.00097
Q96BP2	0.00135
Q4VC31	0.00062
Q6P4A7	0.00064
Q9Y2R0	0.00082
Q96H96	0.00134
Q96MF6	0.00062
P60602	0.00240
Q9NRV9	0.00132
Q9H8M1	0.00129
Q7Z695	0.00184
Q8N3Z0	0.00115
Q6PI78	0.00070
Q9BRQ8	0.00099
Q9NVH6	0.00068
Q96AY3	0.00210
O14521	0.00112
Q8N2F6	0.00327
Q14142	0.00202
Q969F8	0.00084
Q9Y5Y4	0.00038
Q7Z2W7	0.00072
O75762	0.00097
Q8IWL8	0.00224
Q86U10	0.00138
Q92617	0.00061
Q96AQ7	0.00168
O94916	0.00080
Q6JBY9	0.00159
P43116	0.00120
O60733	0.00206
P19224	0.00018
Q9NRE1	0.00086
Q9HB20	0.00114
Q8TCU3	0.00213
Q8N9U0	0.00247
P61165	0.00072
A6NI86	0.00075
P35218	0.00051
O75333	0.00261
Q5T5J6	0.00261
Q15319	0.00150
Q6ZNB6	0.00081
Q63HK3	0.25644
Q92858	0.00257
A2RUR9	0.00578
Q9C093	1.00189
A6QL64	0.00344
Q8WXI8	0.00078
P30711	0.00099
Q8IYT4	0.00126
P41181	0.00037
P78329	0.00038
Q01740	0.00045
P31513	0.00069
Q99735	0.00055
Q9BZD2	0.00107
Q9HCX3	0.00199
Q9P2H5	0.00146
P40305	0.00084
P08861	0.00118
P04118	0.00031
O95473	0.00090
Q96B49	0.00049
Q86Y37	0.00108
Q8IXT1	0.00132
Q92915	0.00120
Q9UQD0	0.00115
Q8TDS5	0.00106
Q68J44	0.00109
O94933	0.00161
Q29980	0.00058
Q4JDL3	0.00049
Q05D32	0.00089
Q05923	0.00111
Q96MI6	0.00049
A2A3K4	0.00154
Q8N4S9	0.00116
Q6ZVF9	0.00075
P01568	0.00064
Q9Y5F1	0.00152
Q9Y5F2	0.00066
Q9UN73	0.00097
Q9Y5I2	0.00193
Q9Y5H9	0.00183
Q9Y5G2	0.00100
Q9Y5G3	0.00969
Q9H158	0.00047
P10696	0.00062
Q8NFZ3	0.00058
Q9H8X2	0.00721
Q03721	0.00059
Q14003	0.00043
Q9BZX4	0.17852
A5YM69	0.00115
Q9Y5H6	0.00088
Q9UN75	0.00110
Q9Y5F0	0.00031
Q9Y5H8	0.00062
O60656	0.00046
A0JP26	0.01941
Q86YR6	0.00552
A6NKF2	0.00040
Q5TCH4	0.00074
Q562E7	0.00237
Q96RT6	0.00197
Q9H2T7	0.00046
Q9Y5I0	0.00091
Q8TDB8	0.00050
Q6IPR3	0.00068
P22079	0.00056
Q9Y5H5	0.00241
Q9UNW9	0.00038
P24462	0.00072
Q2TB90	0.00338
Q9UN71	0.00106
Q9Y5G0	0.00117
Q9UDX4	0.00465
Q9BSU3	0.00107
Q96JJ6	0.01278
Q9Y5I1	0.00087
Q96LZ2	0.00079
Q96GP6	0.00071
Q9Y5G4	0.00125
Q9Y5G8	0.00079
P14060	0.00171
P26439	0.00144
Q14123	0.00065
P84157	0.00110
Q9BQK8	0.00103
Q8WXD9	0.00105
B2RU33	0.00293
Q16816	0.00135
Q8N1C3	0.00116
Q1RMZ1	0.00098
Q6NZ63	0.00035
Q9UHE8	0.00078
Q99766	0.00448
Q8NCU4	0.00167
Q495M9	0.00223
Q8IUE1	0.00093
O75437	0.00199
Q9HCH3	0.00104
P0CG41	0.00064
Q9Y5G1	0.00157
P01567	0.02522
O75610	0.00044
P0CG39	0.00085
Q9UQ74	0.00046
P54317	0.00069
Q16515	0.00093
Q96T83	0.00044
P32455	0.00105
B2RXF5	0.00178
Q2M329	0.00464
Q9UM21	0.00436
P47972	0.00116
Q6ZN30	0.00177
Q99742	0.00323
P49221	0.00048
Q9BQ87	0.00113
O75106	0.00045
O60938	0.00085
H3BUK9	0.00136
Q6KCM7	0.00115
Q16281	0.00165
Q9Y6L7	0.00049
Q6P9F7	0.00075
Q08289	0.00181
Q9ULS5	0.00142
O75167	0.00179
Q86VW1	0.00064
Q96PP8	0.00101
Q8N4N8	0.00410
P0DJD1	0.00165
Q9NY72	0.00055
Q711Q0	0.00065
Q96BJ8	0.00130
P0DTE4	0.00015
Q6UWM9	0.00047
Q6P5S2	0.00137
Q9NZU1	0.00074
Q9NRJ7	0.00092
Q9Y5E2	0.00128
Q96DN2	0.00135
Q9Y5I3	0.00096
Q7LGC8	0.00033
A6NHC0	0.00077
O43272	0.00168
O00748	0.00119
P55289	0.00086
Q9NQ34	0.00075
A2RUB1	0.00247
Q5W0U4	0.00259
P31644	0.00030
Q6PEY0	0.00127
Q13231	0.00102
Q7Z5L7	0.00060
Q96CX6	0.00057
O00755	0.00082
Q8N998	0.00309
P01222	0.00195
O75911	0.00132
Q9BUY7	0.00103
A6H8Z2	0.00242
O95502	0.00128
Q9HCL0	0.00234
Q9Y5F7	0.00225
O76054	0.00233
Q9Y5E7	0.00191
Q99715	0.00074
Q9NXL2	0.00094
Q6NXP2	0.00212
Q8N8V2	0.00091
Q5T7N3	0.00070
Q86UF2	0.00064
Q8NCY6	0.00202
Q8NFX7	0.00061
Q99935	0.00036
A1L157	0.00040
O15037	0.00135
Q9BQL6	0.00097
Q9C091	0.00236
Q8IYT2	0.00144
P78312	0.00095
Q9BZM6	0.00037
Q9HAU8	0.00085
Q9UBT3	0.00057
P17010	0.00070
Q9H0N0	0.00069
Q5VXD3	0.00407
Q9UKF2	0.00053
Q08AH1	0.00086
Q86VY9	0.00081
O15496	0.00127
A3KN83	0.00190
Q9H903	0.00063
Q86TV6	0.00241
Q69YU5	0.00044
Q9NYQ3	0.00163
Q8WUT9	0.00261
O76082	0.00122
Q8IYJ0	0.00052
Q9H4B8	0.00128
Q9Y5E3	0.00046
Q96DE0	0.00115
Q86XK7	0.00125
O94851	0.00167
P51575	0.00109
Q6ZMW3	0.00062
Q8NFN8	0.00084
Q9HCJ5	0.00054
Q8N878	0.00065
Q6AW86	0.00919
Q8IYR2	0.00175
Q6UB28	0.07204
Q68D51	0.00202
Q9Y5Q0	0.00111
Q3KP66	0.00297
Q9BU19	0.00058
Q6ZW61	0.00322
Q6ZMS4	0.00064
P17039	0.00054
P14415	0.00049
Q99985	0.00093
Q6GTS8	0.00235
Q8N394	0.00258
Q9BQ31	0.00074
Q2VWP7	0.00043
Q8IV01	0.00282
Q8IX29	0.00136
O15060	0.03559
Q4KMZ1	0.00905
P10075	0.00136
Q9H8J5	0.00078
O75596	0.00101
O43323	0.00131
O00533	0.00045
Q86V20	0.00079
Q9UJ68	0.00145
Q9NPG4	0.00131
P17035	0.00069
Q5TBA9	0.00110
Q9H611	0.00197
Q6ZV89	0.00094
P46098	0.00629
Q8WYK0	0.00155
Q96BR6	0.00199
Q9Y5G6	0.00093
Q6XE38	0.00047
Q9ULW2	0.00132
Q86YE8	0.00050
Q8NA69	0.00122
P12724	0.00188
Q8N831	0.00088
Q14117	0.04309
Q9UF02	0.01416
Q8TDY8	0.00041
Q400G9	0.00089
A6NFN3	0.00148
Q5TB30	0.00089
Q7Z5A8	0.00138
Q96HU8	0.00303
Q96PL5	0.00143
Q6ZMH5	0.00103
O95861	0.00148
Q8IXV7	0.00071
O95428	0.00171
Q9Y6Q1	0.00163
O76096	0.00125
Q6B0K9	0.00050
Q9P296	0.00214
Q6MZZ7	0.00092
Q96CE8	0.00045
Q8N3J9	0.00117
Q6PI73	0.00045
Q01459	0.00043
Q8N7X8	0.00761
Q8NHX9	0.00075
Q96A58	0.00082
Q96LW4	0.00329
Q8N441	0.00088
O95076	0.00196
Q9UHA2	0.00150
Q9BSY4	0.00092
Q6JEL2	0.00091
Q4L235	0.00071
Q8N4F0	0.00166
Q5VUJ9	0.00111
Q9HB29	0.00185
Q9NUU6	0.00091
Q330K2	0.00071
Q5TYW1	0.00050
Q92546	0.00054
P36269	0.00236
Q86WN2	0.00044
Q9UFP1	0.00022
Q9C0D4	0.00355
Q8TF30	0.00209
Q5T8I3	0.00093
Q7Z402	0.00077
Q8TA94	0.00070
Q4VC12	0.02374
Q9UHX3	0.00033
Q9Y6L6	0.00108
Q6ZNG0	0.00941
Q86XN7	0.00064
Q8NCN2	0.00170
Q8N9N7	0.00247
Q8NCK7	0.00125
Q8NBF6	0.00294
Q0VGE8	0.00189
P51508	0.00153
Q8WXQ8	0.00099
Q8IYG6	1.00108
Q68DA7	0.00036
Q8IZY2	0.00114
Q8IYV9	0.00088
Q5VT40	0.00086
Q9UJU3	0.00257
Q6ZMY9	0.00113
Q6WRX3	0.00121
P83105	0.00094
A6NFY4	0.00196
Q9NZU0	0.00087
Q9UL59	0.00063
Q8N2G4	0.00054
Q2M3D2	0.00141
P16562	0.00074
P11488	0.00079
Q96BP3	0.00175
P54855	0.00015
Q9C0K1	0.00186
P78380	0.00131
Q8IUL8	0.00057
Q86Y25	0.00225
Q8J025	0.00058
O95498	0.00116
O75064	0.00067
Q14CZ8	0.00109
Q6ZMJ2	0.00141
Q9Y278	0.00045
Q15935	0.00181
Q8IVM8	0.00085
Q9NXB9	0.00092
Q5EBL2	0.00096
Q8NI17	0.00208
Q9NZM6	0.00357
Q8TCW7	0.00053
O95136	0.00052
P55075	0.01101
Q8TF20	0.00192
P41597	0.00072
Q5JNZ3	0.00243
Q6ZN54	0.00248
Q8N9Z0	0.00311
Q9UHP7	0.00053
P22891	0.00113
Q9P0K9	0.00051
Q9UBM8	0.00064
Q8N8L2	0.00077
P35414	0.00581
Q9Y581	0.00105
Q9Y2C2	0.00080
Q8TAS1	0.00161
A0AV02	0.00117
Q147U7	0.00079
Q7RTS1	0.00099
P15907	0.00104
Q7Z6Z6	0.00112
Q6UWV6	0.00146
Q6DD87	0.00100
Q8WWF3	0.00049
Q8IV45	0.03102
Q6ZV77	0.00060
Q96F05	0.00044
P27169	0.00124
Q9NUM3	0.00107
Q16581	0.00425
Q96JM4	0.00062
Q96A23	0.00075
Q96IR2	0.00050
Q86YC3	0.00080
Q6B0B8	0.00125
Q99440	0.00278
O75324	0.00045
Q96PC2	0.00168
P46059	0.01154
Q9BYZ8	0.00168
O75326	0.00062
Q6UWN0	0.00096
Q86UG4	0.00368
Q8IYS4	0.00117
P55107	0.00135
Q9NY59	0.00136
P25090	0.00747
P40967	0.01502
Q6PP77	0.00043
Q9UHK6	0.00092
Q2TAA2	0.00039
O60575	0.00047
Q9BTV6	0.00117
Q7Z7G2	0.00046
Q67FW5	0.00466
Q6ZSG2	0.00184
P15812	0.00081
Q9UKU9	0.00107
Q6ZRI8	0.00074
Q9BTX3	0.00044
O60688	0.00192
Q8IWF9	0.00262
Q86UY6	0.00075
P09758	0.00044
Q9UNU6	0.00089
Q8N8Q8	0.00123
Q8N6N7	0.00336
Q8IYN0	0.00050
Q15035	0.00039
O00624	0.00054
Q9C0B6	0.00093
Q8N468	0.00098
Q9UJH8	0.00028
Q5TC63	0.00100
Q86SU0	0.00079
Q6P3X8	0.00103
Q8TCB0	0.00155
Q3MJ16	0.00117
P01574	0.00176
Q53G44	0.00109
Q9H4W6	0.00121
Q8TD20	0.00121
Q8NFI3	0.00058
Q9BU40	0.00065
P21128	0.00092
Q9UKJ8	0.00100
Q9UNI1	0.00358
Q8N6M6	0.00181
O15079	0.00163
Q99677	0.00176
Q7Z4W2	0.00062
Q6ZNF0	0.00151
Q8N6W0	0.00125
Q504Y0	0.00085
Q8TD07	0.00059
Q9NPD7	0.00075
Q8IV35	0.00077
Q04756	0.00075
B4DXR9	0.00050
Q9BZJ4	0.00075
Q9GZP0	0.00197
Q9C0I9	0.00514
Q9NS93	0.00033
Q7L5L3	0.10309
A0PJX2	0.00069
O95455	0.00106
Q6UVM3	0.00112
Q9BX73	0.00045
Q8N8Q9	0.00361
Q8TB92	0.00056
A2A2Y4	0.00050
Q9BQE6	0.00103
Q9Y2Y8	0.00059
Q52LD8	0.00073
P01566	0.00069
Q12887	0.00223
Q86YJ5	0.00125
A8MT70	0.00130
Q9UHP9	0.00087
P04201	0.00113
Q99983	0.00212
Q86T26	0.00073
P47895	0.00335
Q4KWH8	0.00153
Q8N431	0.00212
Q8WVH0	0.00195
P58215	0.00299
Q9GZX3	0.00046
Q2M3C6	0.00104
Q96EK2	0.00188
Q5T1Q4	0.00043
Q9Y330	0.00396
Q6ZN66	0.00169
Q8NCS7	0.00061
Q9Y5I4	0.00072
Q9NS68	0.00140
Q8TC27	0.00077
Q9NZV7	0.00177
A0A0B4J2A2	0.00094
Q6ZR37	0.00112
Q8NEQ5	0.00094
Q86T13	0.00038
Q6ZS30	0.00214
Q6ZQW0	0.00205
Q6ZMS7	0.00231
Q9Y5G5	0.00039
Q96MB7	0.00057
Q8WWA1	0.00100
Q9UHF4	0.00071
Q6UW10	0.00043
Q9BY71	0.00040
Q8NA58	0.00039
Q8NHJ6	0.03682
P43652	0.00130
P23368	0.00088
O95969	0.10034
Q17RP2	0.00213
P07205	0.00101
Q9UBL9	0.00091
Q9HA82	0.00045
Q9UBD6	0.00023
Q8NAC3	0.00050
Q8N6G6	0.00177
Q92911	0.00057
P49146	0.00163
Q9H159	0.00153
Q8IYW2	0.00159
Q86UE6	0.00095
P32297	0.00164
Q9NW15	0.00041
Q9NP78	0.00091
P08842	0.00057
Q7Z5L4	0.00045
Q9Y3R5	0.00049
Q14392	0.00059
Q9NUD7	0.25103
Q5VTA0	0.00060
Q9Y5Q6	0.00049
Q1X8D7	0.00124
O14523	0.00058
Q8N4S7	0.00225
Q8N1V2	1.00135
Q9Y226	0.00089
Q9NQ75	0.00145
Q8WTQ1	0.00053
Q9H7B7	0.00634
Q9HAY6	0.00917
Q8IVU9	0.00118
Q5VXT5	0.00044
Q50LG9	0.00045
Q8NFT2	0.00058
Q9HBB8	0.00077
Q7Z6M3	0.00056
Q9UKU6	0.00098
A8MWY0	0.17109
Q9Y233	0.00047
Q8WWZ1	0.00076
O43173	0.00089
Q96F45	0.00072
Q14159	0.00045
A6NCF5	0.00126
Q96K49	0.00429
P11511	0.00171
Q8IXS2	1.00262
O43314	0.00214
Q5CZA5	0.00061
Q15782	0.00124
P20813	0.07284
Q9H6B4	0.00160
P08173	0.00128
Q9UH90	0.00159
Q8N446	0.00246
Q6PIY5	0.00042
Q9BWM5	0.00058
Q8NAU1	0.00067
Q9NWM0	0.00161
O15342	0.00033
P02750	0.00276
P19526	0.00038
Q86TM3	0.00049
A4D1T9	0.00109
Q9NUP7	0.00119
P17019	0.00080
P35475	0.00159
Q5JWR5	0.00123
Q2VY69	0.00074
Q6UWQ5	0.00083
P20472	0.00044
Q96MF4	0.00048
Q93086	0.00065
Q9Y4C4	0.00753
Q8WW62	0.00043
Q86TI4	0.00104
Q6IF63	0.00056
Q9NQT6	0.00095
Q96N96	0.00300
Q8N8M0	0.00057
Q5VZ52	0.00130
Q7Z602	0.00070
Q147X3	0.00095
Q6UWD8	0.00097
Q9Y251	0.00088
Q6ZMP0	0.00284
Q9UBV4	0.00039
Q9ULY5	0.00084
Q15166	0.00062
Q8TAB3	0.00164
Q9ULD9	0.00115
A6NDU8	0.00134
A4D2B0	0.00101
Q75WM6	0.00085
P22528	0.00110
P20231	0.00053
Q96A46	0.00153
Q8IYD2	0.00141
Q8NHS2	0.00112
Q7Z7A4	0.00047
P30550	0.00125
Q01415	0.01019
Q9Y6Q3	0.00087
Q6ZN06	0.00074
P21217	0.00061
Q96KF7	0.00131
Q8IWU9	0.00112
Q7Z7J7	0.00136
Q6ZTR5	1.00124
Q9H4I8	0.00082
Q7Z7D3	0.00073
Q8NBP5	0.00291
Q96N19	0.00198
Q9UGQ3	0.00080
Q99445	0.00060
Q8TF71	0.00117
Q9H598	0.00052
Q9NSD4	0.00142
Q8TE96	0.00100
Q6UXE8	0.00080
Q6UXK5	0.00072
Q96GL9	0.00107
Q6P387	0.00065
Q08AI8	0.00119
Q96M96	0.00473
Q70Z44	0.00193
Q5W0B7	0.00033
P0C5Z0	0.00083
Q8WU68	0.00063
Q9UBR5	0.00047
Q68CQ7	0.00116
P40126	0.00092
P22003	0.00093
P48052	0.00059
Q4G0I0	0.00485
Q9BV87	0.00095
Q9BQT9	0.00031
Q9H1F0	0.00048
Q8N695	0.00056
Q99965	0.00023
Q8TCT6	0.00097
Q6UXT9	0.00127
Q4G148	0.00054
Q641Q3	0.00048
Q96MS3	0.00139
Q8N239	0.00191
A1A4V9	1.00090
Q86UB9	0.00132
Q96N06	0.00080
Q71RS6	0.00084
Q5H913	0.00066
Q9H649	0.00082
Q3I5F7	0.00116
Q9BUK0	0.00253
Q7Z3V5	0.00304
Q9BRK0	0.00046
Q9Y6K0	0.00099
Q3KP31	0.00100
Q96AZ6	0.00124
Q8IVN8	0.00068
Q16222	0.00149
Q9UK10	0.00050
Q9UK13	0.00064
Q4LDG9	1.00052
Q7Z3F1	0.00373
Q0VFZ6	0.00048
Q7L5Y1	0.00075
Q7RTT5	0.00096
Q07973	0.00091
D6RGH6	0.00219
Q9P0V8	0.00041
Q6UXI7	0.00080
O75311	0.00043
Q6P4F1	0.00079
Q6UWH6	0.00021
Q07075	0.00040
O75881	0.00266
Q68DU8	0.00125
A6NK59	0.00051
Q9P2C4	0.00030
Q5H9E4	0.00471
Q96I13	0.00239
Q8WTX9	0.00088
Q8TDF6	0.00085
Q08257	0.00097
Q9Y6U7	0.00042
Q6MZW2	0.00098
Q5T1B0	1.00142
Q3SXZ7	0.00118
Q9NWH7	0.00126
Q0VAA5	0.00133
P49326	0.00188
Q96NZ1	0.00058
O00322	0.00071
Q86VV4	0.00187
Q9UBX8	0.00032
Q96QA5	0.00167
Q9NV72	0.00044
Q9UL16	0.00057
A6NGE4	0.00057
Q96Q11	0.00083
Q5I7T1	0.00064
Q2M3T9	0.00060
Q86UY8	0.00112
Q502W6	0.00054
P51854	0.00130
Q9HCN2	0.00037
Q9Y2W6	0.00062
P30968	0.00040
Q0VAM2	0.00230
Q8IU54	0.00144
Q8IZJ0	0.00072
Q96PZ2	0.00131
O14926	0.00190
Q6QAJ8	0.00098
Q9Y241	0.00079
Q9BXU9	0.00107
O15229	0.00145
Q8NGT1	0.00057
Q8NBR0	0.00046
Q8N6L7	0.00044
Q5BKY1	0.00217
Q5TCS8	0.06406
Q9H3W5	0.00234
P56856	0.00114
Q495N2	0.00039
Q96GI7	0.00086
Q8N5Z0	0.00018
Q4G0N4	0.00064
P55344	0.00293
Q8N475	0.00035
Q5JS37	0.00027
P18405	0.00347
O75891	0.00136
Q6UY01	0.00077
Q15849	0.00071
Q496F6	0.00027
Q9UDR5	0.00113
P60153	0.00047
Q3KP22	0.00075
P78562	0.00105
Q9NP70	0.00139
Q86W67	0.00232
Q53EV4	1.00456
Q6UX39	0.00315
Q6ZWB6	0.00478
P56555	0.00269
Q496J9	0.00061
Q5FVE4	0.00173
Q96A98	0.00034
Q9HBV1	0.00043
Q9BXX2	0.00536
O00230	0.00111
Q14032	0.00119
Q8WWP7	0.00043
A1KZ92	0.00056
Q86YT5	0.00079
Q96S42	0.00084
Q5HY98	0.00067
Q86TY3	0.01774
O94779	0.00029
Q96SJ8	0.00091
Q8TAE6	0.00173
Q9Y2D0	0.00520
Q499Z4	0.00046
Q96E66	0.00068
Q8IW52	0.00097
Q9BWV7	0.00053
Q96L15	0.00036
Q8N5C1	0.00072
Q6UWT4	0.00029
Q8TBF5	0.00062
Q9ULT0	0.00099
O75290	0.00189
Q96P11	0.00102
Q86XN6	0.00218
P35716	0.00132
Q99518	0.00073
Q96A29	0.00030
Q6URK8	0.00096
Q6P9A3	0.00059
O43280	0.00034
Q9BX51	0.00166
Q9NP95	0.00058
Q9NYW2	0.00085
Q567V2	0.00029
O94892	0.00154
P45954	0.00096
Q9NTQ9	0.00043
Q92536	0.00038
Q8IZI9	0.00107
Q96IR7	0.00146
Q9NVE5	0.00116
Q8WUX1	0.00146
Q9BT22	0.00106
Q9H1R2	0.00088
Q7M4L6	0.00050
Q5T4F7	0.00054
P23352	0.00102
Q9NRR6	0.00288
Q6P656	0.00257
Q8NEL9	0.00143
O76074	0.00168
Q96NL8	0.00162
O60303	0.00230
Q7Z6J2	0.00165
Q9NWS1	0.00102
Q13495	0.00142
Q9NYZ1	0.00044
Q4G0S4	0.00056
Q96IU4	0.00077
Q76M96	0.00080
Q9Y536	0.00046
P29120	0.00155
Q5D862	0.00124
Q8N3D4	0.00236
Q86VE9	0.00060
P13765	0.00090
Q8N0U4	0.00163
Q5HYR2	0.00055
Q6IPT2	0.00050
Q6P2M8	0.00119
Q8IZC6	0.00074
P31358	0.00041
Q9UHE5	0.00047
Q8IUA7	0.00053
Q96IV6	0.00046
Q14CN2	0.00029
Q9UMR7	0.00049
Q9NWW5	0.00058
Q9HB14	0.00086
Q8WWT9	0.00049
Q9BSK0	0.00058
Q5SV97	0.00058
Q9H2L4	0.00033
Q96PS8	0.00036
Q96FZ5	0.00047
Q96G79	0.00029
Q6UXV1	0.00058
Q69YG0	0.00041
Q8IYU4	0.00126
Q8N2M4	0.00037
Q8TBE1	0.00041
Q96MV8	0.00040
Q8NHU3	0.00033
Q5VZY2	0.00039
P17030	0.00048
Q8IY49	0.00056
Q6UX27	0.00044
Q6UX34	0.00043
Q08828	0.00112
A2PYH4	0.00102
Q8NFU5	0.00213
P35348	0.00067
Q9H1Z8	0.00122
Q96Q80	0.00057
Q9GZM3	0.00152
Q9UBX2	0.00097
Q70CQ4	0.00172
Q4G0A6	0.00131
P08620	0.00065
Q6NW40	0.00049
Q53RY4	0.00120
Q99865	0.00161
B0I1T2	0.00089
Q96J66	0.00297
Q9NXH8	0.00138
Q5T750	0.00119
O14684	0.00053
Q9BV20	0.00204
Q86XJ0	0.00135
Q53GA4	0.00082
Q86Z14	0.00445
Q9NQ36	0.00050
Q7Z5Q1	0.00123
Q9H777	0.00048
Q9Y5P2	0.00096
Q9BZE2	0.00128
Q9BZF2	0.00218
Q8N8E3	0.00155
P0C7X2	0.00262
Q5HYJ1	0.00196
Q9H3U7	0.00074
Q8WW27	0.00252
Q5SRN2	0.00196
Q9H1N7	0.00129
Q17RY0	0.00212
Q9H920	0.00160
Q6NUK4	0.00129
Q5U4P2	0.00109
Q53FZ2	0.00101
Q8NE09	0.00249
Q9NY28	0.00105
Q1XH10	0.00062
A1KXE4	0.00154
Q8TBQ9	0.00067
Q9Y2D9	0.00178
Q9C0B9	0.00184
Q96KK5	0.02583
Q2TAC6	0.00240
Q8IWZ4	0.00519
O75908	0.00055
Q7L0R7	0.00071
Q8N2H4	0.00044
Q3YBM2	0.00092
A8MXY4	0.00031
Q7Z429	0.00038
Q5T197	0.00078
Q9ULI1	0.00042
Q9P2F9	0.00124
Q8IUG1	0.00069
Q96PX9	0.00139
Q5T752	0.00062
Q9BYS1	0.00070
Q96HE8	0.00034
Q15825	0.00074
O95500	0.00110
Q8TF50	0.00177
B2RUY7	0.00062
Q2M2I5	0.01696
Q9P2S6	0.00071
Q9H0M4	0.00237
Q9UKL4	0.00111
Q9Y2L6	0.00168
P0DH78	0.00053
Q8TC29	0.00129
Q96PT4	0.00123
Q92914	0.00197
Q96H15	0.00306
A6NCS6	0.00055
Q9GZP7	0.00186
P59551	0.00186
Q9H2J1	0.00069
Q6UWH4	0.00081
Q9BYE4	0.00126
Q8IUQ0	0.00236
Q9H069	1.00204
Q9NZP5	0.00065
Q6PCB6	0.00110
Q8IYJ2	0.00070
Q9UQ52	0.00022
Q96MT1	0.00064
Q9NYP3	0.00103
Q96AW1	0.03351
P12034	0.00075
O60258	0.00094
Q9HCT0	0.00075
Q5UE93	0.00079
Q99102	0.00051
Q13316	0.00041
Q6ZMT4	0.00043
Q9NPI9	0.00057
Q7Z4H9	0.00164
Q8N7B1	0.00048
Q15431	0.00158
P28329	0.00121
Q6XR72	0.00034
P31415	0.00100
O94804	0.00105
Q8TCF1	0.00164
P56277	0.00048
Q96EX1	0.00046
Q5T0Z8	0.00171
Q6ZWE6	0.00141
Q9Y2G7	0.00042
Q9P2D6	0.00071
Q9NY74	0.00071
Q14563	0.00421
P35030	0.00107
Q9NPH5	0.00067
Q96JT2	0.00050
P31941	0.00063
Q6W0C5	0.00416
Q9BYH1	0.00252
Q68CR7	0.00114
Q9NZC2	0.00063
Q496H8	0.00040
P01920	0.00064
O00222	0.00063
Q9P2U7	0.00064
Q8NDX2	0.00031
Q16572	0.00040
Q5T9G4	0.00110
Q6IQ49	0.00053
Q8NFA2	0.00397
C9J7I0	0.00068
Q09MP3	0.00052
O94854	0.00101
P59103	0.00038
Q8NCM2	0.00056
Q9NSY2	0.00122
P0DJD0	0.00283
O43374	0.00068
Q15283	0.00088
Q6P6B7	0.00174
A5PLL1	0.00174
O75038	0.00188
P08912	0.00129
Q99878	0.01099
Q5VWZ2	0.00079
P24311	0.00049
Q9HCE0	0.00142
A8MW95	0.00168
Q14153	0.00170
Q8N158	0.00178
Q9BRP0	0.00163
Q8IY21	0.00088
Q96JQ5	0.00047
Q3ZCQ2	0.00132
Q9Y584	0.00067
Q2M3G0	0.00062
P41225	0.00099
Q8NBF1	0.00063
Q86V88	0.00106
Q92847	0.00035
Q695T7	0.00054
Q08462	0.00041
Q9UKY0	0.00056
Q8IU68	0.00080
O60235	0.00099
P60893	0.00034
Q9BZW2	0.00221
Q16651	0.00114
Q9H2P9	0.00119
Q5VTT5	0.00150
Q9UM44	0.00029
Q5T753	0.00052
Q5T7P2	0.00057
Q2TAL6	0.00089
Q6L8H2	0.00053
Q701N4	0.00052
Q5SQQ9	0.00144
P0CG20	0.00850
Q03828	0.05669
Q6NVU6	0.00197
Q3LI70	0.00143
Q3LI66	0.00133
Q3LI73	0.00127
A8MV65	0.00076
Q7Z4W3	0.00119
Q86SK9	0.00041
Q5SR56	0.00038
Q9NYA3	0.00226
Q6A163	0.00229
Q13520	0.00054
Q86WI0	0.00028
Q9H0C1	1.00745
Q9Y2B5	0.00224
Q8NEG2	0.00464
Q86Z20	0.00986
P31512	0.00460
Q9BXI2	0.00460
Q96BM0	0.00460
Q96A11	0.00460
Q6ZUI0	0.00115
Q9BXU0	0.00261
Q9UIG4	0.00134
Q07627	0.00078
P60328	0.00078
Q5J8X5	0.00030
A6NJZ7	0.00114
Q7Z4V0	0.00215
A8MW99	0.00156
O15353	0.00240
Q52LG2	0.00131
Q8TF47	0.00172
Q9H322	0.00200
Q8TB03	0.00111
Q9BYQ0	0.00070
Q5MJ68	0.00166
P0CG21	0.00128
Q6NTE8	0.00149
P57055	0.00138
Q8IUB9	0.00121
Q3LI76	0.00120
Q5T751	0.00053
Q5T754	0.00053
Q8IUC3	0.00109
Q9BYD5	0.00416
Q3LI64	0.00156
Q3LHN2	0.00075
A8MTA8	0.00157
Q8NFU1	0.00026
Q9NP94	0.00040
Q8TDT2	0.00035
O95484	0.00099
B2RUZ4	0.00165
Q9NPA2	0.00183
Q9UPX6	0.00229
Q7Z3Y8	0.01348
Q8IUY3	0.00057
P34910	0.00047
Q5EBL4	0.00141
A6NEM1	0.00442
Q8TBE3	0.00031
Q9BSY9	0.00162
Q3KNW5	0.00042
A6NKB5	0.00059
Q6ZPD8	0.00086
Q86VE0	0.00138
P12872	0.00049
P78424	0.00568
Q9H1P6	0.00096
Q9BRK3	0.00089
Q5JTJ3	0.00069
Q6ZSJ9	0.00182
Q8N1D0	0.00191
A6NGQ2	0.00126
Q8TBB6	0.00040
Q14162	0.00066
O95236	0.00029
P19397	0.00033
O75508	0.00054
P60371	0.00067
Q96DY2	0.00301
Q5MJ10	0.00130
Q6P9G4	0.00072
P0CK97	0.00062
Q8IYE1	0.02303
Q96LT6	0.00369
Q9NQV5	0.00315
Q8TBM7	0.00040
Q8N912	0.00042
P0DJD7	0.00019
Q96EG3	0.00129
Q6ZNH5	0.00122
Q86XF7	0.00156
Q9H707	0.00222
Q5T619	0.00290
P59910	1.00352
Q6IPX1	0.00152
Q765P7	0.00180
A8MXD5	0.00173
C9JCN9	0.00127
Q15546	0.00040
Q5TGU0	0.00041
Q4LDR2	0.00037
Q9UHI5	0.00091
Q96P66	0.00031
A6NM10	0.00027
P34972	0.00037
A8MZ59	0.00030
Q6PEY1	0.00119
B3EWG5	0.00081
Q8WV19	0.00121
Q6ZP29	0.00027
Q9BSE4	0.00031
Q8IU89	0.00042
P21815	0.00051
P0CB47	0.00218
O14633	0.00056
Q4LEZ3	0.00417
A8MTQ0	0.00141
Q9BYR2	0.00076
O95406	0.00037
Q6ZSS7	0.00030
Q8TDV0	0.00043
Q2M3R5	0.00130
A6NLX3	0.00183
Q03169	0.00119
Q4VXA5	0.00119
O60806	0.00102
A4D1S5	0.00049
O60931	0.00056
Q96MK2	0.00246
Q53S99	0.00124
Q9UKQ2	0.00038
Q9UMQ3	0.00161
Q9H5J4	0.00040
Q16661	0.00050
Q9Y2P0	0.00232
Q96PE6	0.00074
Q9BTD3	0.00107
Q8NAP8	0.00098
O15499	0.00101
Q96PH6	0.00051
Q9BXJ0	0.00042
Q9NVG8	0.00491
Q96KN4	0.00124
Q9NRX6	0.00033
P0C671	0.00085
Q6NT55	0.00024
Q6ZVE7	0.00225
Q9NS25	0.00168
Q5VTY9	0.00217
Q9Y5K1	0.00059
Q9UIG5	0.00062
Q9Y5X5	0.00028
O95935	0.00088
A6NI15	0.03636
Q96LM5	0.00197
Q5JUK2	0.02213
A6NNX1	0.00681
Q8IXW0	0.00135
A6NFD8	0.00148
Q9HAK2	0.00116
A5LHX3	0.00105
O14843	0.00063
Q8NCL9	0.00026
O15243	0.00039
Q96PF1	0.00213
A8MT33	0.01632
Q9NQ30	0.00161
Q6ZNG9	0.00147
Q96KD3	0.00211
Q9H503	0.00182
Q14656	0.00058
P22760	0.00050
Q9NS82	0.00125
A6NHP3	0.00228
Q8IXY8	0.00178
Q9H1H1	0.00103
Q8N1M1	0.00050
Q5TCM9	0.00057
Q5TA81	0.00061
Q5TA77	0.00040
B2RXH8	0.00082
Q6L8G8	0.00086
Q8WVI7	0.00126
Q6UXX5	0.00441
Q16348	0.00107
Q5JTZ5	0.00075
Q8WW18	0.00084
Q8TC99	0.00074
Q8TAG6	0.00117
Q8WYQ4	0.00209
Q7Z713	0.00102
Q8TC17	0.00354
Q6ZNM6	0.00230
Q9UPV7	0.00172
P0CW23	0.00739
A6NGS2	0.00542
O76014	0.00224
Q8IZF2	0.00257
Q96G42	0.00172
Q9BUT1	0.00076
Q14863	0.00057
Q9GZV7	0.01274
Q7Z7C7	0.06447
O60422	0.12671
Q68CK6	0.00281
Q02747	0.00053
Q6BDI9	0.00071
Q8WXK1	0.00339
Q5W0N0	0.00068
Q6UWQ7	0.00065
Q9Y2C3	0.00015
Q6UVW9	0.00021
Q5MY95	0.00027
Q9BQS2	0.00020
A0PK11	0.00042
Q01546	0.01257
Q3MIV0	0.00067
Q9NZQ8	0.00658
Q5TFG8	0.00097
Q8NC74	0.00084
Q8NES8	0.00093
Q5JRC9	0.00199
Q6ZS10	0.00040
Q7Z3H0	0.00245
Q9H987	0.01950
Q495X7	0.00089
Q9UL41	0.00132
Q5T481	0.00085
Q5JTD7	0.00104
P0DMP2	0.00300
Q9H2I8	0.00075
Q8NBD8	0.00057
P59542	0.00050
Q9BZW4	0.00047
Q96RD6	0.00164
Q6ZUT3	0.00052
Q8N1H7	0.00115
Q3LI59	0.00074
Q6ZUX7	0.00033
O60883	0.00044
Q9HBY0	0.00056
Q9Y4I5	0.00238
A0PJW8	0.00241
P59942	0.00264
Q6PRD7	0.00259
Q8N801	0.00489
Q6S9Z5	0.00131
Q9C0D7	0.00096
Q86X51	0.00201
Q6P5S7	0.00048
Q6L8G4	0.00054
A8MYP8	0.00134
Q8TBF8	0.00552
Q5VYS4	0.00148
Q12864	0.00043
Q5H9J9	0.00263
Q5DX21	0.00071
Q4G0Z9	0.00149
O75425	0.00047
Q8NFK1	0.00026
P56557	0.00037
P04808	0.00095
Q6VB84	0.00191
Q9NPG8	0.00029
Q96JB8	0.02173
Q6UWP2	0.00100
Q92619	0.00383
Q8IVP9	0.00179
Q8WXT5	0.00092
A1L168	0.00274
Q9BYP8	0.00055
O75690	0.00034
Q6UWW9	0.00025
Q5JRM2	0.00037
Q8NGN3	0.00038
Q6ICL7	0.00032
Q86WB7	0.00095
Q9NWF4	0.00025
Q99674	0.00068
Q9Y5Q5	0.00026
Q07326	0.00071
Q6ZSM3	0.00051
Q5SWH9	0.00059
Q7Z5S9	0.00025
Q8N8Q1	0.00056
Q9UIG8	0.00029
P81534	0.00034
Q8NEW7	0.00052
Q4V9L6	0.00030
Q8NET1	0.00019
A6NDP7	0.00054
Q68G75	0.00043
E9PQX1	0.00140
Q6ZNB7	0.00027
P02810	0.00117
Q86VI1	0.00222
Q9H0D2	0.00111
Q9UL52	0.00183
P10745	0.00121
Q6NT46	0.00076
Q13066	0.00076
Q6IMI6	0.00034
O60412	0.00220
Q8N1W2	0.00227
Q96PU9	0.00131
O15266	0.00059
Q86UV7	0.00189
Q8N8Z8	0.00111
Q7Z769	0.00048
Q8N7P3	0.00089
O43610	0.00108
P49771	0.00282
Q9UKG4	0.00029
A0PK05	0.00023
Q9NV39	0.00129
B1ATL7	0.00070
Q6AZW8	0.00147
Q6L8H1	0.00056
Q5SYC1	0.00249
O14520	0.00039
Q0D2K0	0.00027
Q7RTS5	0.00030
Q99500	0.00039
Q7RTS7	0.00310
Q86VD7	0.00156
Q7RTU4	0.00304
A4QMS7	0.00278
Q9BQY6	0.00215
Q2NL68	0.06549
Q96M69	1.00097
Q8NAX2	0.00231
Q5XKR9	0.00077
P54108	0.00059
Q71RC9	0.00202
P0CV98	0.00272
Q2HXU8	0.00030
Q6UWN5	0.00065
Q9NWC5	0.00027
Q9NP74	0.00147
Q9H237	0.00045
Q5R3K3	0.00032
Q99218	0.00023
Q9BX79	0.00048
Q5U5Z8	0.00128
P60014	0.00074
Q86VQ6	0.00347
Q96DX8	0.00061
Q08629	0.00111
Q96KT7	0.00035
Q8N7B9	0.00228
P17014	0.00233
Q6PF04	0.00164
Q96NJ3	0.00362
Q14390	0.00077
Q9H1K6	0.00077
P08686	0.00130
Q9NY91	0.00032
Q5GJ75	0.00156
P0C264	0.00140
Q86V35	0.00113
Q8TCB6	0.00208
Q9Y2M2	0.00218
Q86UB2	0.00263
Q7Z7K2	0.00196
Q96DD7	0.00046
Q3B7S5	0.00075
Q6UXY1	0.00162
O43304	0.00553
Q2VPA4	0.00072
Q9H1M3	0.00028
Q6H9L7	0.00027
A6NMD0	0.00077
P54821	0.00355
Q8IVV8	0.00020
Q86UP9	0.00312
P78412	0.00117
Q5HYN5	0.02819
Q8NFJ6	0.00026
Q8IW93	0.00142
Q7RTS6	0.00059
Q6L8H4	0.00041
A8MV81	0.00165
O15231	0.00220
Q9H5P4	0.00227
Q9UJG1	0.00023
Q6TGC4	0.00070
Q96DR4	0.00149
O94778	0.00104
Q96QE2	0.00064
A6NEL2	0.00051
Q86T20	0.00220
Q9UIK5	0.00095
P58418	0.00036
F8WCM5	0.00020
Q14626	0.00096
Q8N3G9	0.00027
Q6UXG8	0.00115
P19075	0.00205
Q3SXP7	0.00029
Q8NHW6	0.00305
Q8TB05	0.00445
O15405	0.00125
Q96JA4	0.00069
Q6PDA7	0.00122
Q8N7U7	0.00147
Q6UXK2	0.00074
Q8IYT1	0.00212
P10767	0.00073
Q9NRR2	0.00042
Q9NWW9	0.00057
O95868	0.00088
A6NH52	0.00038
Q8TEZ7	0.00241
Q86X53	0.00092
P01229	0.00105
P11049	0.00062
Q9H0K4	0.00479
Q96NJ6	0.00137
Q9BR10	0.00172
Q9BZI1	0.00143
Q9HCQ7	0.00118
P54710	0.00037
Q96PD5	0.00054
Q8IUB5	0.00119
Q8WWY7	0.00048
Q5GAN6	0.00057
Q86TD4	0.00050
P59861	0.00054
Q9UBC7	0.00053
Q5DT21	0.00054
P10163	0.00046
E0CX11	0.00054
A6NCL1	0.00053
Q5VWC8	0.00139
Q9BUN1	0.00336
O95007	0.00288
Q6PIF2	0.00369
Q8WU08	0.00313
Q4G0S7	0.00334
Q9UJW7	0.00476
Q9H8Y1	0.00096
Q76KX8	0.00035
P62955	0.00088
Q9BYE0	0.00218
Q92952	0.00141
Q00444	0.00188
Q5XKR4	0.00100
Q8N6Q1	0.00056
Q2TBC4	0.00472
Q9BYR3	0.00058
Q3LI77	0.00119
Q6UW32	0.00056
Q9BYQ7	0.00065
Q6PI25	0.00060
Q8NFD2	0.00108
Q13336	0.00042
Q6Q6R5	0.00076
Q96JK4	0.00152
P30926	0.00183
Q9H7X0	0.00148
Q13410	0.00064
Q6P4H8	0.00322
Q8IZF3	0.00183
P52823	0.00160
Q8TBZ9	0.00183
P07988	0.00183
A1A4F0	0.00154
Q8N4B4	0.00183
Q8N4W6	0.00183
Q8NFP0	0.00139
Q5SQS8	0.00200
Q3KRA6	0.00183
Q9Y2E8	0.00065
Q8NDW4	0.00106
Q8NHB8	0.00183
A8MRT5	0.00183
Q9HCB6	0.00120
Q9C0A1	0.00119
Q6ZR62	0.00059
Q6QHK4	0.00158
Q8IWL1	0.00065
Q9BQI0	0.00145
Q96J87	0.00090
Q5VY43	0.00221
P09919	0.00289
P01298	0.00151
P40198	0.00021
Q8IWB4	0.00036
Q8IZ20	0.00085
A6NMT0	0.00876
P56378	0.00355
Q9H2W1	0.00074
Q86Y34	0.00059
P52741	0.00371
Q9HCL3	0.00068
Q9BXU8	0.00072
Q6QNK2	0.00034
Q6UWV7	0.00028
Q7Z4H3	0.00090
A0PJY2	0.00132
Q96FX8	0.00127
Q5T871	0.00040
Q5JSS6	0.25077
Q969G9	0.00092
O60565	0.00133
Q86XR2	0.00181
Q5T036	0.00185
Q9UMX6	0.00040
Q9Y5E6	0.00071
Q5FWF7	0.00201
Q6UW88	0.00027
Q96RD9	0.00255
A6NHJ4	0.00114
Q7Z4N2	0.00127
Q12908	0.00064
Q96AP7	0.00022
Q96LB0	0.00033
Q8NET6	0.00024
O95424	0.00092
Q6ZNR0	0.00014
Q6N022	0.00118
A2RTY3	0.00224
Q9H9P2	0.00027
O95992	0.00037
Q86X60	0.00093
Q6J272	0.00219
Q5VWK0	0.00138
Q658L1	0.00159
A8MUP2	0.00154
Q8IZV5	0.00076
Q6UXG2	0.00201
P23109	0.00074
Q01432	0.00190
Q08623	0.00355
Q9BXU2	0.00501
Q3MIN7	0.00121
Q96LK8	0.00087
Q6DHV7	0.00349
Q6ZR52	0.00677
Q9BQJ4	0.00059
Q7Z3Z0	0.00183
Q9UNG2	0.00154
Q99712	0.00081
Q8IV50	0.00095
P23415	0.00229
O95237	0.00028
Q9NYW0	0.00021
A6NJL1	0.00374
Q6P5X7	0.00069
Q96LL3	0.00025
Q969I6	0.00021
Q9BPV8	0.00021
Q96P65	0.00034
P0CE72	0.00384
Q6ZVH7	0.00083
Q6UXB8	0.00038
Q9NRC9	0.00031
Q9H3T2	0.00057
Q8NHY0	0.00075
Q86XP6	0.00021
Q7Z7B8	0.00018
Q96I45	0.00035
Q8IUB2	0.00035
Q9GZQ6	0.00092
Q9NUN5	0.00086
Q9UN88	0.00062
P31213	0.00078
Q9UPU3	0.00107
Q13117	0.00069
Q13536	0.00100
Q6ZV65	0.00200
Q8NDY6	0.00164
P0DMU8	0.00349
Q9H2Z4	0.00063
Q96LM9	0.00246
Q8NH19	0.00022
Q96MP5	0.00186
Q9NYW4	0.00023
Q09327	0.00095
P25325	0.00084
Q6ZTQ4	0.00067
A6NFY7	0.00234
P03999	0.00022
Q96SZ4	0.00052
Q96MT7	1.00072
Q63HM1	0.00071
Q8TDN7	0.00319
Q5QJU3	0.00404
Q9UL36	0.00086
Q6DN72	0.00016
Q9UD57	0.00058
Q86WC6	0.00161
Q5JQS6	0.00241
Q96RI9	0.00030
Q12999	0.00026
Q9Y2U2	0.00026
P07492	0.00035
B3SHH9	0.00044
Q9BXJ3	0.00253
Q96E16	0.00046
P0C2L3	0.00087
Q30KQ5	0.00064
Q16538	0.00115
P20132	0.00314
Q9H313	0.00089
Q6GMV2	0.00103
Q86W47	0.00046
Q9HC23	0.00041
Q9Y5Y3	0.00078
P28039	0.00103
P35542	0.00166
Q86SI9	0.00423
Q8N0X2	0.00193
O94856	0.00118
Q6XYB7	0.00053
Q8N8I0	0.00079
P98169	0.00106
Q2L4Q9	0.00074
Q8IZV2	0.00081
Q9BXA5	0.00072
Q7Z6W1	0.00159
Q8NCK3	0.00101
Q9NRN9	0.00053
O95843	0.00113
Q11130	0.00018
P0CH99	0.00058
Q5U649	0.00050
O75747	0.00203
Q86UW2	0.00028
Q16553	0.00071
Q86YW5	0.00020
Q6ZVN8	0.00044
Q86YW7	0.00033
O75310	0.00027
Q96RA2	0.00062
Q8WX39	0.00047
Q8N1Q1	0.00084
Q6P0A1	0.00044
Q96B42	0.00027
O14894	0.00049
A6NNF4	0.00065
Q8IYW4	0.00095
O14904	0.00060
Q8TF64	0.02326
O95415	0.00033
Q9NZK7	0.00017
Q8N1E2	0.00064
Q9Y267	0.00044
Q9HBL6	0.00020
Q96EP9	0.00023
Q8NG98	0.00032
Q8TBZ6	0.00185
Q96RE9	0.00036
Q6PK81	0.00229
Q9ULE3	0.00165
Q8TDV5	0.00035
A6NEQ0	0.00067
Q9NYZ2	0.00066
Q6L9T8	0.00087
Q8NEB5	0.00021
P11230	0.00047
P20396	0.00089
P0CI26	0.00151
Q6UXA7	0.00066
Q8NI32	0.00059
Q96M53	0.00430
O60469	0.00477
Q8NHP8	0.00063
Q96LB4	0.00040
Q6UXB3	0.00039
Q9BZM2	0.00048
O15375	0.00064
Q68DI1	0.00052
Q8NAV2	0.00528
Q5T2S8	0.00115
Q9UBU2	0.00040
Q8N271	0.00016
Q5VY80	0.00018
P47989	0.00123
O15072	0.00121
A0PJX8	0.00172
Q8N4Z0	0.00101
Q6EBC2	0.00370
Q8NFL0	0.00031
Q8NDM7	1.00234
Q96B33	0.00063
Q8N434	0.00020
P02747	0.00036
Q96N76	0.00035
Q8N130	0.00019
Q8N103	0.00124
Q30KQ8	0.00174
A2IDD5	0.00084
B2RXH4	0.00111
Q8N126	0.00026
P07438	0.00032
Q9Y5L5	0.00012
Q8N5W8	0.00016
Q13609	0.00197
Q86UD5	0.00032
Q9H320	0.00069
Q9UKU0	0.00068
Q7Z444	0.00091
P0DMB1	0.00454
Q8N319	0.00057
Q8WU43	0.00143
Q96DS6	0.00086
Q8NH93	0.00040
Q96RD1	0.00040
Q14507	0.00057
P47211	0.00187
Q5GAN4	0.00036
Q9Y2A4	0.00061
Q9NVD3	0.00048
Q6Q8B3	0.00039
Q5HYL7	0.00268
Q7Z404	0.00065
Q4L180	0.00248
Q8NA29	0.00029
Q86VQ3	0.00055
Q5FWF6	0.00471
Q8NFU4	0.00036
Q8N813	0.00047
Q6UWI2	0.00052
P35321	0.00108
Q08AI6	0.00022
P04732	0.00176
Q9H4S2	0.00075
Q8TD86	0.00044
O14718	0.00061
Q7RTP0	0.00165
P58743	0.00048
Q3KNT9	0.00063
Q8TD35	0.00674
Q86TJ5	0.00329
Q569K6	0.00212
Q99946	0.00208
Q53SZ7	0.00157
Q7Z7B7	0.00016
Q14585	0.00242
Q8TDV2	0.00045
P46094	0.00220
Q6P161	0.00128
Q8IWT1	0.00113
A6NMX2	0.00057
A1A5B4	0.00157
Q3KNS1	0.00183
Q9H1V8	0.00026
Q96PX8	0.00071
Q9H3S4	0.00087
A6NE82	0.01026
H3BU77	0.00086
Q8NG35	0.00041
A6NNB3	0.00041
Q8N100	0.00078
Q8NA77	0.00126
Q8NGH7	0.00035
Q86WA9	0.12570
Q8N127	0.00109
Q8TC94	0.00304
A6NKK0	0.00053
Q86SH2	0.00314
O14581	0.00102
Q63HM9	0.00171
Q6ZSC3	0.00120
P0CG24	0.00493
Q6P988	0.00076
Q8IUH8	0.00079
Q8IW03	0.00063
Q8N7G0	0.00127
Q96B18	0.00142
Q5TBE3	0.50094
Q96DL1	0.00084
Q8NFT8	0.00190
Q6UWE3	0.00052
Q4G0G5	0.00052
P0C7M6	0.00052
O15467	0.00042
Q5TZ20	0.00065
A6ND48	0.00043
A8MVS5	0.00079
Q68EN5	0.00049
P01906	0.00017
H3BRN8	0.00422
P02818	0.00111
Q8TD33	0.00062
Q4G0N7	0.00897
A6XGL0	0.00474
Q6ZN32	0.00070
Q6IEY1	0.00109
Q9BXN1	0.00190
Q15465	0.00061
P57053	0.01247
Q6ZTA4	0.00209
O94759	0.00144
Q9NRA0	0.00171
P35225	0.00175
Q6ZVX9	0.00058
Q5JXB2	0.00053
P19961	0.00080
Q9UNZ5	0.00071
Q9BTM1	0.00178
P32418	0.00182
Q5VWW1	0.00024
Q8N5G0	0.00052
Q8N4K4	0.00054
O43246	0.00054
Q9HCE3	0.00058
Q6NV74	0.00079
Q6ZN28	0.00086
Q9Y256	0.00078
Q8TBP6	0.00165
Q96PM9	0.00125
Q7Z6I6	0.00180
Q13639	0.00041
O75264	0.00047
Q6UXD1	0.00023
Q9NP59	0.00066
Q86VL8	0.00023
Q9NPD5	0.00199
Q14324	0.00146
Q13203	0.00194
P12111	0.00055
Q9P2N4	0.00074
Q2M3W8	0.00195
A0AUZ9	0.00270
Q96A32	0.00108
Q9BYS8	0.00081
Q8N2I2	0.00381
Q6ZN11	0.00229
Q17RN3	0.00092
Q6ZMZ3	0.00171
Q15198	0.00085
Q14093	0.00119
Q9HB15	0.00233
O43812	0.00226
Q96MC6	0.00050
O15218	0.00096
Q07699	0.00091
Q9HCE9	0.00035
Q6ZWT7	0.00044
Q9H841	0.00044
P14410	0.00219
Q5T442	0.00237
Q16653	0.00048
P57057	0.00038
Q6ZST4	0.00214
P46663	0.00046
Q86TL2	0.00075
P51685	0.00039
P51686	0.00073
Q9BUM1	0.00120
Q8WUG5	0.00218
P48751	0.00120
Q9BQ49	0.00050
P47898	0.00070
Q9Y5R2	0.00115
Q6NT16	0.00049
Q96CH1	0.00279
Q5BKX6	0.00114
Q7Z5A7	0.00042
Q13304	0.00129
P35367	0.00054
P27539	0.00021
Q8N3A8	0.00167
Q9UJQ1	0.00285
Q9NQE7	0.00065
O75129	0.00073
Q6W5P4	0.00104
P30559	0.00136
Q8NBV4	0.00041
Q14714	0.00150
Q96RJ0	0.00043
Q8WZ64	0.00144
Q3KRB8	0.00118
Q9P2F6	0.00123
Q92502	0.00113
P17025	0.00180
Q16549	0.00144
O95838	0.00276
Q8WU66	0.00332
Q9BXR5	0.00094
Q7RTU9	0.00332
Q96RQ9	0.00156
P0DP58	0.00302
Q8N699	0.00137
Q8N7J2	0.00126
Q6U841	0.00061
Q9HCE6	0.00064
Q9NP80	0.00056
O75570	0.00185
P22362	0.00027
Q9Y4X3	0.00026
P10720	0.00053
O00175	0.00112
Q6UXB2	0.00022
Q16663	0.00019
P19876	0.00049
Q8N0X4	0.00087
Q8WXF7	0.00080
P51160	0.00109
Q969E4	0.00075
P17787	0.00047
O43155	0.00034
Q6UXZ4	0.00029
O14525	0.00202
Q8NEE8	0.00236
A6NM11	0.00303
A6NDK9	0.00303
Q96MC2	1.00092
Q9H1X3	0.00173
Q9ULE4	0.00394
Q86WI1	0.00079
Q9UEE5	0.00061
Q92485	0.00072
Q32P41	0.00072
Q8TEA1	0.00277
O75204	0.00095
Q8TF44	0.00061
Q587I9	0.00212
Q8IWE5	0.00046
Q13342	0.00142
Q9UNQ0	0.00085
Q6UXN8	0.00137
Q96QS3	0.00135
Q8N594	0.00100
O95965	0.00217
P63302	0.00114
O60829	0.00066
Q8NEG4	0.00191
Q5XXA6	0.00168
Q6ZV70	0.00078
Q5TIA1	0.00061
Q71H61	0.00155
O15041	0.00638
Q9NUS5	0.00073
Q5TGI0	0.00114
Q8NHC4	0.00036
Q1HG44	0.00042
P60673	0.00176
A6NP61	0.00202
Q96PL2	0.00038
Q969E3	0.00223
Q717R9	0.00077
Q6NVV3	0.02046
Q8WWF1	0.00048
O75838	0.00115
Q8TDI8	0.00289
Q2LD37	0.00118
Q0VAF6	0.00229
Q96PS1	0.00071
P21462	0.00126
Q8TE69	0.00282
Q5EBN2	0.00058
Q9UK00	0.00115
Q5XLA6	0.00060
Q8IY45	0.00227
Q8IZD6	0.00042
P40197	0.00053
Q9H1U4	0.00053
Q8NH76	0.00025
O43511	0.00159
A6H8M9	0.00096
Q9H772	0.00058
Q9Y5G7	0.00049
Q8N4C9	0.07304
Q8TDG2	0.00073
Q5W041	0.00066
Q8N141	0.00110
Q8IV16	0.00073
Q9NRM0	0.00253
P51161	0.00039
A6NDY0	0.00073
P59282	0.00048
Q9GZT5	0.00091
O60403	0.00059
Q14641	0.00044
Q86VH5	0.00056
P23743	0.00091
Q8WTR8	0.00073
Q9NX57	0.00129
Q86WD7	0.00034
Q32M45	0.00134
Q8NGS8	0.00622
P55000	0.00055
O43692	0.00142
Q8IV77	0.00228
Q9H999	0.00945
Q99788	0.00087
Q8N972	0.00058
Q9HBA9	0.00129
Q12918	0.00039
Q6W3E5	0.00079
Q5VWT5	0.00054
Q6ZNG2	0.00260
Q4UJ75	0.00220
Q8IZA3	0.00170
O95263	0.00041
Q8N6Y2	0.00056
Q6UXQ4	0.00055
O75951	0.00033
P22531	0.00020
Q3SXZ3	0.00143
P0C5Y9	0.00054
Q8IVY1	0.00055
Q8TAY7	0.00131
P0C7V8	0.00204
Q5TBK1	0.00132
A6NC42	0.00057
P10997	0.00120
P62502	0.00033
A0PJE2	0.00154
Q8N5H3	0.00082
Q8NGE1	0.00016
Q8TB73	0.00052
Q9BXT6	0.00019
P23942	0.00115
Q8TET4	0.00062
A1L4L8	0.00151
Q2M3M2	0.00047
Q3SYC2	0.00123
P58417	0.00166
P34096	0.00052
Q68BL8	0.00300
Q9NPB0	0.00080
Q9NPZ5	0.00098
Q5TEA3	0.00487
Q6IMI4	0.00039
Q9Y5H0	0.00231
Q71RH2	0.00061
Q9BS92	0.00046
Q9UHF3	0.00037
Q7Z7K0	0.00301
Q9Y5E5	0.00036
Q96PD6	0.00082
B1AK53	0.00254
Q5JVG2	0.00080
Q9NS40	0.00059
Q6ZNJ1	0.00137
Q9Y5H3	0.00033
Q96SL1	0.00028
Q9H339	0.00055
A7E2U8	0.00079
A2AJT9	0.00172
Q5FWE3	0.00097
P35318	0.00104
Q9UKR8	0.00034
Q9Y5F8	0.00050
P08217	0.00061
P54107	0.00055
Q8IUH2	0.01727
Q5TYW2	0.00314
A4D2G3	0.00034
O43435	0.00081
A6NKQ9	0.00114
Q8NFQ6	0.00108
A6NE02	0.00954
Q99969	0.00047
Q9UIL4	0.00074
Q96QV1	0.00042
Q5SVQ8	0.00049
A1Z1Q3	0.00092
E5RJM6	0.00075
Q5T1V6	0.00048
Q5TD94	0.00042
Q9Y238	0.00072
Q9BYD9	0.00050
Q8N6V4	0.00874
Q6ZQN7	0.00066
Q9UGB7	0.00058
Q96SF2	0.00042
Q9NYV8	0.00042
Q9HAW9	0.00048
Q9UN66	0.00036
Q9Y5E1	0.00036
O60676	0.00053
Q7Z2G1	0.10115
Q32M92	0.00034
Q9Y5F9	0.00146
Q8NDA8	0.00230
Q9H9R9	0.00283
Q5VU57	0.00729
Q969E1	0.00045
O14603	0.00065
P38571	0.00044
Q9NYJ1	0.00032
Q6T311	0.00256
O00398	0.00055
Q9UKF5	0.00070
Q8N8R3	0.00090
O43869	0.00020
Q9UHD0	0.00269
P78414	0.00112
Q8TCG5	0.00057
Q96PG2	0.00061
Q8WWR9	0.00054
P05997	0.00073
A6NI73	0.00384
Q3MIP1	0.00023
Q8NGR1	0.00089
Q5SQ80	0.00220
Q9Y6Y1	0.00058
Q6JVE5	0.00096
Q7Z3T1	0.00110
Q9UI17	0.00074
Q8NCL8	0.00421
Q8NGS0	0.00159
Q8N9L9	0.00083
P59025	0.00016
Q2VIQ3	0.00163
Q5TAT6	0.00061
O43612	0.00026
O75636	0.00073
Q9UPC5	0.00036
Q96P56	0.00031
Q17R60	0.01208
Q8NET4	0.00040
Q13796	0.01741
Q9BYL1	0.00474
Q8N123	0.00128
Q8NGA1	0.00500
Q96MD7	0.00049
Q6T310	0.00094
Q96MT4	0.00066
Q6ZTR7	0.00220
Q9HC58	0.00044
O43766	0.00137
Q14767	0.00095
P53420	0.00053
Q6IF42	0.00101
Q6PFW1	0.00181
Q8NEX6	0.00128
Q8TDY3	0.00050
Q8N8G6	0.00021
Q8N1P7	0.00088
P0DJD8	0.00062
O43868	0.00103
Q5VZ03	0.00139
Q7Z7M8	0.00040
Q8IYJ1	0.00052
Q9UKP4	0.00040
Q6NUI2	0.00069
Q5JRK9	0.00055
O95025	0.00051
P59534	0.00084
O15528	0.00039
Q6IFN5	0.00293
Q7L513	0.00058
Q9BWW9	0.00104
P24310	0.00335
Q9BYE2	0.00277
Q8NFQ5	0.00096
Q9Y4A9	0.00086
Q9UQQ1	0.00202
Q1EHB4	0.00115
Q6NY19	0.00220
Q9H2C8	0.00038
Q96P44	0.00104
O95528	0.00105
Q8NGY5	0.00007
Q9UJA9	0.00159
Q86XR5	0.00118
Q92623	0.00236
O95222	0.00066
Q5SZJ8	0.00104
Q9UKY7	0.00103
Q92484	0.00062
Q9BY07	0.00076
Q9HBT7	0.00037
P10966	0.00071
A6NDE4	0.00016
Q8WU49	0.00039
Q6ZS86	0.00078
Q5H9U9	0.00257
O60486	0.00063
Q96GE5	0.00050
P59538	0.00033
Q9HAB8	0.00052
P26436	0.00098
Q6UE05	0.00132
Q5T9C9	0.00603
Q5TGP6	0.00077
P51793	0.00036
P17017	0.00050
Q8WUH6	0.00070
Q96LA6	0.00037
Q96G91	0.00342
Q9HCQ5	0.00060
Q8IYL9	0.00204
Q3SY17	0.00060
Q7Z5Y6	0.00071
Q7Z3D4	0.00191
Q8N823	0.00281
Q96PN6	0.00043
Q4ADV7	0.00100
Q9Y2G1	0.00601
O95780	0.00050
P51511	0.00026
Q9UQ10	0.00023
P59543	0.00061
Q14D04	0.00104
Q6NUS8	0.00047
Q8NCW0	0.00033
Q96EF9	0.00145
P47881	0.00068
P56179	0.00089
Q96CB5	0.00083
Q56UQ5	0.00036
Q96LW1	0.00050
Q8IXH8	0.00050
P15088	0.00084
O75954	0.00081
Q8NDG6	0.00117
P15144	0.00114
Q9Y5P1	0.00108
Q9H3Y8	0.00144
Q96BF3	0.00038
Q9BR09	0.00070
O15178	0.00148
P50219	0.00166
Q9H6I2	0.00085
O14638	0.00634
O60811	0.00141
Q9ULI0	0.00081
B1AJZ9	0.00102
O75417	0.00071
Q96NT5	0.00072
A8TX70	0.00066
Q96BZ4	0.00034
Q8N7P1	0.00170
Q6ZS72	0.00085
Q8WXJ9	0.00098
Q32NB8	0.00146
Q3KQV9	0.00080
Q9UEF7	0.00076
Q5MNV8	0.00097
A6QL63	0.00178
A6NLC5	0.00097
Q9ULX5	0.00081
Q8IV42	0.01009
Q13621	0.00072
Q8NFJ8	0.00074
Q6ZUT6	0.00076
Q5JQF8	0.00074
Q5VZ66	0.00171
P98168	0.00220
Q5JV73	0.00223
P78539	0.00060
Q3ZCT8	0.00075
Q8NDY3	0.00075
Q969I3	0.00075
Q7Z7J9	0.00202
Q9UNA0	0.00159
Q16676	0.00075
Q8IVF4	1.00266
P80511	0.00116
P15248	0.00505
Q9NYY1	0.00399
A6NGJ6	0.00057
P59044	0.00099
P01589	0.00063
Q9H694	0.00239
Q9NYQ8	0.00161
Q8TE73	1.00266
A4FU69	0.00233
Q7RTY7	0.00298
A6NGG8	0.00161
Q6PIF6	0.00073
Q2WGJ9	0.00118
P59045	0.00192
A6NE01	0.00161
Q86V86	0.00086
Q9BQI4	0.00073
Q9BRJ9	0.00110
P0C7U0	0.00170
Q494W8	0.00081
Q9GZS9	0.00124
P51801	0.00124
Q9NR90	0.00124
Q86SG3	0.00155
Q9P0G3	0.00124
Q96QE4	0.00124
Q4ZJI4	0.00079
Q6ZUL3	0.00124
O96002	0.00124
Q9BUB4	0.00124
Q8N690	0.00155
P08493	0.00124
Q8NGP6	0.00124
A6NKN8	0.00192
Q8TCW9	0.00058
Q8IU80	0.00109
Q13003	0.00054
Q9Y3D8	0.00080
Q6ZNA1	0.00172
Q8N9K5	0.00172
Q8WXB4	0.00173
Q96ND8	0.00172
B4DU55	0.00042
Q96MZ0	0.00062
Q8N7N1	0.00062
O75077	0.00253
O15016	0.00082
Q6V1P9	0.00113
O60284	0.00387
Q99705	0.00059
O15394	0.00132
Q9H479	0.00074
Q8IZU2	0.00053
Q8TDF5	0.00058
Q8N145	0.00061
Q3KRA9	0.00235
Q6UYE1	0.00383
Q6ZN19	0.00071
Q5K651	0.00168
Q9NSB2	0.00124
Q8IZN3	0.00044
P61366	0.00041
Q8N3H0	0.00033
Q8N109	0.00033
Q9BY79	0.00043
Q9P225	1.00246
Q8TD57	1.00132
Q99250	0.00187
P0DME0	0.00221
Q5QGS0	0.00031
Q6Q759	1.00068
Q8N4P6	0.00338
Q96J65	0.00145
Q9P2D7	1.00213
Q9BZA7	0.00130
A8MVX0	0.00196
Q96JB1	1.00137
Q6IS14	0.00267
Q8IYM0	0.00158
Q5T0N1	1.00200
Q9BR39	0.00223
Q14C87	0.00115
Q8N7Z5	0.00477
Q9NQW8	0.00058
P22897	0.00055
Q3MJ13	0.00077
Q7Z5J1	0.00099
Q5T0D9	0.00092
Q5XX13	0.00101
P0C7P3	0.00164
Q9NW81	0.00071
Q8N7C7	0.00085
B7ZW38	0.00110
Q8N309	0.00059
A6NEN9	0.00048
Q96EU6	0.00024
Q9P217	0.00557
O43361	0.00050
Q03938	0.00050
B4DX44	0.00064
Q9Y2K3	0.00263
A6NCK2	0.00107
Q5JU67	0.00557
Q7Z408	0.00173
O14842	0.00057
P0DJJ0	0.00142
O14626	0.00054
Q9H2Y9	0.00057
Q8NGA0	0.00081
Q8NHC7	0.00134
O76100	0.00049
P46093	0.00240
Q9Y2G9	0.00067
Q15858	0.00155
Q9H4D0	0.00068
Q06889	0.00068
Q9ULH4	0.00072
P0CK96	0.00068
Q99884	0.00068
F5H4B4	0.00048
A6NHN0	0.00070
Q8TBY8	0.00044
Q6ZUB1	0.00096
Q6PXP3	0.00114
P46721	0.00113
O94819	0.00110
Q5JUR7	0.00119
Q9BZM3	0.00259
C9JLR9	0.00084
Q96AM1	0.00104
Q8N6I4	0.00074
O75185	0.00151
P19099	0.00068
Q9BRQ5	0.00177
P29536	0.00253
Q6ZW05	0.00187
O95497	0.00187
Q9BW30	0.00299
Q2NL67	0.00187
P51689	0.00187
Q9NNX9	0.00187
Q9P0W0	0.00187
Q8N945	0.00187
Q15846	0.00187
Q6YBV0	0.00187
O75121	0.00077
Q96NR3	0.00208
Q8NGN4	0.00187
Q96EX2	0.00187
O95006	0.00187
Q9Y2C5	0.00187
A8MQB3	0.00112
Q8NEN0	1.00106
Q6VVX0	0.00187
O95866	0.00052
Q8NGX0	0.00187
Q6PEZ8	0.00187
Q96NK8	0.00175
Q9NS39	0.00187
O94911	0.00372
Q8IZ16	0.00187
Q07837	0.00117
Q9NZK5	0.00187
Q969M2	0.00112
Q8NH87	0.00187
P46091	0.00086
I3L1E1	0.00187
Q8N139	0.00187
Q9NPI0	0.00187
Q86W10	0.00187
Q96QS1	0.00187
P14207	0.00187
Q9H5U6	0.00118
Q5T089	0.00405
Q9Y5N5	0.00121
Q8IZ96	0.00187
P59533	0.00187
Q9Y5H1	0.00187
Q5JQC4	0.00187
Q9BTA0	0.00113
Q8N807	0.00187
P16519	0.00372
Q9NRR1	0.00187
P57730	0.00124
P15085	0.00187
P15421	0.00187
Q9BTX7	0.00187
Q9ULZ0	0.00187
P43166	0.00187
Q6ZNC8	0.00187
Q00889	0.00213
Q9BSN7	0.00187
Q7Z553	0.00043
Q96MC4	0.00435
Q2M3X9	0.00470
Q6ZSI9	0.00183
A0AVI2	0.00163
Q8NGE9	0.00356
Q7Z4L9	0.00139
Q9NR99	0.00158
Q96L96	0.00184
Q9C0D6	0.00151
Q15111	0.00060
A5D8W1	1.00674
Q8NGI9	0.00239
Q495T6	0.00519
A4D126	0.00152
Q6ZN92	0.00192
Q6ZR08	1.00056
Q6DN14	0.00072
Q9H341	0.00062
Q93098	0.00034
Q07092	0.00153
Q9ULD8	0.00202
P56715	0.00287
C9JE40	0.25292
A0FGR9	0.00240
H3BMG3	0.00236
Q8TE59	0.00401
O14960	0.00178
Q9H6B1	0.00044
Q9P255	0.00053
Q8N7S6	0.00552
Q9H4B0	0.00066
Q7Z745	0.00063
Q5KSL6	0.00351
Q96JG9	0.00273
Q5T742	0.00365
Q8TAV0	0.00290
Q9NP60	0.00144
Q96RW7	0.00064
Q68DD2	0.07791
Q8N7X0	0.00161
Q9UQC9	0.00623
A6NG13	0.00062
Q92954	0.00389
Q6UX68	0.00222
Q6ZQQ6	0.00117
Q6P9F0	0.00186
Q5RHP9	0.00057
Q76NI1	0.00054
Q6DHV5	0.00045
A8MTZ0	0.00842
Q7Z2Q7	0.00401
Q8TE57	0.00055
Q9BWV3	0.00071
A4D2H0	0.00059
Q502W7	0.00148
Q9BWV2	0.00082
Q9H720	0.00261
Q5H9M0	0.00479
Q3C1V8	0.00094
Q53GD3	0.00321
P51786	0.00050
Q8NGD1	0.00046
B3KS81	0.00202
Q8WYK1	0.00239
Q9Y236	0.00071
A8MTL0	0.00057
Q15878	0.00411
A6NCI8	0.00072
Q5GH73	0.00222
Q86U17	0.00056
A4D1F6	0.00504
A2RUS2	0.00286
Q3SY52	0.00232
O60522	0.00078
Q86XS5	0.00076
Q6IC83	0.00071
Q8IZS8	0.00049
P0CF75	0.00067
Q2M2D7	0.00261
Q6ZWK6	0.00056
P39880	0.00123
Q8IVG9	0.00040
P01834	0.00057
P01861	0.00032
P01857	0.00072
P01619	0.00086
P01709	0.00021
P0CG04	0.00015
P01772	0.00007
P28067	0.00049
O60290	0.00094
Q9C0I4	0.00116
O00453	0.00597
Q8NHW5	0.00137
P01860	0.00054
Q9H853	0.00075
Q8IZP2	0.00065
Q9BYX7	0.00070
P42771	0.00127
Q6H3X3	0.00015
Q9Y6C7	0.00078
O75346	0.00082
Q8NEV8	0.00195
Q5SWA1	0.00152
O15428	0.00069
O43261	0.00145
Q13765	0.00179
Q15486	0.00110
Q8N9L1	0.00081
Q14695	0.00150
A6NE52	0.00099
Q9UN81	0.00202
P42356	0.00114
Q5BIV9	0.00056
Q9C0J1	0.00043
Q69YU3	0.00033
Q8N159	0.00016
P20264	0.00054
Q8NEA9	0.00156
Q9UEU5	0.00078
Q9Y620	0.00135
Q96L14	0.00293
Q96IX9	0.00300
Q9UII6	0.00222
Q8NCU1	0.03597
A4QPH2	0.00050
P01876	0.00059
P15515	0.00030
P43628	0.00034
P04731	0.00071
P01871	0.00079
O15255	0.00104
Q70YC5	0.00416
P42167	0.00117
Q76LX8	0.00054
P01848	0.00047
P01850	0.00022
P01615	0.00152
Q7RTR2	0.00062
P0DV73	0.00031
P63092	0.00086
Q6P474	0.00058
P0DJH9	0.00720
Q5VYY2	0.00072
Q9Y3B8	0.00127
P13584	0.00079
Q96PZ7	0.00133
Q6UW78	0.00061
P01877	0.00108
Q9BZK3	0.00070
P01859	0.00070
F5H284	0.00048
Q96R67	0.00048
A8MYJ7	0.00053
Q9H3U5	0.00058
P30954	0.00061
Q96G61	0.00068
Q96LW2	0.00152
Q9Y4D8	0.00116
P48741	0.00183
O00254	0.00087
P01614	0.00068
P06727	0.00138
Q9HD43	0.00048
P32238	0.00135
P0DPB3	0.00113
O75751	0.00113
Q9NUR3	0.00132
P12018	0.00132
O60721	0.00083
Q9Y5H7	0.00221
Q9UBM4	0.00221
P51816	0.00084
Q05996	0.00065
O00294	0.00079
Q02846	0.00085
Q9BZJ6	0.00063
Q8IWN7	0.00311
Q92928	0.00059
Q92959	0.00059
Q15661	0.00053
P06881	0.00182
Q9P232	0.00042
Q9HB07	0.00104
Q08ET2	0.00039
Q9P0X4	0.00030
Q8TEP8	0.01809
Q8NF67	0.00060
Q8IWF7	0.00085
Q8TEU8	0.00043
P33763	0.00838
Q9H205	0.00104
P34982	0.00104
Q4V348	0.00105
Q9H496	0.00178
Q0WX57	0.00044
Q08E93	0.00112
Q9Y6M0	0.00057
O00241	0.00052
P78325	0.00078
P54792	0.00195
Q5T848	0.00046
Q96RV3	0.00047
Q8IYB9	0.00044
Q4VNC1	0.00053
Q6IPX3	0.00068
Q5TI25	0.00047
P86790	0.00186
Q9UND3	0.00063
Q8IVF6	0.00214
P58876	0.00144
A6NHQ2	0.00073
Q9BRJ2	0.00115
A8CG34	0.00084
P42694	0.00167
Q68DE3	0.00241
Q8IZP1	0.00144
Q14952	0.00025
Q9H665	0.00020
Q6UXB1	0.00010
Q6NXS1	0.01358
O43309	0.00270
P0DI82	0.00073
Q66K41	0.00149
Q8NE35	0.00070
O75564	0.00086
P19835	0.00028
Q6VEQ5	0.00052
Q8WZ33	0.00361
Q9H7T3	0.00064
Q15063	0.00073
P51582	0.00097
A8MTY0	0.00369
A4FU49	0.00052
P57078	0.01463
Q8IX30	0.00057
P58401	0.00078
P0DMN0	0.00061
Q8N3T6	0.00144
Q96LQ0	0.00138
Q5R3F8	0.00219
P57789	0.00219
Q8WYN3	0.00199
Q6GV28	0.00219
Q8NFR9	0.00023
Q9Y2W3	0.00219
Q9UJ55	0.00274
Q92753	0.00071
Q9P0M2	0.00517
Q7L0X0	0.00061
Q56P42	0.00078
Q8WXC3	0.00060
Q9NY57	0.00135
Q8NER5	0.00135
Q5JWF2	0.00073
O75339	0.00048
Q8IZS5	0.00222
A8MYZ6	0.00042
Q9P2N2	0.00084
A6NDS4	0.00515
Q2M3V2	0.00122
Q5TDP6	0.00059
Q9P1Z9	0.00095
P16112	0.00100
Q8N944	0.00248
O60687	0.00036
O96033	0.01134
P08519	0.00125
Q8N812	0.00185
Q149M9	0.00457
Q8N7A1	0.00485
Q8NA23	0.00431
Q9H511	0.00313
Q9H5Y7	0.00192
Q8TF62	0.00032
Q86UK0	0.00057
Q9HAT1	0.00433
Q9H2X8	0.00060
Q9HCU0	0.00158
P39059	0.00060
Q16473	0.00060
Q96PQ0	0.00069
A1L3X4	0.00090
P60370	0.00088
W5XKT8	0.00107
E9PJI5	0.00089
G2XKQ0	0.00145
P0DX52	0.00224
Q0D2H9	0.00195
P86479	0.00128
P09565	0.00100
P0CL82	0.00078
P0CW20	0.00137
P60372	0.00066
P19013	0.00316
P0C7H8	0.00054
Q06250	0.00187
Q16609	0.00255
Q3SYA9	0.00165
Q5BKY6	0.00086
Q5JUK9	0.00131
Q5T3I0	0.00103
Q5T6M2	0.00052
Q5W150	0.00264
Q6NSI1	0.00310
Q6P4F2	0.00219
Q8IX06	0.00111
Q86T23	0.00351
Q8N0U6	0.00171
Q8N7Y1	0.00065
Q8N8I6	0.00071
Q96FQ7	0.00285
Q96HZ7	0.00134
Q9BWJ2	0.00461
Q9BYR0	0.00087
Q9H963	0.00282
Q9Y4M8	0.00071
Q9Y6Z4	0.00037
O15195	0.00054
Q9Y694	0.00103
Q8N769	0.00044
B3EWF7	0.00166
Q58FF8	0.00102
Q58FF7	0.00077
Q58FG0	0.00110
Q8NBI3	0.00010
O00634	0.00005
P60827	0.00039
Q96IS3	0.00304
Q9NYX4	0.00150
O95264	0.00314
Q5JU00	1.00273
Q8N423	0.00166
Q6RFH8	0.00164
Q8N816	0.00056
P0C7X1	0.00217
Q9BR11	0.00097
Q9NYB5	0.00353
A6NIM6	0.00351
Q6UXZ0	0.00118
Q9BY21	0.00060
Q86SQ6	0.00114
Q6UXT8	0.00062
Q6UX46	0.00069
P08F94	0.00038
Q9NR61	0.00076
Q0IIM8	0.00701
Q9NRM1	0.00098
Q96MK3	0.00058
Q3LI67	0.00123
P0DPK4	0.00080
Q96JP2	0.00212
P86480	0.00185
Q5HYW2	0.00193
A6NER0	0.00368
P0CI01	0.00273
P0DMU9	0.00536
Q6UXS0	0.00420
P0DN84	0.00077
Q69YW2	0.00035
Q8IZS6	0.00060
Q587J8	0.00080
Q9HDD0	0.07395
Q15695	0.00198
Q4VC39	0.00054
Q04118	0.00330
Q6DHY5	0.00152
Q5SY68	0.00125
Q9H1A7	0.00213
O15529	0.00032
B3EWG3	0.00079
O14990	0.00128
P0DPH9	0.00076
B7U540	0.00113
Q8N743	0.00310
A0A0U1RQF7	0.00107
Q96PG8	0.00078
A0A1B0GUV7	0.00200
Q69YL0	0.00453
A6NGK3	0.00097
P0CW01	0.00272
E9PI22	0.00454
P04000	0.00149
P0DP42	0.00113
Q9NRD9	0.00169
Q9NRD8	0.00065
Q9H2W2	0.00074
P43632	0.00042
Q59GN2	0.00101
O75022	0.00144
P59901	0.00025
Q8NBB2	0.00092
O43653	0.00036
P0DP57	0.00040
P78415	0.00069
A0M8Q6	0.00089
A2A3N6	0.00184
P0DPA2	0.00194
Q58FF6	0.00110
C4AMC7	0.00149
Q9NQA3	0.00220
Q58FG1	0.00095
P53794	0.00086
P0CG08	0.00068
A8MXJ8	0.00256
D6RGX4	0.00256
P01893	0.00055
A8K2U0	0.00096
Q8N8J0	0.00057
P0CB38	0.00089
Q5TEC6	0.00054
A8MUH7	0.00072
P0DTL6	0.00066
P0DOY2	0.00055
P0DN37	0.00108
Q9H6K5	0.00106
O60809	0.00043
Q6ZTU2	0.00086
Q96NU0	0.00036
A8MWD9	0.00096
P0CG29	0.01135
P0CJ79	0.00166
Q8NHP1	0.00043
Q7RTT6	0.00299
O60810	0.00000
Q5TYX0	0.00000
P98088	0.00025
Q8N1V8	0.00037
Q6NT52	0.00079
Q14953	0.00029
O95397	0.00020
Q5NE16	0.00073
P0C860	0.00482
P17538	0.00367
Q6GPI1	0.00183
Q5T0J3	0.00056
P0DTE5	0.00024
P23510	0.00165
Q96MU8	0.00061
O95185	0.00161
Q8NFR3	0.00025
Q9NUV7	0.00024
D3W0D1	0.00010
Q2I0M4	0.00027
Q8NHV1	0.00049
Q5VTE0	0.00076
Q8IZU9	0.00051
Q99527	0.00078
Q2VIR3	0.00067
A6NEC2	0.00065
Q6ZNX1	0.00136
P0DOX8	0.00028
Q5VTU8	0.00046
P01593	0.00163
P01602	0.00128
P0DMV9	0.00131
Q5GH76	0.00080
Q9NQ90	0.00094
A6NJW4	0.00094
P0DKB5	0.00094
Q8NBL3	0.00115
Q30KQ4	0.00094
A0A087WXM9	0.00217
A6NMY6	0.00065
O43908	0.00237
Q8IZD0	0.00068
Q1RN00	0.00506
Q14409	0.00094
Q9H6N6	0.00062
Q58FF3	0.00138
A6NMZ7	0.00059
Q5U4N7	0.00058
Q8TCC7	0.00068
Q9NSA2	0.00063
A4D263	0.00040
Q8TE56	0.00033
Q8NH61	0.00325
P0CG42	0.00470
Q9WJR5	0.00053
Q9BXT2	0.00134
A6NCM1	0.00177
Q8N814	0.00065
A8MU46	0.00072
Q6P2D8	0.00225
A6NNW6	0.00139
Q9UFE4	1.00351
Q9UKP5	0.00058
Q8WUR7	0.00073
Q9H4Q3	0.00062
Q8NH79	0.00071
B7ZC32	0.00049
Q9P1P4	0.00174
P0C7P4	0.00250
Q15619	0.00056
Q8NGC5	0.00134
Q8NFZ6	0.00043
Q6ZRR7	0.00134
Q13018	0.00070
Q6ZS81	0.00542
Q9HAA7	0.00054
A6NIV6	0.00085
Q96I76	0.00096
Q6TFL3	0.00118
P0DM35	0.00027
A8MV57	0.00042
Q12870	0.00096
O95932	0.00048
Q8N9W4	0.00258
Q8IXE1	0.00051
A6NLI5	0.00100
Q9Y471	0.00037
Q6S8J7	0.00042
Q9BZ68	0.00082
Q64ET8	0.00066
A6NNM8	0.00107
Q9NR00	0.00062
Q5T1J5	0.00058
Q8NB66	0.00205
Q9NQV7	0.00062
Q9NRC6	0.00058
Q96PP9	0.00056
Q6ZMV7	0.00274
Q587J7	0.00038
Q8NDY8	0.00288
A6NKH3	0.00325
Q8N3J6	0.00065
Q5CZC0	1.00048
Q05BU3	0.00056
Q6UXH9	0.00043
O00370	0.00176
O95013	0.00037
Q8NAQ8	0.00071
Q7LDI9	0.00039
A6PVY3	0.00051
A6NCS4	0.00044
A6NGE7	0.00038
Q8IVJ8	0.00234
A0A096LP55	0.00209
Q7Z7L9	0.00104
O60524	0.00107
Q05C16	0.00190
Q5W0A0	0.00389
Q86WZ0	0.00056
P0CB48	0.00213
A6NES4	0.00053
Q9HB55	0.01193
Q7Z3B0	0.00095
Q8NCT3	0.00043
Q7RTU5	0.00283
H7BZ55	0.00261
Q9H3R1	0.00094
Q6DN03	0.00147
O43895	0.00306
P57679	0.00052
Q96DM1	0.00506
Q2M2H8	0.00055
P0DN26	0.00311
Q9NX77	0.00411
Q6P2S7	0.00398
Q8NA47	0.00236
Q8NEL0	0.00261
A6NEE1	0.00261
Q8WWQ2	0.00401
Q8NGC6	0.00506
P35663	0.00964
Q08477	0.00058
Q9BZ81	0.00041
A6NNH2	0.00139
Q9BQI7	0.00168
Q5JQF7	0.00470
A4D1E1	0.00109
Q96N23	1.00054
C9J3I9	0.00062
Q9BXB7	0.00356
P78363	0.00266
Q6ZP01	0.00094
Q8NDH2	0.00201
O14529	0.00168
I1YAP6	0.00072
C9JQI7	1.00079
M0R2J8	0.00109
A6NCI4	0.00163
A6NDX5	0.00052
Q9NZ38	0.00222
Q6ZQV5	0.00042
Q8N2B8	0.00433
P61129	0.00261
Q9UL12	0.00094
Q5VZ46	0.00401
Q8NH54	0.00261
Q96MR6	0.00075
Q8NH01	0.00401
Q5TIE3	0.00411
Q8NBS3	0.00470
Q8NGZ0	0.00062
P60008	0.00066
Q8N999	0.00129
A8MWX3	0.00164
Q2TV78	0.00063
B4DS77	0.00398
Q86TB3	0.00106
C9JN71	0.00401
Q8IZF6	0.00401
O60423	0.00398
P17032	0.00261
Q8NA66	0.00065
A6NKP2	0.00278
A6NN73	0.00143
Q6P3V2	0.00323
P0DN80	0.00119
O15403	0.00188
A6NLU5	0.00046
Q8NH48	0.00064
Q6ZV60	0.00068
Q86UP6	0.00356
Q7RTT3	0.00062
Q9Y2Q1	0.00061
Q8IZJ3	0.00310
O75343	0.00251
P0C7N1	0.00070
Q8N535	0.00012
Q9UFH2	1.00402
Q8NBZ9	0.00236
Q68D20	0.00048
Q4G0N0	0.00060
A8MTT3	0.00163
Q4G0G2	0.00053
Q9NT68	0.00291
Q5SRD1	0.00118
Q6ZN84	0.00022
Q6PKH6	0.00172
Q9BSK1	0.00071
Q495M3	0.00049
C9J798	0.00049
Q9UJC5	0.00049
Q12836	0.00072
P60852	0.00028
P37288	0.00034
O00358	0.00134
P0DP91	0.00078
Q9H2H0	0.00078
B4DH59	0.00078
E9PRG8	0.00107
P56975	0.00556
Q6IQ19	0.00556
Q96L42	0.00156
Q8NEK5	0.00577
A5PLN7	0.00070
Q9HBT6	0.00156
Q8N8J6	0.00120
Q6ZMI3	0.00211
Q86TE4	0.00084
Q86UE3	0.00269
Q5HYM0	0.00156
Q6ZRC1	0.00598
A8MQT2	0.00156
Q9P1J3	0.00120
P52740	0.00269
O15050	0.00556
Q5H8C1	0.00052
Q8NA31	0.00069
P01599	0.00124
P04433	0.00124
P80748	0.00094
P01714	0.00124
P01703	0.00124
A6NCN2	0.00124
P0C7Q2	0.00201
Q9BQN1	0.00321
Q2M2I3	0.00291
Q9HBQ8	0.00141
Q5T2L2	0.00264
P0DMV0	0.00371
Q6A1A2	0.00061
Q5JNZ5	0.00070
Q5RIA9	0.00040
P14679	0.00016
P29377	0.01484
P17927	0.00044
Q7LBE3	0.00124
P49788	0.00048
A0A075B6R9	0.00092
P48066	0.00034
Q658K8	0.00145
Q8N0U2	0.00111
Q9H347	0.00141
Q8N323	0.00180
Q9H2C1	0.00170
Q9NUD9	0.00053
Q9GZL8	0.00077
Q96NS8	0.00232
O43614	0.00041
Q13072	0.00160
Q9UJ42	0.00074
Q96I82	0.00465
Q8N1Y9	0.00186
P29017	0.00072
O95150	0.00104
P15086	0.00172
Q8IU99	0.00172
Q0VG73	0.00107
Q3ZCN5	0.00107
Q1W4C9	0.00107
Q96M34	0.00107
Q9NQ40	0.00205
Q8N1I8	0.00150
A6NGH7	0.00114
O94823	0.00034
Q9P241	0.00034
Q5IJ48	0.00112
Q6ZNK6	0.00157
L0R8F8	0.00048
Q96RP3	0.00035
A0A0B4J2F0	0.00037
Q9Y5S1	0.00092
Q8N7U6	0.00356
O75373	0.00060
Q63ZY6	0.00050
P31391	0.00041
A0A0U1RRE5	0.00146
P04430	0.00072
P01594	0.00072
Q6PRD1	0.00056
A0A024RBG1	0.00097
Q9P1A2	0.00130
Q8NE65	0.00173
P0C7A2	0.00130
O95467	0.00054
Q96TA0	0.00036
P01880	0.00107
Q3KNT7	0.00058
B7ZAP0	0.00119
P01721	0.00096
Q1A5X7	0.00453
P0DPB5	0.00063
Q9H825	0.00065
P47884	0.00029
A0A8I5KQE6	0.00051
P0CL83	0.00063
P0DP07	0.00049
P36268	0.00013
Q8NGC3	0.00085
Q9NPR2	0.00041
Q8WZ04	0.00068
Q6NVV1	0.00069
A8MQ11	0.00039
Q96BT1	0.00128
Q6UXV0	0.00057
A0A455ZAR2	0.00067
Q9Y6R9	0.14005
B1AL88	0.00220
Q8N2C7	0.00220
Q6ZS11	0.00062
Q6ZU69	0.00221
A8K5M9	0.00061
Q86YD5	0.00061
Q9Y5Y9	0.00061
Q3B7T3	0.00060
Q8IW70	0.00116
Q9UPX0	0.00044
P0CJ85	0.00225
P0CJ86	0.00225
P0CJ87	0.00225
P0CJ88	0.00225
P0CJ89	0.00225
P0CJ90	0.00225
G9CGD6	0.00161
Q8NB59	0.00161
A6NC57	0.00065
Q0VD83	0.00065
Q6ZRV3	0.00065
P59047	0.00042
Q8NCQ2	0.00124
O15522	0.00077
Q6UWM7	0.00146
O15327	0.00074
Q9NYJ7	0.00050
P18627	0.00070
O00270	0.00080
Q6ZSR9	0.00124
Q9HC21	0.00124
P59020	0.00157
Q3MIS6	0.00079
Q9UP79	0.00079
Q9Y2J8	0.00731
Q5H9R4	0.00125
Q96KX0	0.00089
A6NJY4	0.00038
Q5SQS7	0.00069
A6NFA1	0.00085
Q9ULL0	0.00187
Q96RP8	0.00115
C0HM83	0.00213
Q14028	0.00065
O60449	0.00065
Q8TDU6	0.00044
Q9H1C0	0.00048
Q9HAS3	0.00087
Q5T601	0.00062
P0DKB6	0.00915
Q9Y5E8	0.00279
P56373	0.00279
A6NGN9	0.00062
P59646	0.00062
Q1HG43	0.00085
A0A096LP01	0.00069
Q7Z4M0	0.00078
Q96IU2	0.00025
Q8TC26	0.00033
Q9GZN0	0.00048
C0HLS1	0.00089
Q9NYP8	0.50045
P35503	0.00014
Q01118	0.00027
P0DP24	0.00077
P0DP25	0.00096
P16499	0.00051
A6NNN8	0.00077
O43861	0.01175
C0HMD6	0.00054
P0DOX7	0.00124
O43866	0.00063
P01700	0.00063
Q9Y646	0.00049
Q9Y4C0	0.00107
Q8NET8	0.00111
Q5GH72	0.00113
Q5JUK3	0.00116
Q5JPB2	0.00114
A6PVI3	0.00113
A2A3L6	0.00115
Q68D42	0.00114
Q5VTJ3	0.00115
Q15617	0.00115
Q9H195	0.00114
Q02505	0.00113
Q8WXS5	0.00114
A0A1B0GV85	0.00117
Q5T6X5	0.00112
Q9ULL8	0.00623
Q8NGC4	0.00115
H3BS89	0.00114
A6NER3	0.00114
P46095	0.00110
P17213	0.00008
Q96A28	0.00016
B6A8C7	0.00025
Q96NI6	0.00069
O95727	0.00106
Q6ZMC9	0.00042
Q9BZZ2	0.00045
O75871	0.00037
A6NFU0	0.00015
Q6P7N7	0.00015
Q8WX77	0.00037
Q13046	0.00089
Q8N149	0.00034
Q7Z692	0.00018
Q8IYS5	0.00021
Q8IVU1	0.00047
Q9P2V4	0.00034
A6NDA9	0.00055
A0A0C5B5G6	0.00056
Q8NHR9	0.00187
P59539	0.00187
Q7Z410	0.00187
P47901	0.00036
Q96RI0	0.00036
Q5NUL3	0.00036
P25089	0.00036
O60755	0.00036
Q15760	0.00036
Q9NS67	0.00036
Q9BZJ7	0.00036
Q15743	0.00036
Q9H3N8	0.00036
P28221	0.00036
Q969V1	0.00036
Q8TDS7	0.00036
Q86SM8	0.00036
Q86SM5	0.00036
Q96LB1	0.00036
Q96LA9	0.00036
P50391	0.00036
Q96P68	0.00036
Q969N4	0.00036
O00574	0.00036
Q9BXC1	0.00036
O75388	0.00036
Q8TDS4	0.00036
P49019	0.00036
P25021	0.00039
P30939	0.00039
Q8WVI0	0.00075
